# Resource object code (Python 3)
# Created by: object code
# Created by: The Resource Compiler for Qt version 6.9.0
# WARNING! All changes made in this file will be lost!

from PySide6 import QtCore

qt_resource_data = b"\
\x00\x01eD\
\x00\
\x01\x00\x00\x00\x11\x01\x00\x00\x04\x00\x10GDEF2\
\xff3\xc5\x00\x01 \xb0\x00\x00\x00\xe6GPOS\x8e\
\xce\x8d\xe4\x00\x01!\x98\x00\x006\xd2GSUB\x83\
&\x1cA\x00\x01Xl\x00\x00\x0c\xd6OS/2i\
\xe3\xa2M\x00\x00\xedp\x00\x00\x00`cmap0\
jKB\x00\x00\xed\xd0\x00\x00\x08\x0ccvt :\
\x1a\x04\xb9\x00\x01\x03\x98\x00\x00\x00\x98fpgmv\
d\x7fz\x00\x00\xf5\xdc\x00\x00\x0d\x16gasp\x00\
\x00\x00\x10\x00\x01 \xa8\x00\x00\x00\x08glyf\x0b\
W\xf3\x94\x00\x00\x01\x1c\x00\x00\xd9\xbahead\x0b\
\x81\xe2i\x00\x00\xe1\x0c\x00\x00\x006hhea\x07\
\xaa\x062\x00\x00\xedL\x00\x00\x00$hmtx\x16\
9X\xb9\x00\x00\xe1D\x00\x00\x0c\x06loca\x08\
l?^\x00\x00\xda\xf8\x00\x00\x06\x14maxp\x04\
Z\x0d\xed\x00\x00\xda\xd8\x00\x00\x00 nameQ\
\x9eyv\x00\x01\x040\x00\x00\x03\x86postd\
\x88\xa3\xa8\x00\x01\x07\xb8\x00\x00\x18\xedprep9\
6No\x00\x01\x02\xf4\x00\x00\x00\xa3\x00\x0a\x00R\xff\
L\x01k\x02\xc1\x00\x03\x00\x0f\x00\x15\x00\x19\x00#\x00\
)\x005\x009\x00=\x00H\x00\x19@\x16C>;\
:864*($ \x1a\x17\x16\x12\x10\x0a\x04\x01\
\x00\x0a0+\x01\x11!\x11\x17#\x153\x15#\x153\
5#53\x07#\x1535#'\x15#5\x17#\
\x153\x15#\x15353\x15#\x15#\x153\x15#\
\x15353\x15#5#\x153\x15#\x153'\x15\
#5\x17#\x153\x07\x1535#73\x01k\xfe\
\xe7\xd5\x929:\x93;;;X\x93;\x1e\x1dv\x93\
::X;\x1dv\x93Y\x1e\x1eY\x1d\x93\x93\x93\x1d\
Yv\x93>>\x93[>\x1d\x02\xc1\xfc\x8b\x03u;\
\x1d!\x1d\x1d!U\x5c\x1e\x1f\x1f\x1fU\x1e \x1e>\
\x17;\x1e\x132\x14)Gd6dG))[\x1d\
*\x1d\x1d*\x00\x00\x02\x00\x12\x00\x00\x02\xc5\x02\xc1\x00\
\x07\x00\x0a\x00,@)\x0a\x01\x04\x02\x01J\x00\x04\x00\
\x00\x01\x04\x00f\x00\x02\x02\x14K\x05\x03\x02\x01\x01\x15\
\x01L\x00\x00\x09\x08\x00\x07\x00\x07\x11\x11\x11\x06\x07\x17\
+!'!\x07#\x013\x01%!\x03\x02rN\xfe\
\x90NT\x016G\x016\xfe\x0c\x016\x9b\xb5\xb5\x02\
\xc1\xfd?\xf9\x01i\x00\xff\xff\x00\x12\x00\x00\x02\xc5\x03\
\x95\x00\x22\x00\x04\x00\x00\x00\x03\x02\xd5\x02\x02\x00\x00\xff\
\xff\x00\x12\x00\x00\x02\xc5\x03\x89\x00\x22\x00\x04\x00\x00\x00\
\x03\x02\xd9\x02\x02\x00\x00\xff\xff\x00\x12\x00\x00\x02\xc5\x03\
\xf1\x00\x22\x00\x04\x00\x00\x00\x03\x03\x01\x02\x02\x00\x00\xff\
\xff\x00\x12\xffJ\x02\xc5\x03\x89\x00\x22\x00\x04\x00\x00\x00\
#\x02\xca\x02\x02\x00\x00\x00\x03\x02\xd9\x02\x02\x00\x00\xff\
\xff\x00\x12\x00\x00\x02\xc5\x03\xf1\x00\x22\x00\x04\x00\x00\x00\
\x03\x03\x02\x02\x02\x00\x00\xff\xff\x00\x12\x00\x00\x02\xc5\x03\
\xf7\x00\x22\x00\x04\x00\x00\x00\x03\x03\x03\x02\x02\x00\x00\xff\
\xff\x00\x12\x00\x00\x02\xc5\x03\xf9\x00\x22\x00\x04\x00\x00\x00\
\x03\x03\x04\x02\x02\x00\x00\xff\xff\x00\x12\x00\x00\x02\xc5\x03\
\x95\x00\x22\x00\x04\x00\x00\x00\x03\x02\xd7\x02\x02\x00\x00\xff\
\xff\x00\x12\x00\x00\x02\xc5\x03\xf1\x00\x22\x00\x04\x00\x00\x00\
\x03\x03\x05\x02\x02\x00\x00\xff\xff\x00\x12\xffJ\x02\xc5\x03\
\x95\x00\x22\x00\x04\x00\x00\x00#\x02\xca\x02\x02\x00\x00\x00\
\x03\x02\xd7\x02\x02\x00\x00\xff\xff\x00\x12\x00\x00\x02\xc5\x03\
\xf1\x00\x22\x00\x04\x00\x00\x00\x03\x03\x06\x02\x02\x00\x00\xff\
\xff\x00\x12\x00\x00\x02\xc5\x03\xf7\x00\x22\x00\x04\x00\x00\x00\
\x03\x03\x07\x02\x02\x00\x00\xff\xff\x00\x12\x00\x00\x02\xc5\x04\
\x03\x00\x22\x00\x04\x00\x00\x00\x03\x03\x08\x02\x02\x00\x00\xff\
\xff\x00\x12\x00\x00\x02\xc5\x03\x95\x00\x22\x00\x04\x00\x00\x00\
\x03\x02\xde\x02\x02\x00\x00\xff\xff\x00\x12\x00\x00\x02\xc5\x03\
u\x00\x22\x00\x04\x00\x00\x00\x03\x02\xd2\x02\x02\x00\x00\xff\
\xff\x00\x12\xffJ\x02\xc5\x02\xc1\x00\x22\x00\x04\x00\x00\x00\
\x03\x02\xca\x02\x02\x00\x00\xff\xff\x00\x12\x00\x00\x02\xc5\x03\
\x95\x00\x22\x00\x04\x00\x00\x00\x03\x02\xd4\x02\x02\x00\x00\xff\
\xff\x00\x12\x00\x00\x02\xc5\x03\x99\x00\x22\x00\x04\x00\x00\x00\
\x03\x02\xdd\x02\x02\x00\x00\xff\xff\x00\x12\x00\x00\x02\xc5\x03\
\x8a\x00\x22\x00\x04\x00\x00\x00\x03\x02\xdf\x02\x02\x00\x00\xff\
\xff\x00\x12\x00\x00\x02\xc5\x03h\x00\x22\x00\x04\x00\x00\x00\
\x03\x02\xdc\x02\x02\x00\x00\x00\x02\x00\x12\xff?\x02\xe7\x02\
\xc1\x00\x18\x00\x1b\x009@6\x1b\x01\x06\x03\x08\x01\x02\
\x01\x18\x01\x05\x02\x03J\x00\x06\x00\x01\x02\x06\x01f\x00\
\x03\x03\x14K\x04\x01\x02\x02\x15K\x00\x05\x05\x00_\x00\
\x00\x00!\x00L\x12$!\x11\x11\x16!\x07\x07\x1b+\
\x05\x06#\x22&5467'!\x07#\x013\x01\
#\x22\x06\x15\x14\x16327\x01!\x03\x02\xe7'/\
4A'$C\xfe\x90NT\x016G\x016\x13*\
-#\x1f\x1a\x1f\xfd\xfb\x016\x9b\xaa\x17;.$;\
\x12\x9c\xb5\x02\xc1\xfd?,!\x1e!\x11\x01t\x01i\
\x00\x00\x03\x00\x12\x00\x00\x02\xc5\x03h\x00\x12\x00\x1e\x00\
!\x00d\xb7!\x10\x04\x03\x06\x04\x01JK\xb01P\
X@\x1d\x00\x02\x07\x01\x05\x04\x02\x05g\x00\x06\x00\x00\
\x01\x06\x00f\x00\x04\x04\x1cK\x03\x01\x01\x01\x15\x01L\
\x1b@ \x00\x04\x05\x06\x05\x04\x06~\x00\x02\x07\x01\x05\
\x04\x02\x05g\x00\x06\x00\x00\x01\x06\x00f\x03\x01\x01\x01\
\x15\x01LY@\x10\x13\x13 \x1f\x13\x1e\x13\x1d%\x16\
&\x11\x10\x08\x07\x19+%!\x07#\x01&&54\
632\x16\x15\x14\x06\x07\x01#\x00\x06\x15\x14\x163\
2654&#\x03!\x03\x02$\xfe\x90NT\x01\
-\x19\x1f;**;\x1f\x1a\x01-S\xfe\xe5\x1b\x1b\
\x15\x15\x1b\x1b\x15\x9b\x016\x9b\xb5\xb5\x02\xac\x0c0\x1d\
*99*\x1d0\x0c\xfdT\x037\x1d\x15\x15\x1d\x1d\
\x15\x15\x1d\xfd\xc2\x01i\x00\x03\x00\x12\x00\x00\x02\xc5\x03\
\xad\x00\x16\x00\x22\x00%\x00u@\x0d\x0f\x0c\x02\x06\x02\
%\x14\x04\x03\x07\x05\x02JK\xb01PX@\x22\x00\
\x03\x02\x03\x83\x00\x02\x08\x01\x06\x05\x02\x06g\x00\x07\x00\
\x00\x01\x07\x00f\x00\x05\x05\x1cK\x04\x01\x01\x01\x15\x01\
L\x1b@%\x00\x03\x02\x03\x83\x00\x05\x06\x07\x06\x05\x07\
~\x00\x02\x08\x01\x06\x05\x02\x06g\x00\x07\x00\x00\x01\x07\
\x00f\x04\x01\x01\x01\x15\x01LY@\x11\x17\x17$#\
\x17\x22\x17!%\x17\x12&\x11\x10\x09\x07\x1a+%!\
\x07#\x01&&54632\x1773\x07\x16\x15\
\x14\x06\x07\x01#\x00\x06\x15\x14\x1632654&\
#\x03!\x03\x02$\xfe\x90NT\x01-\x19\x1f;*\
\x1d\x17P[\x89\x0f\x1f\x1a\x01-S\xfe\xe5\x1b\x1b\x15\
\x15\x1b\x1b\x15\x9b\x016\x9b\xb5\xb5\x02\xac\x0c0\x1d*\
9\x0eSt\x16\x1e\x1d0\x0c\xfdT\x037\x1d\x15\x15\
\x1d\x1d\x15\x15\x1d\xfd\xc2\x01i\xff\xff\x00\x12\x00\x00\x02\
\xc5\x03\x85\x00\x22\x00\x04\x00\x00\x00\x03\x02\xdb\x02\x02\x00\
\x00\x00\x02\xff\xfe\x00\x00\x03\xae\x02\xc1\x00\x0f\x00\x12\x00\
;@8\x12\x01\x01\x00\x01J\x00\x01\x00\x02\x08\x01\x02\
e\x00\x08\x00\x05\x03\x08\x05e\x00\x00\x00\x07]\x00\x07\
\x07\x14K\x00\x03\x03\x04]\x06\x01\x04\x04\x15\x04L\x11\
\x11\x11\x11\x11\x11\x11\x11\x10\x09\x07\x1d+\x01!\x17!\
\x15!\x17!\x15!'!\x07#\x01!\x01!\x03\x03\
\xae\xfeS5\x01d\xfe\xaa7\x013\xfe\x8f&\xfe\xab\
kY\x01\xad\x02\x03\xfd<\x01\x1eK\x02|\xf4D\xff\
E\xb5\xb5\x02\xc1\xfe8\x01c\xff\xff\xff\xfe\x00\x00\x03\
\xae\x03\x95\x00\x22\x00\x1d\x00\x00\x00\x03\x02\xd5\x02\x88\x00\
\x00\x00\x03\x00W\x00\x00\x02g\x02\xc1\x00\x0e\x00\x16\x00\
\x1e\x005@2\x0e\x01\x04\x02\x01J\x00\x02\x00\x04\x05\
\x02\x04e\x00\x03\x03\x01]\x00\x01\x01\x14K\x06\x01\x05\
\x05\x00]\x00\x00\x00\x15\x00L\x17\x17\x17\x1e\x17\x1d$\
#&!$\x07\x07\x19+\x00\x16\x15\x14\x06#!\x11\
!2\x16\x15\x14\x06\x07%32654##\x00\
654##\x113\x02$Czp\xfe\xda\x01\x1b\
mx;5\xfe\xc1\xbeOQ\xa0\xbe\x01 O\xa2\xcd\
\xcd\x01ZXB]c\x02\xc1`X9R\x14\x1e@\
=x\xfd\xc7=A\x82\xff\x00\x00\x01\x00=\xff\xf8\x02\
t\x02\xc9\x00\x1b\x00.@+\x18\x17\x0b\x0a\x04\x02\x01\
\x01J\x00\x01\x01\x00_\x00\x00\x00\x1cK\x00\x02\x02\x03\
_\x04\x01\x03\x03\x1d\x03L\x00\x00\x00\x1b\x00\x1a$%\
&\x05\x07\x17+\x04&&546632\x16\x17\
\x07&&#\x22\x06\x15\x14\x163267\x17\x06\x06\
#\x01 \x94OO\x94dIz-\x1f3b;t\
\x7f\x7ft;b3\x1f-zI\x08W\xa3oo\xa2\
W-,?+&\x97\x8a\x8b\x97&+?,-\xff\
\xff\x00=\xff\xf8\x02t\x03\x95\x00\x22\x00 \x00\x00\x00\
\x03\x02\xd5\x02\x18\x00\x00\xff\xff\x00=\xff\xf8\x02t\x03\
\x95\x00\x22\x00 \x00\x00\x00\x03\x02\xd8\x02\x18\x00\x00\x00\
\x01\x00=\xff?\x02t\x02\xc9\x003\x00L@I3\
2&%\x04\x07\x06\x1a\x03\x02\x04\x01\x19\x0f\x02\x03\x04\
\x0e\x01\x02\x03\x04J\x00\x01\x00\x04\x03\x01\x04g\x00\x06\
\x06\x05_\x00\x05\x05\x1cK\x00\x07\x07\x00_\x00\x00\x00\
 K\x00\x03\x03\x02_\x00\x02\x02!\x02L$%)\
$$$\x22\x11\x08\x07\x1c+$\x06\x07\x07632\
\x16\x15\x14\x06#\x22&'7\x1632654&\
#\x22\x07'7&&546632\x16\x17\x07\
&&#\x22\x06\x15\x14\x163267\x17\x02Js\
D\x04\x10\x08 ,=7\x142\x12\x0d$(\x1b\x1c\
\x12\x11\x16\x17\x14\x08\x86\x98O\x94dIz-\x1f3\
b;t\x7f\x7ft;b3\x1f'-\x02#\x02#\
\x22$/\x0a\x09+\x0e\x12\x11\x0d\x0e\x09\x10F\x0e\xbd\
\x9co\xa2W-,?+&\x97\x8a\x8b\x97&+?\
\x00\x00\x02\x00=\xff?\x02t\x03\x95\x00\x03\x007\x00\
f@c76*)\x04\x09\x08\x1e\x07\x02\x06\x03\x1d\
\x13\x02\x05\x06\x12\x01\x04\x05\x04J\x0a\x01\x01\x00\x01\x83\
\x00\x00\x07\x00\x83\x00\x03\x00\x06\x05\x03\x06g\x00\x08\x08\
\x07_\x00\x07\x07\x1cK\x00\x09\x09\x02_\x00\x02\x02 \
K\x00\x05\x05\x04_\x00\x04\x04!\x04L\x00\x0042\
.,'%\x1c\x1a\x16\x14\x10\x0e\x0a\x08\x06\x05\x00\x03\
\x00\x03\x11\x0b\x07\x15+\x01\x07#7\x12\x06\x07\x076\
32\x16\x15\x14\x06#\x22&'7\x163265\
4&#\x22\x07'7&&546632\x16\
\x17\x07&&#\x22\x06\x15\x14\x163267\x17\x02\
#\x858e\x7fsD\x04\x10\x08 ,=7\x142\
\x12\x0d$(\x1b\x1c\x12\x11\x16\x17\x14\x08\x86\x98O\x94\
dIz-\x1f3b;t\x7f\x7ft;b3\x1f\
\x03\x95\x98\x98\xfc\x92-\x02#\x02#\x22$/\x0a\x09\
+\x0e\x12\x11\x0d\x0e\x09\x10F\x0e\xbd\x9co\xa2W-\
,?+&\x97\x8a\x8b\x97&+?\xff\xff\x00=\xff\
\xf8\x02t\x03\x95\x00\x22\x00 \x00\x00\x00\x03\x02\xd7\x02\
\x18\x00\x00\xff\xff\x00=\xff\xf8\x02t\x03w\x00\x22\x00\
 \x00\x00\x00\x03\x02\xd3\x02\x18\x00\x00\x00\x02\x00W\x00\
\x00\x02\xa6\x02\xc1\x00\x08\x00\x0f\x00&@#\x00\x03\x03\
\x00]\x00\x00\x00\x14K\x04\x01\x02\x02\x01]\x00\x01\x01\
\x15\x01L\x0a\x09\x0e\x0c\x09\x0f\x0a\x0f$ \x05\x07\x16\
+\x1332\x16\x15\x14\x06##7 \x11\x10!#\
\x11W\xed\xa9\xb9\xb9\xa9\xed\xe8\x01\x12\xfe\xee\x96\x02\xc1\
\xb7\xa9\xa9\xb8F\x01\x1b\x01\x1a\xfd\xcb\xff\xff\x00W\x00\
\x00\x04\xfd\x03\x95\x00\x22\x00'\x00\x00\x00#\x00\xe8\x02\
\xd4\x00\x00\x00\x03\x02\xd8\x04\x91\x00\x00\x00\x02\x00\x08\x00\
\x00\x02\xb3\x02\xc1\x00\x0c\x00\x18\x00<@9\x05\x01\x02\
\x06\x01\x01\x07\x02\x01e\x00\x04\x04\x03]\x08\x01\x03\x03\
\x14K\x09\x01\x07\x07\x00]\x00\x00\x00\x15\x00L\x0d\x0d\
\x00\x00\x0d\x18\x0d\x17\x16\x15\x14\x13\x12\x10\x00\x0c\x00\x0b\
\x11\x11$\x0a\x07\x17+\x00\x16\x15\x14\x06##\x11#\
53\x113\x1265\x10!#\x153\x15#\x153\
\x01\xfb\xb8\xb9\xa9\xed\x5c\x5c\xed\x84\x8a\xfe\xee\x97\xc1\xc1\
\x97\x02\xc1\xb7\xa9\xa9\xb8\x01DC\x01:\xfd\x85\x8e\x8d\
\x01\x1a\xf4C\xfe\xff\xff\x00W\x00\x00\x02\xa6\x03\x95\x00\
\x22\x00'\x00\x00\x00\x03\x02\xd8\x02\x07\x00\x00\xff\xff\x00\
\x08\x00\x00\x02\xb3\x02\xc1\x00\x02\x00)\x00\x00\xff\xff\x00\
W\xffJ\x02\xa6\x02\xc1\x00\x22\x00'\x00\x00\x00\x03\x02\
\xca\x02\x08\x00\x00\xff\xff\x00W\xffX\x02\xa6\x02\xc1\x00\
\x22\x00'\x00\x00\x00\x03\x02\xd0\x02\x08\x00\x00\xff\xff\x00\
W\x00\x00\x04\xb0\x02\xf1\x00\x22\x00'\x00\x00\x00#\x01\
\xd5\x02\xe3\x00\x00\x00\x03\x02\xc0\x04y\x00\x00\x00\x01\x00\
W\x00\x00\x02\x15\x02\xc1\x00\x0b\x00/@,\x00\x02\x00\
\x03\x04\x02\x03e\x00\x01\x01\x00]\x00\x00\x00\x14K\x00\
\x04\x04\x05]\x06\x01\x05\x05\x15\x05L\x00\x00\x00\x0b\x00\
\x0b\x11\x11\x11\x11\x11\x07\x07\x19+3\x11!\x15!\x15\
!\x15!\x11!\x15W\x01\xbe\xfe\x93\x01Y\xfe\xa7\x01\
m\x02\xc1D\xf5D\xff\x00D\xff\xff\x00W\x00\x00\x02\
\x15\x03\x95\x00\x22\x00/\x00\x00\x00\x03\x02\xd5\x01\xda\x00\
\x00\xff\xff\x00W\x00\x00\x02\x15\x03\x89\x00\x22\x00/\x00\
\x00\x00\x03\x02\xd9\x01\xda\x00\x00\xff\xff\x00W\x00\x00\x02\
\x15\x03\x95\x00\x22\x00/\x00\x00\x00\x03\x02\xd8\x01\xda\x00\
\x00\x00\x01\x00W\xff?\x02\x15\x02\xc1\x00%\x00X@\
U \x09\x02\x07\x04\x1f\x15\x02\x06\x07\x14\x01\x05\x06\x03\
J\x00\x00\x00\x01\x02\x00\x01e\x00\x04\x00\x07\x06\x04\x07\
g\x0b\x01\x0a\x0a\x09]\x00\x09\x09\x14K\x00\x02\x02\x03\
]\x08\x01\x03\x03\x15K\x00\x06\x06\x05_\x00\x05\x05!\
\x05L\x00\x00\x00%\x00%$#\x13$$$\x22\x11\
\x11\x11\x11\x0c\x07\x1d+\x13\x15!\x15!\x11!\x15#\
\x07632\x16\x15\x14\x06#\x22&'7\x1632\
654&#\x22\x07'7#\x11!\x15\xa8\x01Y\
\xfe\xa7\x01m\xbe\x05\x10\x08 ,=7\x142\x12\x0d\
$(\x1b\x1c\x12\x11\x16\x17\x14\x09\xc8\x01\xbe\x02}\xf5\
D\xff\x00D+\x02#\x22$/\x0a\x09+\x0e\x12\x11\
\x0d\x0e\x09\x10L\x02\xc1D\x00\x00\x02\x00W\xff?\x02\
\x15\x03\x89\x00\x0d\x003\x00x@u.\x17\x02\x09\x06\
-#\x02\x08\x09\x22\x01\x07\x08\x03J\x0a\x09\x03\x02\x04\
\x00H\x00\x00\x0d\x01\x01\x0b\x00\x01g\x00\x02\x00\x03\x04\
\x02\x03e\x00\x06\x00\x09\x08\x06\x09g\x0e\x01\x0c\x0c\x0b\
]\x00\x0b\x0b\x14K\x00\x04\x04\x05]\x0a\x01\x05\x05\x15\
K\x00\x08\x08\x07_\x00\x07\x07!\x07L\x0e\x0e\x00\x00\
\x0e3\x0e3210/,*&$ \x1e\x1a\x18\
\x16\x15\x14\x13\x12\x11\x10\x0f\x00\x0d\x00\x0c%\x0f\x07\x15\
+\x00&'7\x16\x163267\x17\x06\x06#\x07\
\x15!\x15!\x11!\x15#\x07632\x16\x15\x14\x06\
#\x22&'7\x1632654&#\x22\x07'\
7#\x11!\x15\x01\x0cU\x163\x165%%5\x16\
3\x16U8\x9c\x01Y\xfe\xa7\x01m\xbe\x05\x10\x08 \
,=7\x142\x12\x0d$(\x1b\x1c\x12\x11\x16\x17\x14\
\x09\xc8\x01\xbe\x03\x0937\x16(\x1e\x1e(\x1673\
\x8c\xf5D\xff\x00D+\x02#\x22$/\x0a\x09+\x0e\
\x12\x11\x0d\x0e\x09\x10L\x02\xc1D\x00\xff\xff\x00W\x00\
\x00\x02\x15\x03\x95\x00\x22\x00/\x00\x00\x00\x03\x02\xd7\x01\
\xda\x00\x00\xff\xff\x00W\x00\x00\x02I\x03\xf1\x00\x22\x00\
/\x00\x00\x00\x03\x03\x05\x01\xda\x00\x00\xff\xff\x00W\xff\
J\x02\x15\x03\x95\x00\x22\x00/\x00\x00\x00#\x02\xca\x01\
\xda\x00\x00\x00\x03\x02\xd7\x01\xda\x00\x00\xff\xff\x00W\x00\
\x00\x02\x15\x03\xf1\x00\x22\x00/\x00\x00\x00\x03\x03\x06\x01\
\xda\x00\x00\xff\xff\x00W\x00\x00\x02\x1b\x03\xf7\x00\x22\x00\
/\x00\x00\x00\x03\x03\x07\x01\xda\x00\x00\xff\xff\x00W\x00\
\x00\x02\x15\x04\x03\x00\x22\x00/\x00\x00\x00\x03\x03\x08\x01\
\xda\x00\x00\xff\xff\x00W\x00\x00\x02\x15\x03\x95\x00\x22\x00\
/\x00\x00\x00\x03\x02\xde\x01\xda\x00\x00\xff\xff\x00W\x00\
\x00\x02\x15\x03u\x00\x22\x00/\x00\x00\x00\x03\x02\xd2\x01\
\xda\x00\x00\xff\xff\x00W\x00\x00\x02\x15\x03w\x00\x22\x00\
/\x00\x00\x00\x03\x02\xd3\x01\xda\x00\x00\xff\xff\x00W\xff\
J\x02\x15\x02\xc1\x00\x22\x00/\x00\x00\x00\x03\x02\xca\x01\
\xda\x00\x00\xff\xff\x00W\x00\x00\x02\x15\x03\x95\x00\x22\x00\
/\x00\x00\x00\x03\x02\xd4\x01\xda\x00\x00\xff\xff\x00W\x00\
\x00\x02\x15\x03\x99\x00\x22\x00/\x00\x00\x00\x03\x02\xdd\x01\
\xda\x00\x00\xff\xff\x00W\x00\x00\x02\x15\x03\x8a\x00\x22\x00\
/\x00\x00\x00\x03\x02\xdf\x01\xda\x00\x00\xff\xff\x00W\x00\
\x00\x02\x15\x03h\x00\x22\x00/\x00\x00\x00\x03\x02\xdc\x01\
\xda\x00\x00\xff\xff\x00W\x00\x00\x02\x15\x045\x00\x22\x00\
/\x00\x00\x00#\x02\xdc\x01\xda\x00\x00\x01\x07\x02\xd5\x01\
\xda\x00\xa0\x00\x08\xb1\x02\x01\xb0\xa0\xb03+\xff\xff\x00\
W\x00\x00\x02\x15\x045\x00\x22\x00/\x00\x00\x00#\x02\
\xdc\x01\xda\x00\x00\x01\x07\x02\xd4\x01\xda\x00\xa0\x00\x08\xb1\
\x02\x01\xb0\xa0\xb03+\x00\x01\x00W\xff?\x027\x02\
\xc1\x00\x1c\x00=@:\x1c\x01\x08\x01\x01J\x00\x04\x00\
\x05\x06\x04\x05e\x00\x03\x03\x02]\x00\x02\x02\x14K\x00\
\x06\x06\x01_\x07\x01\x01\x01\x15K\x00\x08\x08\x00_\x00\
\x00\x00!\x00L$!\x11\x11\x11\x11\x11\x14!\x09\x07\
\x1d+\x05\x06#\x22&547!\x11!\x15!\x15\
!\x15!\x11!\x15#\x22\x06\x15\x14\x16327\x02\
7'/4A)\xfe\xc2\x01\xbe\xfe\x93\x01Y\xfe\xa7\
\x01m\x0f,/#\x1f\x1a \xaa\x17;.5#\x02\
\xc1D\xf5D\xff\x00D+\x22\x1e!\x11\x00\xff\xff\x00\
W\x00\x00\x02\x15\x03\x85\x00\x22\x00/\x00\x00\x00\x03\x02\
\xdb\x01\xda\x00\x00\x00\x01\x00W\x00\x00\x02\x0b\x02\xc1\x00\
\x09\x00)@&\x00\x02\x00\x03\x04\x02\x03e\x00\x01\x01\
\x00]\x00\x00\x00\x14K\x05\x01\x04\x04\x15\x04L\x00\x00\
\x00\x09\x00\x09\x11\x11\x11\x11\x06\x07\x18+3\x11!\x15\
!\x15!\x15!\x11W\x01\xb4\xfe\x9d\x01O\xfe\xb1\x02\
\xc1E\xf3E\xfe\xbc\x00\x00\x01\x00=\xff\xf8\x02\x85\x02\
\xc9\x00\x1e\x00>@;\x10\x0f\x02\x05\x02\x1b\x01\x03\x04\
\x01\x01\x00\x03\x03J\x06\x01\x05\x00\x04\x03\x05\x04e\x00\
\x02\x02\x01_\x00\x01\x01\x1cK\x00\x03\x03\x00_\x00\x00\
\x00\x1d\x00L\x00\x00\x00\x1e\x00\x1e\x12$%&#\x07\
\x07\x19+\x01\x11\x06\x06#\x22&&54663\
2\x16\x17\x07&&#\x22\x06\x15\x14\x163275\
#5\x02\x85*\x87Ei\x98QP\x96fJ|,\
\x1f3c=w\x80\x82}[N\xaf\x01o\xfe\xba\x16\
\x1bV\xa2qp\xa2V-,?,&\x96\x8c\x8f\x95\
\x1b\xd7@\xff\xff\x00=\xff\xf8\x02\x85\x03\x89\x00\x22\x00\
H\x00\x00\x00\x03\x02\xd9\x02\x1e\x00\x00\xff\xff\x00=\xff\
\xf8\x02\x85\x03\x95\x00\x22\x00H\x00\x00\x00\x03\x02\xd8\x02\
\x1e\x00\x00\xff\xff\x00=\xff\xf8\x02\x85\x03\x95\x00\x22\x00\
H\x00\x00\x00\x03\x02\xd7\x02\x1e\x00\x00\xff\xff\x00=\xfe\
\xfd\x02\x85\x02\xc9\x00\x22\x00H\x00\x00\x00\x03\x02\xcc\x02\
%\x00\x00\xff\xff\x00=\xff\xf8\x02\x85\x03w\x00\x22\x00\
H\x00\x00\x00\x03\x02\xd3\x02\x1e\x00\x00\xff\xff\x00=\xff\
\xf8\x02\x85\x03h\x00\x22\x00H\x00\x00\x00\x03\x02\xdc\x02\
\x1e\x00\x00\x00\x01\x00W\x00\x00\x02\x9f\x02\xc1\x00\x0b\x00\
!@\x1e\x00\x05\x00\x02\x01\x05\x02e\x04\x01\x00\x00\x14\
K\x03\x01\x01\x01\x15\x01L\x11\x11\x11\x11\x11\x10\x06\x07\
\x1a+\x013\x11#\x11!\x11#\x113\x11!\x02N\
QQ\xfeZQQ\x01\xa6\x02\xc1\xfd?\x01C\xfe\xbd\
\x02\xc1\xfe\xc8\x00\x00\x02\x00\x08\x00\x00\x03\x09\x02\xc1\x00\
\x13\x00\x17\x00@@=\x0c\x09\x07\x03\x05\x0a\x04\x02\x00\
\x0b\x05\x00e\x0d\x01\x0b\x00\x02\x01\x0b\x02e\x08\x01\x06\
\x06\x14K\x03\x01\x01\x01\x15\x01L\x14\x14\x00\x00\x14\x17\
\x14\x17\x16\x15\x00\x13\x00\x13\x11\x11\x11\x11\x11\x11\x11\x11\
\x11\x0e\x07\x1d+\x01\x15#\x11#\x11!\x11#\x11#\
5353\x15!53\x15\x075!\x15\x03\x09\x5c\
R\xfe[R\x5c\x5cR\x01\xa5RR\xfe[\x02IA\
\xfd\xf8\x01C\xfe\xbd\x02\x08Axxxx\xc0\x7f\x7f\
\x00\xff\xff\x00W\xff-\x02\x9f\x02\xc1\x00\x22\x00O\x00\
\x00\x00\x03\x02\xcf\x02\x11\x00\x00\xff\xff\x00W\x00\x00\x02\
\x9f\x03\x95\x00\x22\x00O\x00\x00\x00\x03\x02\xd7\x02\x11\x00\
\x00\xff\xff\x00W\xffJ\x02\x9f\x02\xc1\x00\x22\x00O\x00\
\x00\x00\x03\x02\xca\x02\x11\x00\x00\x00\x01\x00W\x00\x00\x00\
\xa9\x02\xc1\x00\x03\x00\x19@\x16\x00\x00\x00\x14K\x02\x01\
\x01\x01\x15\x01L\x00\x00\x00\x03\x00\x03\x11\x03\x07\x15+\
3\x113\x11WR\x02\xc1\xfd?\x00\xff\xff\x00W\x00\
\x00\x01!\x03\x95\x00\x22\x00T\x00\x00\x00\x03\x02\xd5\x01\
\x16\x00\x00\xff\xff\xff\xdd\x00\x00\x01#\x03\x89\x00\x22\x00\
T\x00\x00\x00\x03\x02\xd9\x01\x16\x00\x00\xff\xff\xff\xee\x00\
\x00\x01\x12\x03\x95\x00\x22\x00T\x00\x00\x00\x03\x02\xd7\x01\
\x16\x00\x00\xff\xff\xff\xcd\x00\x00\x00\xd2\x03\x95\x00\x22\x00\
T\x00\x00\x00\x03\x02\xde\x01\x16\x00\x00\xff\xff\xff\xfe\x00\
\x00\x01\x02\x03u\x00\x22\x00T\x00\x00\x00\x03\x02\xd2\x01\
\x16\x00\x00\xff\xff\xff\xfe\x00\x00\x01!\x045\x00\x22\x00\
T\x00\x00\x00#\x02\xd2\x01\x16\x00\x00\x01\x07\x02\xd5\x01\
\x16\x00\xa0\x00\x08\xb1\x03\x01\xb0\xa0\xb03+\xff\xff\x00\
O\x00\x00\x00\xb1\x03w\x00\x22\x00T\x00\x00\x00\x03\x02\
\xd3\x01\x16\x00\x00\xff\xff\x00R\xffJ\x00\xae\x02\xc1\x00\
\x22\x00T\x00\x00\x00\x03\x02\xca\x01\x16\x00\x00\xff\xff\xff\
\xdf\x00\x00\x00\xa9\x03\x95\x00\x22\x00T\x00\x00\x00\x03\x02\
\xd4\x01\x16\x00\x00\xff\xff\x005\x00\x00\x00\xe9\x03\x99\x00\
\x22\x00T\x00\x00\x00\x03\x02\xdd\x01\x16\x00\x00\xff\xff\xff\
\xdd\x00\x00\x01#\x03\x8a\x00\x22\x00T\x00\x00\x00\x03\x02\
\xdf\x01\x16\x00\x00\xff\xff\xff\xea\x00\x00\x01\x16\x03h\x00\
\x22\x00T\x00\x00\x00\x03\x02\xdc\x01\x16\x00\x00\x00\x01\x00\
\x09\xff?\x00\xd4\x02\xc1\x00\x14\x00)@&\x08\x01\x02\
\x01\x14\x01\x03\x02\x02J\x00\x01\x01\x14K\x00\x02\x02\x15\
K\x00\x03\x03\x00_\x00\x00\x00!\x00L$!\x16!\
\x04\x07\x18+\x17\x06#\x22&5467\x113\x11\
#\x22\x06\x15\x14\x16327\xd4'/4A(&\
R\x07)1$\x1e\x1a \xaa\x17;/$:\x11\x02\
\xa9\xfd?,!\x1e!\x11\x00\xff\xff\xff\xdf\x00\x00\x01\
!\x03\x85\x00\x22\x00T\x00\x00\x00\x03\x02\xdb\x01\x16\x00\
\x00\x00\x01\xff\xf8\xff\xf9\x00\xef\x02\xc1\x00\x0b\x00\x19@\
\x16\x00\x01\x01\x14K\x00\x00\x00\x02_\x00\x02\x02\x15\x02\
L#\x14\x10\x03\x07\x17+'7665\x113\x11\
\x14\x06\x07\x07\x08<27RZVA>\x04\x04?\
7\x02\x05\xfd\xfaWb\x05\x04\xff\xff\xff\xf8\xff\xf9\x01\
X\x03\x95\x00\x22\x00c\x00\x00\x00\x03\x02\xd7\x01\x5c\x00\
\x00\x00\x01\x00W\x00\x00\x02~\x02\xc1\x00\x0a\x00\x1f@\
\x1c\x0a\x07\x02\x03\x00\x02\x01J\x03\x01\x02\x02\x14K\x01\
\x01\x00\x00\x15\x00L\x12\x11\x12\x10\x04\x07\x18+!#\
\x01\x11#\x113\x11\x013\x01\x02~j\xfe\x95RR\
\x01Zh\xfe\x90\x01O\xfe\xb1\x02\xc1\xfe\xbc\x01D\xfe\
\xa9\xff\xff\x00W\xfe\xfd\x02~\x02\xc1\x00\x22\x00e\x00\
\x00\x00\x03\x02\xcc\x01\xd2\x00\x00\x00\x01\x00W\x00\x00\x02\
\x0a\x02\xc1\x00\x05\x00\x1f@\x1c\x00\x00\x00\x14K\x00\x01\
\x01\x02^\x03\x01\x02\x02\x15\x02L\x00\x00\x00\x05\x00\x05\
\x11\x11\x04\x07\x16+3\x113\x11!\x15WR\x01a\
\x02\xc1\xfd\x85F\x00\x02\x00W\xff\xf9\x03\x0b\x02\xc1\x00\
\x05\x00\x11\x00RK\xb0'PX@\x14\x04\x01\x00\x00\
\x14K\x03\x01\x01\x01\x02`\x05\x06\x02\x02\x02\x15\x02L\
\x1b@\x1f\x04\x01\x00\x00\x14K\x00\x01\x01\x02`\x05\x06\
\x02\x02\x02\x15K\x00\x03\x03\x02_\x05\x06\x02\x02\x02\x15\
\x02LY@\x11\x00\x00\x11\x0f\x0c\x0b\x07\x06\x00\x05\x00\
\x05\x11\x11\x07\x07\x16+3\x113\x11!\x15776\
65\x113\x11\x14\x06\x07\x07WR\x01C(;5\
4SYWB\x02\xc1\xfd\x85F>\x04\x0465\x02\
\x10\xfd\xf4V]\x05\x04\xff\xff\x00W\x00\x00\x02\x0a\x03\
\x95\x00\x22\x00g\x00\x00\x00\x03\x02\xd5\x01\x16\x00\x00\xff\
\xff\x00W\x00\x00\x02\x0a\x02\xc1\x00\x22\x00g\x00\x00\x00\
\x03\x02\xbe\x01\x93\x00\x00\xff\xff\x00W\xfe\xfd\x02\x0a\x02\
\xc1\x00\x22\x00g\x00\x00\x00\x03\x02\xcc\x01\xcb\x00\x00\xff\
\xff\x00W\x00\x00\x02\x0a\x02\xc1\x00\x22\x00g\x00\x00\x01\
\x07\x02U\x00\xc8\x00b\x00\x08\xb1\x01\x01\xb0b\xb03\
+\xff\xff\x00W\xffJ\x02\x0a\x02\xc1\x00\x22\x00g\x00\
\x00\x00\x03\x02\xca\x01\xcb\x00\x00\xff\xff\x00W\xffH\x02\
\xc1\x02\xc1\x00\x22\x00g\x00\x00\x00#\x01P\x02\x1c\x00\
\x00\x00\x03\x02\xba\x03&\x00\x00\xff\xff\x00W\xffX\x02\
\x0a\x02\xc1\x00\x22\x00g\x00\x00\x00\x03\x02\xd0\x01\xcb\x00\
\x00\x00\x01\xff\xf9\x00\x00\x02\x18\x02\xc1\x00\x0d\x00&@\
#\x0d\x0c\x0b\x0a\x07\x06\x05\x04\x08\x00\x02\x01J\x00\x02\
\x02\x14K\x00\x00\x00\x01^\x00\x01\x01\x15\x01L\x15\x11\
\x10\x03\x07\x17+7!\x15!\x11\x07'7\x113\x11\
7\x17\x07\xb6\x01b\xfeLJ!kR\xaa!\xcbF\
F\x01'+:>\x01M\xfe\xe2b:u\x00\x01\x00\
W\x00\x00\x02\xf1\x02\xc1\x00\x0c\x00(@%\x0c\x07\x04\
\x03\x02\x00\x01J\x00\x02\x00\x01\x00\x02\x01~\x04\x01\x00\
\x00\x14K\x03\x01\x01\x01\x15\x01L\x11\x12\x12\x11\x10\x05\
\x07\x19+\x013\x11#\x13\x03#\x03\x13#\x113\x01\
\x02\xaeCK\x01\xe5:\xe6\x01LD\x01\x0b\x02\xc1\xfd\
?\x02\x22\xfeN\x01\xae\xfd\xe2\x02\xc1\xfe\x01\xff\xff\x00\
W\xffJ\x02\xf1\x02\xc1\x00\x22\x00q\x00\x00\x00\x03\x02\
\xca\x02:\x00\x00\x00\x01\x00W\x00\x00\x02\x8c\x02\xc1\x00\
\x09\x00\x1e@\x1b\x09\x04\x02\x01\x00\x01J\x03\x01\x00\x00\
\x14K\x02\x01\x01\x01\x15\x01L\x11\x12\x11\x10\x04\x07\x18\
+\x013\x11#\x01\x11#\x113\x01\x02?M?\xfe\
WM?\x01\xa9\x02\xc1\xfd?\x027\xfd\xc9\x02\xc1\xfd\
\xc9\xff\xff\x00W\xff\xf9\x03\xd2\x02\xc1\x00\x22\x00s\x00\
\x00\x00\x03\x00c\x02\xe3\x00\x00\xff\xff\x00W\x00\x00\x02\
\x8c\x03\x95\x00\x22\x00s\x00\x00\x00\x03\x02\xd5\x02\x07\x00\
\x00\xff\xff\x00W\x00\x00\x02\x8c\x03\x95\x00\x22\x00s\x00\
\x00\x00\x03\x02\xd8\x02\x07\x00\x00\xff\xff\x00W\xfe\xfd\x02\
\x8c\x02\xc1\x00\x22\x00s\x00\x00\x00\x03\x02\xcc\x02\x08\x00\
\x00\xff\xff\x00W\x00\x00\x02\x8c\x03w\x00\x22\x00s\x00\
\x00\x00\x03\x02\xd3\x02\x07\x00\x00\xff\xff\x00W\xffJ\x02\
\x8c\x02\xc1\x00\x22\x00s\x00\x00\x00\x03\x02\xca\x02\x08\x00\
\x00\x00\x01\x00W\xffE\x02\x8c\x02\xc1\x00\x11\x006@\
3\x10\x0b\x0a\x03\x02\x03\x01J\x04\x01\x00G\x00\x01\x02\
\x00\x02\x01\x00~\x05\x04\x02\x03\x03\x14K\x00\x02\x02\x15\
K\x00\x00\x00\x19\x00L\x00\x00\x00\x11\x00\x11\x11\x16\x12\
\x12\x06\x07\x18+\x01\x11\x14\x07\x07'76655\
\x01\x11#\x113\x01\x11\x02\x8c\xb0A\x05;59\xfe\
eM?\x01\xa9\x02\xc1\xfd@\xac\x0b\x05C\x04\x058\
4\x16\x02$\xfd\xc9\x02\xc1\xfd\xc9\x027\x00\xff\xff\x00\
W\xffH\x03\x88\x02\xc1\x00\x22\x00s\x00\x00\x00#\x01\
P\x02\xe3\x00\x00\x00\x03\x02\xba\x03\xed\x00\x00\xff\xff\x00\
W\xffX\x02\x8c\x02\xc1\x00\x22\x00s\x00\x00\x00\x03\x02\
\xd0\x02\x08\x00\x00\xff\xff\x00W\x00\x00\x02\x8c\x03\x85\x00\
\x22\x00s\x00\x00\x00\x03\x02\xdb\x02\x07\x00\x00\x00\x02\x00\
=\xff\xf8\x02\xbf\x02\xc9\x00\x0f\x00\x1b\x00,@)\x00\
\x02\x02\x00_\x00\x00\x00\x1cK\x05\x01\x03\x03\x01_\x04\
\x01\x01\x01\x1d\x01L\x10\x10\x00\x00\x10\x1b\x10\x1a\x16\x14\
\x00\x0f\x00\x0e&\x06\x07\x15+\x04&&5466\
32\x16\x16\x15\x14\x06\x06#6654&#\x22\
\x06\x15\x14\x163\x01\x1c\x91NM\x91cc\x91MN\
\x91bp}|qp}}p\x08X\xa2no\xa3\
WW\xa3nn\xa3XF\x97\x8c\x8c\x96\x97\x8b\x8b\x98\
\x00\xff\xff\x00=\xff\xf8\x02\xbf\x03\x95\x00\x22\x00~\x00\
\x00\x00\x03\x02\xd5\x02\x14\x00\x00\xff\xff\x00=\xff\xf8\x02\
\xbf\x03\x89\x00\x22\x00~\x00\x00\x00\x03\x02\xd9\x02\x14\x00\
\x00\xff\xff\x00=\xff\xf8\x02\xbf\x03\x95\x00\x22\x00~\x00\
\x00\x00\x03\x02\xd7\x02\x14\x00\x00\xff\xff\x00=\xff\xf8\x02\
\xbf\x03\xf1\x00\x22\x00~\x00\x00\x00\x03\x03\x05\x02\x14\x00\
\x00\xff\xff\x00=\xffJ\x02\xbf\x03\x95\x00\x22\x00~\x00\
\x00\x00#\x02\xca\x02\x14\x00\x00\x00\x03\x02\xd7\x02\x14\x00\
\x00\xff\xff\x00=\xff\xf8\x02\xbf\x03\xf1\x00\x22\x00~\x00\
\x00\x00\x03\x03\x06\x02\x14\x00\x00\xff\xff\x00=\xff\xf8\x02\
\xbf\x03\xf7\x00\x22\x00~\x00\x00\x00\x03\x03\x07\x02\x14\x00\
\x00\xff\xff\x00=\xff\xf8\x02\xbf\x04\x03\x00\x22\x00~\x00\
\x00\x00\x03\x03\x08\x02\x14\x00\x00\xff\xff\x00=\xff\xf8\x02\
\xbf\x03\x95\x00\x22\x00~\x00\x00\x00\x03\x02\xde\x02\x14\x00\
\x00\xff\xff\x00=\xff\xf8\x02\xbf\x03u\x00\x22\x00~\x00\
\x00\x00\x03\x02\xd2\x02\x14\x00\x00\xff\xff\x00=\xff\xf8\x02\
\xbf\x04\x08\x00\x22\x00~\x00\x00\x00#\x02\xd2\x02\x14\x00\
\x00\x01\x07\x02\xdc\x02\x14\x00\xa0\x00\x08\xb1\x04\x01\xb0\xa0\
\xb03+\xff\xff\x00=\xff\xf8\x02\xbf\x04\x08\x00\x22\x00\
~\x00\x00\x00#\x02\xd3\x02\x14\x00\x00\x01\x07\x02\xdc\x02\
\x14\x00\xa0\x00\x08\xb1\x03\x01\xb0\xa0\xb03+\xff\xff\x00\
=\xffJ\x02\xbf\x02\xc9\x00\x22\x00~\x00\x00\x00\x03\x02\
\xca\x02\x14\x00\x00\xff\xff\x00=\xff\xf8\x02\xbf\x03\x95\x00\
\x22\x00~\x00\x00\x00\x03\x02\xd4\x02\x14\x00\x00\xff\xff\x00\
=\xff\xf8\x02\xbf\x03\x99\x00\x22\x00~\x00\x00\x00\x03\x02\
\xdd\x02\x14\x00\x00\x00\x02\x00=\xff\xf8\x02\xbf\x03>\x00\
\x1b\x00'\x00fK\xb0\x1dPX\xb5\x02\x01\x04\x01\x01\
J\x1b\xb5\x02\x01\x04\x02\x01JYK\xb0\x1dPX@\
\x1b\x00\x03\x01\x03\x83\x00\x04\x04\x01_\x02\x01\x01\x01\x1c\
K\x00\x05\x05\x00_\x00\x00\x00\x1d\x00L\x1b@\x1f\x00\
\x03\x01\x03\x83\x00\x02\x02\x14K\x00\x04\x04\x01_\x00\x01\
\x01\x1cK\x00\x05\x05\x00_\x00\x00\x00\x1d\x00LY@\
\x09$#\x13\x22&(\x06\x07\x1a+\x00\x06\x07\x16\x16\
\x15\x14\x06\x06#\x22&&546632\x17\x16\
366553\x15\x02&#\x22\x06\x15\x14\x163\
265\x02\xbfF>ACN\x91bb\x91NN\
\x92d\x1b.,\x13<2HT|qp}}p\
p}\x02\xe3N\x06,\x9bgn\xa3XX\xa2no\
\xa3W\x04\x04\x012;\x0f\x1b\xfe\xca\x96\x97\x8b\x8b\x98\
\x97\x8c\x00\xff\xff\x00=\xff\xf8\x02\xbf\x03\x95\x00\x22\x00\
\x8e\x00\x00\x00\x03\x02\xd5\x02\x14\x00\x00\xff\xff\x00=\xff\
J\x02\xbf\x03>\x00\x22\x00\x8e\x00\x00\x00\x03\x02\xca\x02\
\x15\x00\x00\xff\xff\x00=\xff\xf8\x02\xbf\x03\x95\x00\x22\x00\
\x8e\x00\x00\x00\x03\x02\xd4\x02\x14\x00\x00\xff\xff\x00=\xff\
\xf8\x02\xbf\x03\x99\x00\x22\x00\x8e\x00\x00\x00\x03\x02\xdd\x02\
\x14\x00\x00\xff\xff\x00=\xff\xf8\x02\xbf\x03\x85\x00\x22\x00\
\x8e\x00\x00\x00\x03\x02\xdb\x02\x14\x00\x00\xff\xff\x00=\xff\
\xf8\x02\xbf\x03\x95\x00\x22\x00~\x00\x00\x00\x03\x02\xd6\x02\
\x14\x00\x00\xff\xff\x00=\xff\xf8\x02\xbf\x03\x8a\x00\x22\x00\
~\x00\x00\x00\x03\x02\xdf\x02\x14\x00\x00\xff\xff\x00=\xff\
\xf8\x02\xbf\x03h\x00\x22\x00~\x00\x00\x00\x03\x02\xdc\x02\
\x14\x00\x00\xff\xff\x00=\xff\xf8\x02\xbf\x045\x00\x22\x00\
~\x00\x00\x00#\x02\xdc\x02\x14\x00\x00\x01\x07\x02\xd5\x02\
\x14\x00\xa0\x00\x08\xb1\x03\x01\xb0\xa0\xb03+\xff\xff\x00\
=\xff\xf8\x02\xbf\x045\x00\x22\x00~\x00\x00\x00#\x02\
\xdc\x02\x14\x00\x00\x01\x07\x02\xd4\x02\x14\x00\xa0\x00\x08\xb1\
\x03\x01\xb0\xa0\xb03+\x00\x02\x00=\xff?\x02\xbf\x02\
\xc9\x00\x1d\x00)\x005@2\x06\x01\x00\x02\x07\x01\x01\
\x00\x02J\x00\x05\x05\x03_\x00\x03\x03\x1cK\x00\x04\x04\
\x02_\x00\x02\x02\x1dK\x00\x00\x00\x01_\x00\x01\x01!\
\x01L$(&\x14##\x06\x07\x1a+\x04\x15\x14\x16\
327\x17\x06#\x22&547.\x02546\
632\x16\x16\x15\x14\x06\x07$\x1632654\
&#\x22\x06\x15\x01\x94#\x1f\x1a \x10%14A\
 _\x8dLM\x91cb\x91Nvl\xfe\xb4}p\
p}|qp}\x11<\x1e!\x11/\x17;.-\
\x22\x02Y\xa2lo\xa3WW\xa3n\x89\xb5\x1f\xd2\x98\
\x97\x8c\x8c\x96\x97\x8b\x00\x00\x03\x00=\xff\xd1\x02\xbf\x02\
\xf0\x00\x17\x00 \x00(\x00F@C\x17\x14\x02\x02\x01\
&%\x1b\x1a\x04\x03\x02\x08\x01\x00\x03\x03J\x0b\x01\x03\
\x01I\x16\x15\x02\x01H\x0a\x09\x02\x00G\x00\x02\x02\x01\
_\x00\x01\x01\x1cK\x04\x01\x03\x03\x00_\x00\x00\x00\x1d\
\x00L!!!(!')*%\x05\x07\x17+\x00\
\x16\x15\x14\x06\x06#\x22'\x07'7&&546\
632\x177\x17\x07\x00\x16\x17\x01&#\x22\x06\x15\
\x00654'\x01\x163\x02\x84;N\x91bUD\
*8,7;M\x91cUD*8,\xfeD$\
\x22\x01\x1b1Cp}\x01]}E\xfe\xe42B\x02\
U\x94`n\xa3X\x22I!L/\x94_o\xa3W\
\x22I!K\xfe\x94q%\x01\xe6\x1b\x97\x8b\xfe\xdd\x97\
\x8c\x94K\xfe\x19\x1b\x00\xff\xff\x00=\xff\xd1\x02\xbf\x03\
\x95\x00\x22\x00\x9a\x00\x00\x00\x03\x02\xd5\x02\x14\x00\x00\xff\
\xff\x00=\xff\xf8\x02\xbf\x03\x85\x00\x22\x00~\x00\x00\x00\
\x03\x02\xdb\x02\x14\x00\x00\xff\xff\x00=\xff\xf8\x02\xbf\x04\
5\x00\x22\x00~\x00\x00\x00#\x02\xdb\x02\x14\x00\x00\x01\
\x07\x02\xd5\x02\x14\x00\xa0\x00\x08\xb1\x03\x01\xb0\xa0\xb03\
+\xff\xff\x00=\xff\xf8\x02\xbf\x04\x15\x00\x22\x00~\x00\
\x00\x00#\x02\xdb\x02\x14\x00\x00\x01\x07\x02\xd2\x02\x14\x00\
\xa0\x00\x08\xb1\x03\x02\xb0\xa0\xb03+\xff\xff\x00=\xff\
\xf8\x02\xbf\x04\x08\x00\x22\x00~\x00\x00\x00#\x02\xdb\x02\
\x14\x00\x00\x01\x07\x02\xdc\x02\x14\x00\xa0\x00\x08\xb1\x03\x01\
\xb0\xa0\xb03+\x00\x02\x00=\x00\x00\x03\xe4\x02\xc1\x00\
\x10\x00\x18\x00:@7\x00\x02\x00\x03\x04\x02\x03e\x06\
\x01\x01\x01\x00]\x00\x00\x00\x14K\x09\x07\x02\x04\x04\x05\
]\x08\x01\x05\x05\x15\x05L\x11\x11\x00\x00\x11\x18\x11\x17\
\x14\x12\x00\x10\x00\x0f\x11\x11\x11\x11$\x0a\x07\x19+2\
&5463!\x15!\x15!\x15!\x11!\x15!\
7\x11# \x11\x14\x163\xf5\xb8\xb8\xa9\x02F\xfe\x92\
\x01Z\xfe\xa6\x01n\xfd\xba\x88\x83\xfe\xee\x8a\x88\xb8\xa9\
\xa9\xb7D\xf5D\xff\x00DD\x029\xfe\xe4\x8e\x8f\x00\
\x02\x00W\x00\x00\x02X\x02\xc1\x00\x0a\x00\x11\x00*@\
'\x05\x01\x03\x00\x01\x02\x03\x01e\x00\x04\x04\x00]\x00\
\x00\x00\x14K\x00\x02\x02\x15\x02L\x0c\x0b\x10\x0e\x0b\x11\
\x0c\x11\x11$ \x06\x07\x17+\x13!2\x16\x15\x14\x06\
##\x11#\x01254##\x11W\x01\x17o{\
|n\xc5R\x01\x0f\xa1\xa1\xbd\x02\xc1lccn\xfe\
\xdf\x01e\x8d\x8b\xfe\xe8\x00\x02\x00W\x00\x00\x02X\x02\
\xc1\x00\x0c\x00\x15\x004@1\x06\x01\x03\x00\x04\x05\x03\
\x04e\x07\x01\x05\x00\x00\x01\x05\x00e\x00\x02\x02\x14K\
\x00\x01\x01\x15\x01L\x0d\x0d\x00\x00\x0d\x15\x0d\x14\x13\x11\
\x00\x0c\x00\x0b\x11\x11$\x08\x07\x17+\x00\x16\x15\x14\x06\
##\x15#\x113\x153\x12654&##\x15\
3\x01\xe2vxk\xcdQQ\xcdFLLO\xc4\xc4\
\x02&d[[e\xa7\x02\xc1\x9b\xfe\xc5=??<\
\xf7\x00\x02\x00=\xff8\x02\xbf\x02\xc9\x00\x16\x00\x22\x00\
*@'\x16\x01\x00\x02\x01J\x04\x03\x02\x00G\x00\x03\
\x03\x01_\x00\x01\x01\x1cK\x00\x02\x02\x00_\x00\x00\x00\
\x1d\x00L$(&&\x04\x07\x18+$\x16\x17\x17\x07\
'&#\x22&&546632\x16\x16\x15\x14\
\x06\x07$\x1632654&#\x22\x06\x15\x02\x0f\
\x22\x12CES#Mb\x91NM\x91cb\x91N\
g_\xfe\x98}pp}|qp}\x06!\x1dl\
$\x879X\xa2no\xa3WW\xa3n\x80\xb1#\xc9\
\x98\x97\x8c\x8c\x96\x97\x8b\x00\x02\x00W\x00\x00\x02\x82\x02\
\xc1\x00\x13\x00\x1c\x002@/\x10\x01\x01\x04\x01J\x06\
\x01\x04\x00\x01\x00\x04\x01e\x00\x05\x05\x03]\x00\x03\x03\
\x14K\x02\x01\x00\x00\x15\x00L\x15\x14\x1b\x19\x14\x1c\x15\
\x1c!\x11#\x10\x07\x07\x18+!#'&&##\
\x11#\x11!2\x16\x15\x14\x06\x07\x16\x16\x17'26\
54&##\x11\x02\x82Zx\x16;3\x84Q\x01\
\x22sy]V\x1b)\x11\x95RQPS\xca\xe2)\
\x1f\xfe\xd6\x02\xc1fcRe\x0d\x08& \x88DE\
DB\xfe\xf1\x00\xff\xff\x00W\x00\x00\x02\x82\x03\x95\x00\
\x22\x00\xa4\x00\x00\x00\x03\x02\xd5\x01\xeb\x00\x00\xff\xff\x00\
W\x00\x00\x02\x82\x03\x95\x00\x22\x00\xa4\x00\x00\x00\x03\x02\
\xd8\x01\xeb\x00\x00\xff\xff\x00W\xfe\xfd\x02\x82\x02\xc1\x00\
\x22\x00\xa4\x00\x00\x00\x03\x02\xcc\x01\xeb\x00\x00\xff\xff\x00\
W\x00\x00\x02\x82\x03\x95\x00\x22\x00\xa4\x00\x00\x00\x03\x02\
\xde\x01\xeb\x00\x00\xff\xff\x00W\xffJ\x02\x82\x02\xc1\x00\
\x22\x00\xa4\x00\x00\x00\x03\x02\xca\x01\xeb\x00\x00\xff\xff\x00\
W\x00\x00\x02\x82\x03\x8a\x00\x22\x00\xa4\x00\x00\x00\x03\x02\
\xdf\x01\xeb\x00\x00\xff\xff\x00W\xffX\x02\x82\x02\xc1\x00\
\x22\x00\xa4\x00\x00\x00\x03\x02\xd0\x01\xeb\x00\x00\x00\x01\x00\
/\xff\xf8\x02;\x02\xc9\x00)\x00.@+\x18\x17\x02\
\x01\x04\x00\x02\x01J\x00\x02\x02\x01_\x00\x01\x01\x1cK\
\x00\x00\x00\x03_\x04\x01\x03\x03\x1d\x03L\x00\x00\x00)\
\x00(%-$\x05\x07\x17+\x16'7\x16\x1632\
654&&'.\x02546632\x16\x17\
\x07&&#\x22\x06\x15\x14\x16\x17\x1e\x02\x15\x14\x06\x06\
#\x92c 4mHU\x5c,H=RiA?\
uMI\x7f,\x1f2g<R]RS[hE\
?vO\x08Y?,&B<#,\x1a\x0e\x13*\
N?<]3.+?+'E>56\x13\x16\
%J><Z1\x00\xff\xff\x00/\xff\xf8\x02;\x03\
\x95\x00\x22\x00\xac\x00\x00\x00\x03\x02\xd5\x01\xcb\x00\x00\xff\
\xff\x00/\xff\xf8\x02;\x03\x95\x00\x22\x00\xac\x00\x00\x00\
#\x02\xd5\x01\xd3\x00\x00\x01\x07\x02\xd3\x01[\x00\x1d\x00\
\x08\xb1\x02\x01\xb0\x1d\xb03+\xff\xff\x00/\xff\xf8\x02\
;\x03\x95\x00\x22\x00\xac\x00\x00\x00\x03\x02\xd8\x01\xcb\x00\
\x00\xff\xff\x00/\xff\xf8\x02;\x04\x17\x00\x22\x00\xac\x00\
\x00\x00#\x02\xd8\x01\xcb\x00\x00\x01\x07\x02\xd3\x01\xcb\x00\
\xa0\x00\x08\xb1\x02\x01\xb0\xa0\xb03+\x00\x01\x00/\xff\
?\x02;\x02\xc9\x00A\x00\x83@\x1743\x1e\x1d\x04\
\x06\x08\x1a\x03\x02\x04\x01\x19\x0f\x02\x03\x04\x0e\x01\x02\x03\
\x04JK\xb0\x0bPX@(\x00\x01\x00\x04\x03\x01\x04\
g\x00\x08\x08\x07_\x00\x07\x07\x1cK\x00\x06\x06\x00_\
\x05\x01\x00\x00\x1dK\x00\x03\x03\x02_\x00\x02\x02!\x02\
L\x1b@(\x00\x01\x00\x04\x03\x01\x04g\x00\x08\x08\x07\
_\x00\x07\x07\x1cK\x00\x06\x06\x00_\x05\x01\x00\x00 \
K\x00\x03\x03\x02_\x00\x02\x02!\x02LY@\x0c%\
-$\x13$$$\x22\x11\x09\x07\x1d+$\x06\x07\x07\
632\x16\x15\x14\x06#\x22&'7\x16326\
54&#\x22\x07'7&'7\x16\x16326\
54&&'.\x02546632\x16\x17\x07\
&&#\x22\x06\x15\x14\x16\x17\x1e\x02\x15\x02;\x82o\
\x04\x10\x08 ,=7\x142\x12\x0d$(\x1b\x1c\x12\
\x11\x16\x17\x14\x08\x8bX 4mHU\x5c,H=\
RiA?uMI\x7f,\x1f2g<R]R\
S[hEhl\x04#\x02#\x22$/\x0a\x09+\
\x0e\x12\x11\x0d\x0e\x09\x10E\x09O?,&B<#\
,\x1a\x0e\x13*N?<]3.+?+'E\
>56\x13\x16%J>\x00\xff\xff\x00/\xff\xf8\x02\
;\x03\x95\x00\x22\x00\xac\x00\x00\x00\x03\x02\xd7\x01\xcb\x00\
\x00\xff\xff\x00/\xfe\xfd\x02;\x02\xc9\x00\x22\x00\xac\x00\
\x00\x00\x03\x02\xcc\x01\xce\x00\x00\xff\xff\x00/\xff\xf8\x02\
;\x03w\x00\x22\x00\xac\x00\x00\x00\x03\x02\xd3\x01\xcb\x00\
\x00\xff\xff\x00/\xffJ\x02;\x02\xc9\x00\x22\x00\xac\x00\
\x00\x00\x03\x02\xca\x01\xce\x00\x00\xff\xff\x00/\xffJ\x02\
;\x03w\x00\x22\x00\xac\x00\x00\x00#\x02\xca\x01\xce\x00\
\x00\x00\x03\x02\xd3\x01\xcb\x00\x00\x00\x01\x00W\xff\xf9\x02\
v\x02\xc8\x00*\x00\x7fK\xb0!PX@\x0e*\x01\
\x02\x03\x0a\x01\x01\x02\x09\x01\x00\x01\x03J\x1b@\x0e*\
\x01\x02\x03\x0a\x01\x01\x02\x09\x01\x05\x01\x03JYK\xb0\
!PX@\x1e\x00\x03\x00\x02\x01\x03\x02e\x00\x04\x04\
\x06_\x00\x06\x06\x1cK\x00\x01\x01\x00_\x05\x01\x00\x00\
 \x00L\x1b@\x22\x00\x03\x00\x02\x01\x03\x02e\x00\x04\
\x04\x06_\x00\x06\x06\x1cK\x00\x05\x05\x15K\x00\x01\x01\
\x00_\x00\x00\x00 \x00LY@\x0a#\x13$!#\
%%\x07\x07\x1b+\x00\x16\x15\x14\x06\x06#\x22&'\
7\x16\x1632654##532654\
&#\x22\x06\x15\x11#\x114632\x16\x15\x14\x06\
\x07\x02)M7c@4^%\x1c'G%DM\
\xa7\x7f`HOPG]ZQ\x86\x83j|5/\
\x01a[E:[3!\x1f?\x1e\x1cG?\x7fE\
B=:A]a\xfe<\x01\xc8\x7f\x81fV7R\
\x13\x00\x02\x00=\xff\xf8\x02\xa9\x02\xc9\x00\x16\x00\x1d\x00\
=@:\x13\x12\x02\x01\x02\x01J\x00\x01\x00\x04\x05\x01\
\x04e\x00\x02\x02\x03_\x06\x01\x03\x03\x1cK\x07\x01\x05\
\x05\x00_\x00\x00\x00\x1d\x00L\x17\x17\x00\x00\x17\x1d\x17\
\x1c\x1a\x19\x00\x16\x00\x15\x22\x14&\x08\x07\x17+\x00\x16\
\x16\x15\x14\x06\x06#\x22&&55!&&#\x22\
\x07'663\x1267!\x16\x163\x01\xc3\x96P\
K\x8b]`\x8dL\x02\x18\x09\x81o\x80^\x1f-\x87\
J}u\x06\xfe<\x06wf\x02\xc9W\xa2om\xa3\
YV\xa2o)y\x82R?*/\xfdu\x88}}\
\x88\x00\x01\x00\x0c\x00\x00\x02J\x02\xc1\x00\x07\x00!@\
\x1e\x02\x01\x00\x00\x01]\x00\x01\x01\x14K\x04\x01\x03\x03\
\x15\x03L\x00\x00\x00\x07\x00\x07\x11\x11\x11\x05\x07\x17+\
!\x11#5!\x15#\x11\x01\x01\xf5\x02>\xf6\x02{\
FF\xfd\x85\x00\x00\x01\x00\x0c\x00\x00\x02J\x02\xc1\x00\
\x0f\x00)@&\x05\x01\x01\x04\x01\x02\x03\x01\x02e\x06\
\x01\x00\x00\x07]\x00\x07\x07\x14K\x00\x03\x03\x15\x03L\
\x11\x11\x11\x11\x11\x11\x11\x10\x08\x07\x1c+\x01#\x153\
\x15#\x11#\x11#535#5!\x02J\xf6\x8e\
\x8eS\x8e\x8e\xf5\x02>\x02{\xf4C\xfe\xbc\x01DC\
\xf4F\x00\xff\xff\x00\x0c\x00\x00\x02J\x03\x95\x00\x22\x00\
\xb9\x00\x00\x00\x03\x02\xd8\x01\xc1\x00\x00\x00\x01\x00\x0c\xff\
?\x02J\x02\xc1\x00!\x00L@I\x18\x01\x02\x03\x00\
\x17\x0d\x02\x02\x03\x0c\x01\x01\x02\x03J\x19\x01\x07\x01I\
\x00\x00\x00\x03\x02\x00\x03g\x06\x01\x04\x04\x05]\x00\x05\
\x05\x14K\x08\x01\x07\x07\x15K\x00\x02\x02\x01_\x00\x01\
\x01!\x01L\x00\x00\x00!\x00!\x11\x11\x15$$$\
\x22\x09\x07\x1b+!\x07632\x16\x15\x14\x06#\x22\
&'7\x1632654&#\x22\x07'7#\
\x11#5!\x15#\x11\x01>\x05\x10\x08 ,=7\
\x142\x12\x0d$(\x1b\x1c\x12\x11\x16\x17\x14\x09\x05\xf5\
\x02>\xf6+\x02#\x22$/\x0a\x09+\x0e\x12\x11\x0d\
\x0e\x09\x10L\x02{FF\xfd\x85\x00\xff\xff\x00\x0c\xfe\
\xfd\x02J\x02\xc1\x00\x22\x00\xb9\x00\x00\x00\x03\x02\xcc\x01\
\xc1\x00\x00\xff\xff\x00\x0c\xffJ\x02J\x02\xc1\x00\x22\x00\
\xb9\x00\x00\x00\x03\x02\xca\x01\xc1\x00\x00\xff\xff\x00\x0c\xff\
X\x02J\x02\xc1\x00\x22\x00\xb9\x00\x00\x00\x03\x02\xd0\x01\
\xc1\x00\x00\x00\x01\x00R\xff\xf8\x02\x82\x02\xc1\x00\x11\x00\
!@\x1e\x02\x01\x00\x00\x14K\x00\x01\x01\x03_\x04\x01\
\x03\x03\x1d\x03L\x00\x00\x00\x11\x00\x10\x13#\x13\x05\x07\
\x17+\x16&5\x113\x11\x14\x163265\x113\
\x11\x14\x06#\xe0\x8eQebbdR\x8f\x89\x08\x90\
\x8c\x01\xad\xfeLghhg\x01\xb4\xfeS\x8b\x91\xff\
\xff\x00R\xff\xf8\x02\x82\x03\x95\x00\x22\x00\xc0\x00\x00\x00\
\x03\x02\xd5\x02\x00\x00\x00\xff\xff\x00R\xff\xf8\x02\x82\x03\
\x89\x00\x22\x00\xc0\x00\x00\x00\x03\x02\xd9\x02\x00\x00\x00\xff\
\xff\x00R\xff\xf8\x02\x82\x03\x95\x00\x22\x00\xc0\x00\x00\x00\
\x03\x02\xd7\x02\x00\x00\x00\xff\xff\x00R\xff\xf8\x02\x82\x03\
\x95\x00\x22\x00\xc0\x00\x00\x00\x03\x02\xde\x02\x00\x00\x00\xff\
\xff\x00R\xff\xf8\x02\x82\x03u\x00\x22\x00\xc0\x00\x00\x00\
\x03\x02\xd2\x02\x00\x00\x00\xff\xff\x00R\xffJ\x02\x82\x02\
\xc1\x00\x22\x00\xc0\x00\x00\x00\x03\x02\xca\x02\x00\x00\x00\xff\
\xff\x00R\xff\xf8\x02\x82\x03\x95\x00\x22\x00\xc0\x00\x00\x00\
\x03\x02\xd4\x02\x00\x00\x00\xff\xff\x00R\xff\xf8\x02\x82\x03\
\x99\x00\x22\x00\xc0\x00\x00\x00\x03\x02\xdd\x02\x00\x00\x00\x00\
\x01\x00R\xff\xf8\x02\xf7\x03>\x00\x1a\x00-@*\x04\
\x01\x02\x01\x01J\x05\x01\x04\x01\x04\x83\x03\x01\x01\x01\x14\
K\x00\x02\x02\x00_\x00\x00\x00\x1d\x00L\x00\x00\x00\x1a\
\x00\x1a##\x13'\x06\x07\x18+\x01\x15\x14\x06\x07\x11\
\x14\x06#\x22&5\x113\x11\x14\x163265\x11\
36655\x02\xf7=8\x8f\x89\x8a\x8eQeb\
bd\x188/\x03>\x1b;K\x0b\xfe\x82\x8b\x91\x90\
\x8c\x01\xad\xfeLghhg\x01\xb4\x012;\x0f\xff\
\xff\x00R\xff\xf8\x02\xf7\x03\x95\x00\x22\x00\xc9\x00\x00\x00\
\x03\x02\xd5\x02\x00\x00\x00\xff\xff\x00R\xffJ\x02\xf7\x03\
>\x00\x22\x00\xc9\x00\x00\x00\x03\x02\xca\x02\x00\x00\x00\xff\
\xff\x00R\xff\xf8\x02\xf7\x03\x95\x00\x22\x00\xc9\x00\x00\x00\
\x03\x02\xd4\x02\x00\x00\x00\xff\xff\x00R\xff\xf8\x02\xf7\x03\
\x99\x00\x22\x00\xc9\x00\x00\x00\x03\x02\xdd\x02\x00\x00\x00\xff\
\xff\x00R\xff\xf8\x02\xf7\x03\x85\x00\x22\x00\xc9\x00\x00\x00\
\x03\x02\xdb\x02\x00\x00\x00\xff\xff\x00R\xff\xf8\x02\x82\x03\
\x95\x00\x22\x00\xc0\x00\x00\x00\x03\x02\xd6\x02\x00\x00\x00\xff\
\xff\x00R\xff\xf8\x02\x82\x03\x8a\x00\x22\x00\xc0\x00\x00\x00\
\x03\x02\xdf\x02\x00\x00\x00\xff\xff\x00R\xff\xf8\x02\x82\x03\
h\x00\x22\x00\xc0\x00\x00\x00\x03\x02\xdc\x02\x00\x00\x00\xff\
\xff\x00R\xff\xf8\x02\x82\x04\x15\x00\x22\x00\xc0\x00\x00\x00\
#\x02\xdc\x02\x00\x00\x00\x01\x07\x02\xd2\x02\x00\x00\xa0\x00\
\x08\xb1\x02\x02\xb0\xa0\xb03+\x00\x01\x00R\xff?\x02\
\x82\x02\xc1\x00\x22\x007@4\x0c\x01\x00\x02\x0d\x01\x01\
\x00\x02J\x06\x05\x02\x03\x03\x14K\x00\x04\x04\x02_\x00\
\x02\x02\x1dK\x00\x00\x00\x01_\x00\x01\x01!\x01L\x00\
\x00\x00\x22\x00\x22#\x13$#)\x07\x07\x19+\x01\x11\
\x14\x06\x07\x06\x06\x15\x14\x16327\x17\x06#\x22&\
547#\x22&5\x113\x11\x14\x163265\
\x11\x02\x82WT)'\x22\x1f\x1a \x10#24A\
%\x03\x8a\x8eQebbd\x02\xc1\xfeSl\x88\x1a\
\x0d(\x1e\x1e!\x11/\x17;.1\x1f\x90\x8c\x01\xad\
\xfeLghhg\x01\xb4\x00\xff\xff\x00R\xff\xf8\x02\
\x82\x03\xbe\x00\x22\x00\xc0\x00\x00\x00\x03\x02\xda\x02\x00\x00\
\x00\xff\xff\x00R\xff\xf8\x02\x82\x03\x85\x00\x22\x00\xc0\x00\
\x00\x00\x03\x02\xdb\x02\x00\x00\x00\xff\xff\x00R\xff\xf8\x02\
\x82\x045\x00\x22\x00\xc0\x00\x00\x00#\x02\xdb\x02\x00\x00\
\x00\x01\x07\x02\xd5\x02\x00\x00\xa0\x00\x08\xb1\x02\x01\xb0\xa0\
\xb03+\x00\x01\x00\x02\x00\x00\x02\xb1\x02\xc1\x00\x06\x00\
\x1b@\x18\x06\x01\x01\x00\x01J\x02\x01\x00\x00\x14K\x00\
\x01\x01\x15\x01L\x11\x11\x10\x03\x07\x17+\x013\x01#\
\x013\x01\x02]T\xfe\xccG\xfe\xccV\x01\x02\x02\xc1\
\xfd?\x02\xc1\xfd\xa6\x00\x00\x01\x00!\x00\x00\x04+\x02\
\xc1\x00\x0c\x00!@\x1e\x0c\x09\x04\x03\x01\x00\x01J\x04\
\x03\x02\x00\x00\x14K\x02\x01\x01\x01\x15\x01L\x12\x11\x12\
\x11\x10\x05\x07\x19+\x013\x03#\x03\x03#\x033\x13\
\x13\x17\x13\x03\xdbP\xf6F\xc9\xc9E\xf7S\xc8\xcd>\
\xca\x02\xc1\xfd?\x02A\xfd\xbf\x02\xc1\xfd\xb3\x02M\x01\
\xfd\xb3\x00\xff\xff\x00!\x00\x00\x04+\x03\x95\x00\x22\x00\
\xd8\x00\x00\x00\x03\x02\xd5\x02\xbc\x00\x00\xff\xff\x00!\x00\
\x00\x04+\x03\x95\x00\x22\x00\xd8\x00\x00\x00\x03\x02\xd7\x02\
\xbc\x00\x00\xff\xff\x00!\x00\x00\x04+\x03u\x00\x22\x00\
\xd8\x00\x00\x00\x03\x02\xd2\x02\xbc\x00\x00\xff\xff\x00!\x00\
\x00\x04+\x03\x95\x00\x22\x00\xd8\x00\x00\x00\x03\x02\xd4\x02\
\xbc\x00\x00\x00\x01\x00\x08\x00\x00\x02~\x02\xc1\x00\x0b\x00\
\x1f@\x1c\x09\x06\x03\x03\x00\x02\x01J\x03\x01\x02\x02\x14\
K\x01\x01\x00\x00\x15\x00L\x12\x12\x12\x11\x04\x07\x18+\
\x01\x01#\x03\x03#\x01\x013\x13\x133\x01r\x01\x0c\
a\xda\xdaa\x01\x0c\xff\x01a\xce\xce`\x01h\xfe\x98\
\x01+\xfe\xd5\x01i\x01X\xfe\xe5\x01\x1b\x00\x00\x01\xff\
\xee\x00\x00\x02j\x02\xc1\x00\x08\x00#@ \x07\x04\x01\
\x03\x00\x01\x01J\x03\x02\x02\x01\x01\x14K\x00\x00\x00\x15\
\x00L\x00\x00\x00\x08\x00\x08\x12\x12\x04\x07\x16+\x01\x01\
\x11#\x11\x013\x13\x13\x02j\xfe\xebR\xfe\xeb_\xe0\
\xe0\x02\xc1\xfe\x8c\xfe\xb3\x01N\x01s\xfe\xd0\x010\xff\
\xff\xff\xee\x00\x00\x02j\x03\x95\x00\x22\x00\xde\x00\x00\x00\
\x03\x02\xd5\x01\xc2\x00\x00\xff\xff\xff\xee\x00\x00\x02j\x03\
\x95\x00\x22\x00\xde\x00\x00\x00\x03\x02\xd7\x01\xc2\x00\x00\xff\
\xff\xff\xee\x00\x00\x02j\x03u\x00\x22\x00\xde\x00\x00\x00\
\x03\x02\xd2\x01\xc2\x00\x00\xff\xff\xff\xee\x00\x00\x02j\x03\
w\x00\x22\x00\xde\x00\x00\x00\x03\x02\xd3\x01\xc2\x00\x00\xff\
\xff\xff\xee\xffJ\x02j\x02\xc1\x00\x22\x00\xde\x00\x00\x00\
\x03\x02\xca\x01\xc2\x00\x00\xff\xff\xff\xee\x00\x00\x02j\x03\
\x95\x00\x22\x00\xde\x00\x00\x00\x03\x02\xd4\x01\xc2\x00\x00\xff\
\xff\xff\xee\x00\x00\x02j\x03\x99\x00\x22\x00\xde\x00\x00\x00\
\x03\x02\xdd\x01\xc2\x00\x00\xff\xff\xff\xee\x00\x00\x02j\x03\
h\x00\x22\x00\xde\x00\x00\x00\x03\x02\xdc\x01\xc2\x00\x00\xff\
\xff\xff\xee\x00\x00\x02j\x03\x85\x00\x22\x00\xde\x00\x00\x00\
\x03\x02\xdb\x01\xc2\x00\x00\x00\x01\x00-\x00\x00\x02)\x02\
\xc1\x00\x09\x00)@&\x09\x01\x02\x03\x04\x01\x01\x00\x02\
J\x00\x02\x02\x03]\x00\x03\x03\x14K\x00\x00\x00\x01]\
\x00\x01\x01\x15\x01L\x11\x12\x11\x10\x04\x07\x18+7!\
\x15!5\x01!5!\x15\x8b\x01\x9e\xfe\x04\x01\x93\xfe\
m\x01\xf2EE=\x02?E<\x00\xff\xff\x00-\x00\
\x00\x02)\x03\x95\x00\x22\x00\xe8\x00\x00\x00\x03\x02\xd5\x01\
\xbd\x00\x00\xff\xff\x00-\x00\x00\x02)\x03\x95\x00\x22\x00\
\xe8\x00\x00\x00\x03\x02\xd8\x01\xbd\x00\x00\xff\xff\x00-\x00\
\x00\x02)\x03w\x00\x22\x00\xe8\x00\x00\x00\x03\x02\xd3\x01\
\xbd\x00\x00\xff\xff\x00-\xffJ\x02)\x02\xc1\x00\x22\x00\
\xe8\x00\x00\x00\x03\x02\xca\x01\xc1\x00\x00\xff\xff\x00W\xff\
\xf9\x02g\x03\x95\x00\x22\x00T\x00\x00\x00#\x02\xd5\x01\
\x16\x00\x00\x00#\x00c\x01\x00\x00\x00\x00\x03\x02\xd5\x02\
\x5c\x00\x00\x00\x02\x00:\xff\xf9\x01\xc9\x01\xf3\x00\x1b\x00\
'\x00w@\x0e\x18\x01\x03\x04\x17\x01\x02\x03\x05\x01\x06\
\x05\x03JK\xb0!PX@ \x00\x02\x00\x05\x06\x02\
\x05g\x00\x03\x03\x04_\x07\x01\x04\x04\x1fK\x08\x01\x06\
\x06\x00_\x01\x01\x00\x00\x15\x00L\x1b@$\x00\x02\x00\
\x05\x06\x02\x05g\x00\x03\x03\x04_\x07\x01\x04\x04\x1fK\
\x00\x00\x00\x15K\x08\x01\x06\x06\x01_\x00\x01\x01 \x01\
LY@\x15\x1c\x1c\x00\x00\x1c'\x1c&!\x1f\x00\x1b\
\x00\x1a#&#\x13\x09\x07\x18+\x00\x16\x15\x11#5\
\x06\x06#\x22&&54663354&#\
\x22\x07'663\x12655#\x22\x06\x06\x15\x14\
\x163\x01n[O\x13N3/O.8\x80r\x16\
28TS\x1b&k2\x1cM\x12X\x5c'9+\
\x01\xf3_a\xfe\xcdS+/&D)7=\x1b!\
=74;\x1b!\xfeFQ@\x1d\x0f#\x22'3\
\x00\xff\xff\x00:\xff\xf9\x01\xc9\x02\xf1\x00\x22\x00\xee\x00\
\x00\x00\x03\x02\xbc\x01\xa8\x00\x00\xff\xff\x00:\xff\xf9\x01\
\xc9\x02\xd9\x00\x22\x00\xee\x00\x00\x00\x03\x02\xc1\x01\xa8\x00\
\x00\xff\xff\x00:\xff\xf9\x01\xc9\x03\x1c\x00\x22\x00\xee\x00\
\x00\x00\x03\x02\xf9\x01\xa8\x00\x00\xff\xff\x00:\xffJ\x01\
\xc9\x02\xd9\x00\x22\x00\xee\x00\x00\x00#\x02\xca\x01\xa5\x00\
\x00\x00\x03\x02\xc1\x01\xa8\x00\x00\xff\xff\x00:\xff\xf9\x01\
\xc9\x03\x1c\x00\x22\x00\xee\x00\x00\x00\x03\x02\xfa\x01\xa8\x00\
\x00\xff\xff\x00:\xff\xf9\x01\xc9\x03!\x00\x22\x00\xee\x00\
\x00\x00\x03\x02\xfb\x01\xa8\x00\x00\xff\xff\x00:\xff\xf9\x01\
\xc9\x03$\x00\x22\x00\xee\x00\x00\x00\x03\x02\xfc\x01\xa8\x00\
\x00\xff\xff\x00:\xff\xf9\x01\xc9\x02\xf1\x00\x22\x00\xee\x00\
\x00\x00\x03\x02\xc0\x01\xa8\x00\x00\xff\xff\x00:\xff\xf9\x01\
\xc9\x02\xf1\x00\x22\x00\xee\x00\x00\x00\x03\x02\xbf\x01\xa8\x00\
\x00\xff\xff\x00:\xff\xf9\x02\x17\x03\x1c\x00\x22\x00\xee\x00\
\x00\x00\x03\x02\xfd\x01\xa8\x00\x00\xff\xff\x00:\xffJ\x01\
\xc9\x02\xf1\x00\x22\x00\xee\x00\x00\x00#\x02\xca\x01\xa5\x00\
\x00\x00\x03\x02\xbf\x01\xa8\x00\x00\xff\xff\x00:\xff\xf9\x01\
\xc9\x03\x1c\x00\x22\x00\xee\x00\x00\x00\x03\x02\xfe\x01\xa8\x00\
\x00\xff\xff\x00:\xff\xf9\x01\xe9\x03!\x00\x22\x00\xee\x00\
\x00\x00\x03\x02\xff\x01\xa8\x00\x00\xff\xff\x00:\xff\xf9\x01\
\xc9\x03-\x00\x22\x00\xee\x00\x00\x00\x03\x03\x00\x01\xa8\x00\
\x00\xff\xff\x00:\xff\xf9\x01\xc9\x02\xf1\x00\x22\x00\xee\x00\
\x00\x00\x03\x02\xc6\x01\xa8\x00\x00\xff\xff\x00:\xff\xf9\x01\
\xc9\x02\xb7\x00\x22\x00\xee\x00\x00\x00\x03\x02\xb9\x01\xa8\x00\
\x00\xff\xff\x00:\xff\xf9\x01\xc9\x02\xba\x00\x22\x00\xee\x00\
\x00\x00\x03\x02\xba\x01\xa8\x00\x00\xff\xff\x00:\xffJ\x01\
\xc9\x01\xf3\x00\x22\x00\xee\x00\x00\x00\x03\x02\xca\x01\xa5\x00\
\x00\xff\xff\x00:\xff\xf9\x01\xc9\x02\xf1\x00\x22\x00\xee\x00\
\x00\x00\x03\x02\xbb\x01\xa8\x00\x00\xff\xff\x00:\xff\xf9\x01\
\xc9\x02\xf5\x00\x22\x00\xee\x00\x00\x00\x03\x02\xc5\x01\xa8\x00\
\x00\xff\xff\x00:\xff\xf9\x01\xc9\x02\xd8\x00\x22\x00\xee\x00\
\x00\x00\x03\x02\xc7\x01\xa8\x00\x00\xff\xff\x00:\xff\xf9\x01\
\xc9\x02\xab\x00\x22\x00\xee\x00\x00\x00\x03\x02\xc4\x01\xa8\x00\
\x00\x00\x02\x00:\xff?\x01\xf5\x01\xf3\x00,\x008\x00\
\xacK\xb0!PX@\x16\x1c\x01\x03\x04\x1b\x01\x02\x03\
\x09\x01\x08\x07\x08\x01\x01\x08,\x01\x06\x01\x05J\x1b@\
\x16\x1c\x01\x03\x04\x1b\x01\x02\x03\x09\x01\x08\x07\x08\x01\x05\
\x08,\x01\x06\x01\x05JYK\xb0!PX@)\x00\
\x02\x00\x07\x08\x02\x07g\x00\x03\x03\x04_\x00\x04\x04\x1f\
K\x09\x01\x08\x08\x01_\x05\x01\x01\x01 K\x00\x06\x06\
\x00_\x00\x00\x00!\x00L\x1b@-\x00\x02\x00\x07\x08\
\x02\x07g\x00\x03\x03\x04_\x00\x04\x04\x1fK\x00\x05\x05\
\x15K\x09\x01\x08\x08\x01_\x00\x01\x01 K\x00\x06\x06\
\x00_\x00\x00\x00!\x00LY@\x11---8-\
7%$#$#&(!\x0a\x07\x1c+\x05\x06#\
\x22&54675\x06\x06#\x22&&546\
63354&#\x22\x07'6632\x16\x15\
\x11#\x22\x06\x15\x14\x16327&655#\x22\
\x06\x06\x15\x14\x163\x01\xf5#24A)&\x13N\
3/O.8\x80r\x1628TS\x1b&k2\
][\x06'2\x22\x1f\x1b\x1f\xb8M\x12W]'9\
+\xaa\x17;/%:\x11:+/&D)6>\
\x1b!=74;\x1b!_a\xfe\xcd+\x22\x1e!\
\x11\xb4Q@\x1d\x0f$!'3\x00\xff\xff\x00:\xff\
\xf9\x01\xc9\x02\xef\x00\x22\x00\xee\x00\x00\x00\x03\x02\xc2\x01\
\xa8\x00\x00\x00\x04\x00:\xff\xf9\x01\xea\x03R\x00\x0f\x00\
\x1b\x007\x00C\x00\xbe@\x13\x0a\x07\x02\x04\x004\x01\
\x08\x093\x01\x07\x08!\x01\x0b\x0a\x04JK\xb0!P\
X@7\x00\x01\x00\x01\x83\x00\x00\x0d\x01\x04\x03\x00\x04\
g\x00\x03\x0c\x01\x02\x09\x03\x02g\x00\x07\x00\x0a\x0b\x07\
\x0ag\x00\x08\x08\x09_\x0e\x01\x09\x09\x1fK\x0f\x01\x0b\
\x0b\x05_\x06\x01\x05\x05\x15\x05L\x1b@;\x00\x01\x00\
\x01\x83\x00\x00\x0d\x01\x04\x03\x00\x04g\x00\x03\x0c\x01\x02\
\x09\x03\x02g\x00\x07\x00\x0a\x0b\x07\x0ag\x00\x08\x08\x09\
_\x0e\x01\x09\x09\x1fK\x00\x05\x05\x15K\x0f\x01\x0b\x0b\
\x06_\x00\x06\x06 \x06LY@)88\x1c\x1c\x10\
\x10\x00\x008C8B=;\x1c7\x1c620-\
+%# \x1f\x10\x1b\x10\x1a\x16\x14\x00\x0f\x00\x0e\x12\
$\x10\x07\x16+\x12&54632\x1773\x07\
\x16\x15\x14\x06#&\x06\x15\x14\x1632654&\
#\x16\x16\x15\x11#5\x06\x06#\x22&&546\
63354&#\x22\x07'663\x1265\
5#\x22\x06\x06\x15\x14\x163\xe8;;*\x1d\x17K\
Y\x81\x0e;*\x15\x1b\x1b\x15\x15\x1b\x1b\x15\x5c[O\
\x13N3/O.8\x80r\x1628TS\x1b&\
k2\x1cM\x12X\x5c'9+\x02*9**9\
\x0ep\x91\x17\x1d*9\x95\x1d\x15\x15\x1d\x1d\x15\x15\x1d\
\xcc_a\xfe\xcdS+/&D)7=\x1b!=\
74;\x1b!\xfeFQ@\x1d\x0f#\x22'3\xff\
\xff\x00:\xff\xf9\x01\xc9\x02\xc8\x00\x22\x00\xee\x00\x00\x00\
\x03\x02\xc3\x01\xa8\x00\x00\x00\x03\x00:\xff\xf9\x03)\x01\
\xf3\x00+\x002\x00>\x00V@S \x01\x05\x06%\
\x1f\x02\x04\x05\x0d\x06\x02\x01\x00\x07\x01\x02\x01\x04J\x08\
\x01\x04\x0a\x01\x00\x01\x04\x00g\x0c\x09\x02\x05\x05\x06_\
\x07\x01\x06\x06\x1fK\x0d\x0b\x02\x01\x01\x02_\x03\x01\x02\
\x02 \x02L33,,3>3=86,2\
,1\x15#$#&$$\x22\x10\x0e\x07\x1d+%\
!\x16\x16327\x17\x06\x06#\x22&'\x06\x06#\
\x22&&54663354&#\x22\x07'\
6632\x176632\x16\x15$\x06\x07!&\
&#\x00655#\x22\x06\x06\x15\x14\x163\x03)\
\xfe\xa3\x04RJQI\x1b c2Jh\x1b\x13\x5c\
B2R08\x81s\x1737UU\x1b&l2\
{'\x1dY6^k\xfe\xf8L\x07\x01\x14\x03D<\
\xfe\xd2L\x13X^';.\xe7UW:;\x1d$\
@<;A&C*7=\x1b\x1e>94;\x1b\
!W*-\x81o\xb1PIJO\xfe\x85TA\x19\
\x0f$!(2\xff\xff\x00:\xff\xf9\x03)\x02\xf1\x00\
\x22\x01\x09\x00\x00\x00\x03\x02\xbc\x02;\x00\x00\x00\x02\x00\
K\xff\xf9\x02\x18\x02\xc1\x00\x12\x00\x1e\x00h\xb6\x0f\x0a\
\x02\x05\x04\x01JK\xb0!PX@\x1d\x00\x02\x02\x14\
K\x00\x04\x04\x03_\x06\x01\x03\x03\x1fK\x07\x01\x05\x05\
\x00_\x01\x01\x00\x00 \x00L\x1b@!\x00\x02\x02\x14\
K\x00\x04\x04\x03_\x06\x01\x03\x03\x1fK\x00\x01\x01\x15\
K\x07\x01\x05\x05\x00_\x00\x00\x00 \x00LY@\x14\
\x13\x13\x00\x00\x13\x1e\x13\x1d\x19\x17\x00\x12\x00\x11\x11\x13\
&\x08\x07\x17+\x00\x16\x16\x15\x14\x06\x06#\x22&'\
\x15#\x113\x11663\x12654&#\x22\x06\
\x15\x14\x163\x01\x80b66b@9U\x16QQ\
\x16U97NNGGMMG\x01\xf3>rK\
Ls@2.Y\x02\xc1\xfe\xd2.2\xfeIcY\
W``YYa\x00\x00\x01\x00.\xff\xf9\x01\xc8\x01\
\xf3\x00\x19\x004@1\x0a\x01\x01\x00\x15\x0b\x02\x02\x01\
\x16\x01\x03\x02\x03J\x00\x01\x01\x00_\x00\x00\x00\x1fK\
\x00\x02\x02\x03_\x04\x01\x03\x03 \x03L\x00\x00\x00\x19\
\x00\x18$$&\x05\x07\x17+\x16&&5466\
32\x16\x17\x07&#\x22\x06\x15\x14\x16327\x17\
\x06\x06#\xd1j9;kH1^\x1d\x1bEGK\
TTKGE\x1b\x1f^2\x07>qLLs@\
#\x1d<8bYX`8<\x1d\x22\x00\xff\xff\x00\
.\xff\xf9\x01\xc8\x02\xf1\x00\x22\x01\x0c\x00\x00\x00\x03\x02\
\xbc\x01\xae\x00\x00\xff\xff\x00.\xff\xf9\x01\xc8\x02\xf1\x00\
\x22\x01\x0c\x00\x00\x00\x03\x02\xc0\x01\xae\x00\x00\x00\x01\x00\
.\xff?\x01\xc8\x01\xf3\x001\x00\x86@\x1d%\x01\x06\
\x050&\x02\x07\x061\x01\x00\x07\x1a\x03\x02\x04\x01\x19\
\x0f\x02\x03\x04\x0e\x01\x02\x03\x06JK\xb0\x0bPX@\
'\x00\x01\x00\x04\x03\x01\x04g\x00\x06\x06\x05_\x00\x05\
\x05\x1fK\x00\x07\x07\x00_\x00\x00\x00\x1dK\x00\x03\x03\
\x02_\x00\x02\x02!\x02L\x1b@'\x00\x01\x00\x04\x03\
\x01\x04g\x00\x06\x06\x05_\x00\x05\x05\x1fK\x00\x07\x07\
\x00_\x00\x00\x00 K\x00\x03\x03\x02_\x00\x02\x02!\
\x02LY@\x0b$$)$$$\x22\x11\x08\x07\x1c\
+$\x06\x07\x07632\x16\x15\x14\x06#\x22&'\
7\x1632654&#\x22\x07'7&&5\
46632\x16\x17\x07&#\x22\x06\x15\x14\x163\
27\x17\x01\xabV/\x04\x10\x08 ,=7\x151\
\x12\x0d$(\x1b\x1c\x12\x11\x16\x17\x14\x08Yg;k\
H1^\x1d\x1bEGKTTKGE\x1b\x1d\x22\
\x02$\x02#\x22$/\x0a\x09+\x0e\x12\x11\x0d\x0e\x09\
\x10H\x0e\x84fLs@#\x1d<8bYX`\
8<\x00\x00\x02\x00.\xff?\x01\xc8\x02\xf1\x00\x03\x00\
5\x00\xab@\x1d)\x01\x08\x074*\x02\x09\x085\x01\
\x02\x09\x1e\x07\x02\x06\x03\x1d\x13\x02\x05\x06\x12\x01\x04\x05\
\x06JK\xb0\x0bPX@2\x0a\x01\x01\x00\x01\x83\x00\
\x00\x07\x00\x83\x00\x03\x00\x06\x05\x03\x06g\x00\x08\x08\x07\
_\x00\x07\x07\x1fK\x00\x09\x09\x02_\x00\x02\x02\x1dK\
\x00\x05\x05\x04_\x00\x04\x04!\x04L\x1b@2\x0a\x01\
\x01\x00\x01\x83\x00\x00\x07\x00\x83\x00\x03\x00\x06\x05\x03\x06\
g\x00\x08\x08\x07_\x00\x07\x07\x1fK\x00\x09\x09\x02_\
\x00\x02\x02 K\x00\x05\x05\x04_\x00\x04\x04!\x04L\
Y@\x1a\x00\x0031-+'%\x1c\x1a\x16\x14\x10\
\x0e\x0a\x08\x06\x05\x00\x03\x00\x03\x11\x0b\x07\x15+\x01\x07\
#7\x12\x06\x07\x07632\x16\x15\x14\x06#\x22&\
'7\x1632654&#\x22\x07'7&&\
546632\x16\x17\x07&#\x22\x06\x15\x14\x16\
327\x17\x01\xbc\x888cLV/\x04\x10\x08 \
,=7\x151\x12\x0d$(\x1b\x1c\x12\x11\x16\x17\x14\
\x08Yg;kH1^\x1d\x1bEGKTTK\
GE\x1b\x02\xf1\xca\xca\xfd,\x22\x02$\x02#\x22$\
/\x0a\x09+\x0e\x12\x11\x0d\x0e\x09\x10H\x0e\x84fL\
s@#\x1d<8bYX`8<\x00\xff\xff\x00\
.\xff\xf9\x01\xc8\x02\xf1\x00\x22\x01\x0c\x00\x00\x00\x03\x02\
\xbf\x01\xae\x00\x00\xff\xff\x00.\xff\xf9\x01\xc8\x02\xba\x00\
\x22\x01\x0c\x00\x00\x00\x03\x02\xba\x01\xae\x00\x00\x00\x02\x00\
.\xff\xf9\x01\xfb\x02\xc1\x00\x12\x00\x1e\x00h\xb6\x11\x03\
\x02\x05\x04\x01JK\xb0!PX@\x1d\x06\x01\x03\x03\
\x14K\x00\x04\x04\x02_\x00\x02\x02\x1fK\x07\x01\x05\x05\
\x00_\x01\x01\x00\x00\x15\x00L\x1b@!\x06\x01\x03\x03\
\x14K\x00\x04\x04\x02_\x00\x02\x02\x1fK\x00\x00\x00\x15\
K\x07\x01\x05\x05\x01_\x00\x01\x01 \x01LY@\x14\
\x13\x13\x00\x00\x13\x1e\x13\x1d\x19\x17\x00\x12\x00\x12&#\
\x11\x08\x07\x17+\x01\x11#5\x06\x06#\x22&&5\
46632\x16\x17\x11\x02654&#\x22\x06\
\x15\x14\x163\x01\xfbQ\x16U9@b66b@\
9U\x16MMMGGOOG\x02\xc1\xfd?Y\
.2@sLKr>2.\x01.\xfd{aY\
Y``WYc\x00\x00\x02\x00.\xff\xf9\x02\x01\x02\
\xc8\x00\x1c\x00(\x007@4\x0f\x01\x03\x02\x01J\x1c\
\x1b\x1a\x19\x17\x16\x14\x13\x12\x11\x0a\x01H\x00\x01\x00\x02\
\x03\x01\x02g\x04\x01\x03\x03\x00_\x00\x00\x00 \x00L\
\x1d\x1d\x1d(\x1d'#!&$\x05\x07\x16+\x00\x16\
\x15\x14\x06#\x22&&546632\x17&'\
\x07'7&'7\x16\x177\x17\x07\x02654&\
#\x22\x06\x15\x14\x163\x01\xcd4ztDh99\
fCh4\x15D\xa1\x11\x829M\x14qL\x80\x10\
d?ONGGNNG\x02\x0a\x94V\x91\x969\
iEEh:FeD:3.(\x14;\x1c@\
.3$\xfd\xf9WMOVVOOU\x00\x03\x00\
.\xff\xf9\x02\x5c\x02\xc1\x00\x12\x00\x16\x00\x22\x00n\xb6\
\x12\x04\x02\x07\x06\x01JK\xb0!PX@\x22\x00\x05\
\x05\x00]\x04\x01\x00\x00\x14K\x00\x06\x06\x03_\x00\x03\
\x03\x1fK\x08\x01\x07\x07\x01_\x02\x01\x01\x01\x15\x01L\
\x1b@&\x00\x05\x05\x00]\x04\x01\x00\x00\x14K\x00\x06\
\x06\x03_\x00\x03\x03\x1fK\x00\x01\x01\x15K\x08\x01\x07\
\x07\x02_\x00\x02\x02 \x02LY@\x10\x17\x17\x17\x22\
\x17!%\x11\x13&#\x11\x10\x09\x07\x1b+\x013\x11\
#5\x06\x06#\x22&&546632\x16\x17\
\x133\x07#\x02654&#\x22\x06\x15\x14\x163\
\x01\xaaQQ\x16U9@b66b@9U\x16\
r@\x1a&\xbfMMGGOOG\x02\xc1\xfd?\
Y.2@sLKr>2.\x01.\xbe\xfe9\
aYY``WYc\x00\x00\x02\x00.\xff\xf9\x02\
W\x02\xc1\x00\x1a\x00&\x00x\xb6\x12\x04\x02\x09\x08\x01\
JK\xb0!PX@&\x07\x01\x05\x04\x01\x00\x03\x05\
\x00e\x00\x06\x06\x14K\x00\x08\x08\x03_\x00\x03\x03\x1f\
K\x0a\x01\x09\x09\x01_\x02\x01\x01\x01\x15\x01L\x1b@\
*\x07\x01\x05\x04\x01\x00\x03\x05\x00e\x00\x06\x06\x14K\
\x00\x08\x08\x03_\x00\x03\x03\x1fK\x00\x01\x01\x15K\x0a\
\x01\x09\x09\x02_\x00\x02\x02 \x02LY@\x12\x1b\x1b\
\x1b&\x1b%%\x11\x11\x11\x13&#\x11\x10\x0b\x07\x1d\
+\x01#\x11#5\x06\x06#\x22&&5466\
32\x16\x175#5353\x153\x02654\
&#\x22\x06\x15\x14\x163\x02W\x5cQ\x16U9@\
b66b@9U\x16\xc1\xc1Q\x5c\xfaMMG\
GOOG\x02+\xfd\xd5Y.2@sLKr\
>2.\x98=YY\xfd\xd4aYY``WY\
c\xff\xff\x00.\xffJ\x01\xfb\x02\xc1\x00\x22\x01\x13\x00\
\x00\x00\x03\x02\xca\x01\xbb\x00\x00\xff\xff\x00.\xffX\x01\
\xfb\x02\xc1\x00\x22\x01\x13\x00\x00\x00\x03\x02\xd0\x01\xbb\x00\
\x00\xff\xff\x00.\xff\xf9\x04\x13\x02\xf1\x00\x22\x01\x13\x00\
\x00\x00#\x01\xd5\x02F\x00\x00\x00\x03\x02\xc0\x03\xdc\x00\
\x00\x00\x02\x00.\xff\xf9\x01\xe3\x01\xf3\x00\x14\x00\x1b\x00\
9@6\x06\x01\x01\x00\x07\x01\x02\x01\x02J\x00\x04\x00\
\x00\x01\x04\x00e\x06\x01\x05\x05\x03_\x00\x03\x03\x1fK\
\x00\x01\x01\x02_\x00\x02\x02 \x02L\x15\x15\x15\x1b\x15\
\x1a\x15%$\x22\x10\x07\x07\x19+%!\x16\x1632\
7\x17\x06\x06#\x22&546632\x16\x15$\
\x06\x07!&&#\x01\xe3\xfe\x9c\x04TMUG\x1b\
 d4r\x83:iCan\xfe\xf2M\x07\x01\x1b\
\x02F?\xe7UW:;\x1e#\x86vKs@\x7f\
o\xafPIJO\x00\xff\xff\x00.\xff\xf9\x01\xe3\x02\
\xf1\x00\x22\x01\x1a\x00\x00\x00\x03\x02\xbc\x01\xaa\x00\x00\xff\
\xff\x00.\xff\xf9\x01\xe3\x02\xd9\x00\x22\x01\x1a\x00\x00\x00\
\x03\x02\xc1\x01\xaa\x00\x00\xff\xff\x00.\xff\xf9\x01\xe3\x02\
\xf1\x00\x22\x01\x1a\x00\x00\x00\x03\x02\xc0\x01\xaa\x00\x00\x00\
\x03\x00.\xff?\x01\xe3\x02\xd9\x00\x0b\x009\x00@\x01\
\x05@\x1f\x12\x01\x03\x02\x13\x01\x04\x03.\x17\x02\x08\x05\
-#\x02\x07\x08\x22\x01\x06\x07\x05J\x08\x07\x03\x02\x04\
\x00HK\xb0\x0bPX@9\x00\x00\x0c\x01\x01\x09\x00\
\x01g\x00\x0a\x00\x02\x03\x0a\x02e\x00\x05\x00\x08\x07\x05\
\x08g\x0d\x01\x0b\x0b\x09_\x00\x09\x09\x1fK\x00\x03\x03\
\x04_\x00\x04\x04 K\x00\x07\x07\x06_\x00\x06\x06!\
\x06L\x1bK\xb0\x0dPX@9\x00\x00\x0c\x01\x01\x09\
\x00\x01g\x00\x0a\x00\x02\x03\x0a\x02e\x00\x05\x00\x08\x07\
\x05\x08g\x0d\x01\x0b\x0b\x09_\x00\x09\x09\x1fK\x00\x03\
\x03\x04_\x00\x04\x04\x1dK\x00\x07\x07\x06_\x00\x06\x06\
!\x06L\x1b@9\x00\x00\x0c\x01\x01\x09\x00\x01g\x00\
\x0a\x00\x02\x03\x0a\x02e\x00\x05\x00\x08\x07\x05\x08g\x0d\
\x01\x0b\x0b\x09_\x00\x09\x09\x1fK\x00\x03\x03\x04_\x00\
\x04\x04 K\x00\x07\x07\x06_\x00\x06\x06!\x06LY\
Y@\x22::\x00\x00:@:?=<75,\
*&$ \x1e\x1a\x18\x16\x15\x11\x0f\x0d\x0c\x00\x0b\x00\
\x0a$\x0e\x07\x15+\x12&'7\x16327\x17\x06\
\x06#\x13!\x16\x16327\x17\x06\x06\x07\x0763\
2\x16\x15\x14\x06#\x22&'7\x1632654\
&#\x22\x07'7&&546632\x16\x15\
$\x06\x07!&&#\xddY\x153)II)3\
\x14Y8\xcf\xfe\x9c\x04TMUG\x1b\x1dZ0\x04\
\x10\x08 ,=7\x142\x12\x0d$(\x1b\x1c\x12\x11\
\x16\x17\x14\x08am:iCan\xfe\xf2M\x07\x01\
\x1b\x02F?\x02E>A\x15XX\x15A>\xfe\xa2\
UW:;\x1c\x22\x02%\x02#\x22$/\x0a\x09+\
\x0e\x12\x11\x0d\x0e\x09\x10G\x0b\x84kKs@\x7fo\
\xafPIJO\xff\xff\x00.\xff\xf9\x01\xe3\x02\xf1\x00\
\x22\x01\x1a\x00\x00\x00\x03\x02\xbf\x01\xaa\x00\x00\xff\xff\x00\
.\xff\xf9\x02\x19\x03\x1c\x00\x22\x01\x1a\x00\x00\x00\x03\x02\
\xfd\x01\xaa\x00\x00\xff\xff\x00.\xffJ\x01\xe3\x02\xf1\x00\
\x22\x01\x1a\x00\x00\x00#\x02\xca\x01\xb8\x00\x00\x00\x03\x02\
\xbf\x01\xaa\x00\x00\xff\xff\x00.\xff\xf9\x01\xe3\x03\x1c\x00\
\x22\x01\x1a\x00\x00\x00\x03\x02\xfe\x01\xaa\x00\x00\xff\xff\x00\
.\xff\xf9\x01\xeb\x03!\x00\x22\x01\x1a\x00\x00\x00\x03\x02\
\xff\x01\xaa\x00\x00\xff\xff\x00.\xff\xf9\x01\xe3\x03-\x00\
\x22\x01\x1a\x00\x00\x00\x03\x03\x00\x01\xaa\x00\x00\xff\xff\x00\
.\xff\xf9\x01\xe3\x02\xf1\x00\x22\x01\x1a\x00\x00\x00\x03\x02\
\xc6\x01\xaa\x00\x00\xff\xff\x00.\xff\xf9\x01\xe3\x02\xb7\x00\
\x22\x01\x1a\x00\x00\x00\x03\x02\xb9\x01\xaa\x00\x00\xff\xff\x00\
.\xff\xf9\x01\xe3\x02\xba\x00\x22\x01\x1a\x00\x00\x00\x03\x02\
\xba\x01\xaa\x00\x00\xff\xff\x00.\xffJ\x01\xe3\x01\xf3\x00\
\x22\x01\x1a\x00\x00\x00\x03\x02\xca\x01\xb8\x00\x00\xff\xff\x00\
.\xff\xf9\x01\xe3\x02\xf1\x00\x22\x01\x1a\x00\x00\x00\x03\x02\
\xbb\x01\xaa\x00\x00\xff\xff\x00.\xff\xf9\x01\xe3\x02\xf5\x00\
\x22\x01\x1a\x00\x00\x00\x03\x02\xc5\x01\xaa\x00\x00\xff\xff\x00\
.\xff\xf9\x01\xe3\x02\xd8\x00\x22\x01\x1a\x00\x00\x00\x03\x02\
\xc7\x01\xaa\x00\x00\xff\xff\x00.\xff\xf9\x01\xe3\x02\xab\x00\
\x22\x01\x1a\x00\x00\x00\x03\x02\xc4\x01\xaa\x00\x00\xff\xff\x00\
.\xff\xf9\x01\xe3\x03\xb2\x00\x22\x01\x1a\x00\x00\x00#\x02\
\xc4\x01\xaa\x00\x00\x01\x07\x02\xbc\x01\xaa\x00\xc1\x00\x08\xb1\
\x03\x01\xb0\xc1\xb03+\xff\xff\x00.\xff\xf9\x01\xe3\x03\
\xb2\x00\x22\x01\x1a\x00\x00\x00#\x02\xc4\x01\xaa\x00\x00\x01\
\x07\x02\xbb\x01\xaa\x00\xc1\x00\x08\xb1\x03\x01\xb0\xc1\xb03\
+\x00\x02\x00.\xff?\x01\xe3\x01\xf3\x00&\x00-\x00\
N@K\x06\x01\x01\x00\x12\x01\x02\x04\x13\x01\x03\x02\x03\
J\x07\x01\x01\x01I\x00\x06\x00\x00\x01\x06\x00e\x08\x01\
\x07\x07\x05_\x00\x05\x05\x1fK\x00\x01\x01\x04_\x00\x04\
\x04 K\x00\x02\x02\x03_\x00\x03\x03!\x03L''\
'-',\x15%4#*\x22\x10\x09\x07\x1b+%\
!\x16\x16327\x17\x06\x06\x07\x06\x06\x15\x14\x163\
27\x17\x06#\x22&547\x06#\x22&54\
6632\x16\x15$\x06\x07!&&#\x01\xe3\xfe\
\x9c\x04TMUG\x1b\x07\x17\x150(\x22\x1f\x1a \
\x10#24A#\x05\x0cr\x83:iCan\xfe\
\xf2M\x07\x01\x1b\x02F?\xe7UW::\x07\x10\x0b\
\x1b.\x1d\x1e!\x11/\x17:/1!\x01\x86vK\
s@\x7fo\xafPIJO\xff\xff\x00.\xff\xf9\x01\
\xe3\x02\xc8\x00\x22\x01\x1a\x00\x00\x00\x03\x02\xc3\x01\xaa\x00\
\x00\x00\x02\x00,\xff\xf9\x01\xe2\x01\xf3\x00\x14\x00\x1b\x00\
@@=\x11\x01\x02\x03\x10\x01\x01\x02\x02J\x00\x01\x00\
\x04\x05\x01\x04e\x00\x02\x02\x03_\x06\x01\x03\x03\x1fK\
\x07\x01\x05\x05\x00_\x00\x00\x00 \x00L\x15\x15\x00\x00\
\x15\x1b\x15\x1a\x18\x17\x00\x14\x00\x13\x22\x13%\x08\x07\x17\
+\x00\x16\x15\x14\x06\x06#\x22&55!&&#\
\x22\x07'663\x1267!\x16\x163\x01a\x81\
8eCeq\x01e\x04SJPQ\x1b$g3\
MK\x07\xfe\xe5\x03G@\x01\xf3\x87uMs>~\
q\x1dTW:;\x1f#\xfeDPJKO\x00\x00\
\x01\x00\x07\x00\x00\x01Z\x02\xc4\x00\x13\x00)@&\x00\
\x06\x06\x05_\x00\x05\x05\x14K\x03\x01\x01\x01\x00]\x04\
\x01\x00\x00\x17K\x00\x02\x02\x15\x02L!#\x11\x11\x11\
\x11\x10\x07\x07\x1b+\x133\x15#\x11#\x11#53\
54677\x17\x07\x06\x06\x15\xb7\x8a\x8aQ__\
ae(\x06.=8\x01\xe7@\xfeY\x01\xa7@\x10\
ad\x06\x02?\x03\x04=?\x00\x02\x00.\xffE\x01\
\xff\x01\xf3\x00\x1d\x00)\x01\x04@\x10\x1c\x0e\x02\x06\x05\
\x07\x01\x01\x02\x02J\x06\x01\x01\x01IK\xb0\x09PX\
@\x22\x00\x05\x05\x03_\x07\x04\x02\x03\x03\x1fK\x08\x01\
\x06\x06\x02_\x00\x02\x02\x15K\x00\x01\x01\x00_\x00\x00\
\x00!\x00L\x1bK\xb0\x0bPX@&\x07\x01\x04\x04\
\x17K\x00\x05\x05\x03_\x00\x03\x03\x1fK\x08\x01\x06\x06\
\x02_\x00\x02\x02\x15K\x00\x01\x01\x00_\x00\x00\x00!\
\x00L\x1bK\xb0\x13PX@\x22\x00\x05\x05\x03_\x07\
\x04\x02\x03\x03\x1fK\x08\x01\x06\x06\x02_\x00\x02\x02\x15\
K\x00\x01\x01\x00_\x00\x00\x00!\x00L\x1bK\xb0!\
PX@&\x07\x01\x04\x04\x17K\x00\x05\x05\x03_\x00\
\x03\x03\x1fK\x08\x01\x06\x06\x02_\x00\x02\x02\x15K\x00\
\x01\x01\x00_\x00\x00\x00!\x00L\x1b@$\x08\x01\x06\
\x00\x02\x01\x06\x02g\x07\x01\x04\x04\x17K\x00\x05\x05\x03\
_\x00\x03\x03\x1fK\x00\x01\x01\x00_\x00\x00\x00!\x00\
LYYYY@\x15\x1e\x1e\x00\x00\x1e)\x1e($\
\x22\x00\x1d\x00\x1d&%$#\x09\x07\x18+\x01\x11\x14\
\x06#\x22'7\x16\x1632655\x06\x06#\x22\
&&546632\x16\x175\x02654&\
#\x22\x06\x15\x14\x163\x01\xffpn\x80W\x1b1V\
5FH\x15W;@c77c@:V\x16P\
POGGQQG\x01\xe7\xfe:moB< \
\x1cKHV/2<nHHn<2.T\xfe\
k]RQ]]QR]\xff\xff\x00.\xffE\x01\
\xff\x02\xd9\x00\x22\x013\x00\x00\x00\x03\x02\xc1\x01\xbd\x00\
\x00\xff\xff\x00.\xffE\x01\xff\x02\xf1\x00\x22\x013\x00\
\x00\x00\x03\x02\xc0\x01\xbd\x00\x00\xff\xff\x00.\xffE\x01\
\xff\x02\xf1\x00\x22\x013\x00\x00\x00\x03\x02\xbf\x01\xbd\x00\
\x00\xff\xff\x00.\xffE\x01\xff\x02\xff\x00\x22\x013\x00\
\x00\x00\x03\x02\xc8\x01\xbd\x00\x00\xff\xff\x00.\xffE\x01\
\xff\x02\xba\x00\x22\x013\x00\x00\x00\x03\x02\xba\x01\xbd\x00\
\x00\xff\xff\x00.\xffE\x01\xff\x02\xab\x00\x22\x013\x00\
\x00\x00\x03\x02\xc4\x01\xbd\x00\x00\x00\x01\x00K\x00\x00\x01\
\xef\x02\xc1\x00\x12\x00-@*\x0f\x01\x00\x01\x01J\x00\
\x03\x03\x14K\x00\x01\x01\x04_\x05\x01\x04\x04\x1fK\x02\
\x01\x00\x00\x15\x00L\x00\x00\x00\x12\x00\x11\x11\x13#\x12\
\x06\x07\x18+\x00\x15\x11#\x114&#\x22\x06\x15\x11\
#\x113\x11663\x01\xefQ5:CPQQ\
\x18U7\x01\xf3\xc1\xfe\xce\x01-D>RF\xfe\xe9\
\x02\xc1\xfe\xd8,.\x00\x00\x01\xff\xef\x00\x00\x01\xef\x02\
\xc1\x00\x1a\x00;@8\x17\x01\x00\x01\x01J\x06\x01\x04\
\x07\x01\x03\x08\x04\x03e\x00\x05\x05\x14K\x00\x01\x01\x08\
_\x09\x01\x08\x08\x1fK\x02\x01\x00\x00\x15\x00L\x00\x00\
\x00\x1a\x00\x19\x11\x11\x11\x11\x11\x13#\x12\x0a\x07\x1c+\
\x00\x15\x11#\x114&#\x22\x06\x15\x11#\x11#5\
353\x153\x15#\x15663\x01\xefQ5:\
CPQ\x5c\x5cQ\xc1\xc1\x18U7\x01\xf3\xc1\xfe\xce\
\x01-D>RF\xfe\xe9\x02+=YY=\x92,\
.\xff\xff\x00K\xff-\x01\xef\x02\xc1\x00\x22\x01:\x00\
\x00\x00\x03\x02\xcf\x01\xb3\x00\x00\xff\xff\xff\xe2\x00\x00\x01\
\xef\x03\x95\x00\x22\x01:\x00\x00\x00\x03\x02\xd7\x01\x0a\x00\
\x00\xff\xff\x00K\xffJ\x01\xef\x02\xc1\x00\x22\x01:\x00\
\x00\x00\x03\x02\xca\x01\xb3\x00\x00\xff\xff\x00C\x00\x00\x00\
\xa5\x02\xba\x00\x22\x01@\x00\x00\x00\x03\x02\xba\x01\x0a\x00\
\x00\x00\x01\x00K\x00\x00\x00\x9c\x01\xe7\x00\x03\x00\x19@\
\x16\x00\x00\x00\x17K\x02\x01\x01\x01\x15\x01L\x00\x00\x00\
\x03\x00\x03\x11\x03\x07\x15+3\x113\x11KQ\x01\xe7\
\xfe\x19\x00\xff\xff\x00K\x00\x00\x01\x18\x02\xf1\x00\x22\x01\
@\x00\x00\x00\x03\x02\xbc\x01\x0a\x00\x00\xff\xff\xff\xcf\x00\
\x00\x01\x19\x02\xd9\x00\x22\x01@\x00\x00\x00\x03\x02\xc1\x01\
\x0a\x00\x00\xff\xff\xff\xe2\x00\x00\x01\x06\x02\xf1\x00\x22\x01\
@\x00\x00\x00\x03\x02\xbf\x01\x0a\x00\x00\xff\xff\xff\xd4\x00\
\x00\x00\xc5\x02\xf1\x00\x22\x01@\x00\x00\x00\x03\x02\xc6\x01\
\x0a\x00\x00\xff\xff\xff\xf2\x00\x00\x00\xf6\x02\xb7\x00\x22\x01\
@\x00\x00\x00\x03\x02\xb9\x01\x0a\x00\x00\xff\xff\xff\xf2\x00\
\x00\x01\x18\x03\xb2\x00\x22\x01@\x00\x00\x00#\x02\xb9\x01\
\x0a\x00\x00\x01\x07\x02\xbc\x01\x0a\x00\xc1\x00\x08\xb1\x03\x01\
\xb0\xc1\xb03+\xff\xff\x00C\x00\x00\x00\xa5\x02\xba\x00\
\x22\x01@\x00\x00\x00\x03\x02\xba\x01\x0a\x00\x00\xff\xff\x00\
C\xffJ\x00\xa5\x02\xba\x00\x22\x01@\x00\x00\x00#\x02\
\xba\x01\x0a\x00\x00\x00\x03\x02\xca\x01\x09\x00\x00\xff\xff\xff\
\xd0\x00\x00\x00\x9c\x02\xf1\x00\x22\x01@\x00\x00\x00\x03\x02\
\xbb\x01\x0a\x00\x00\xff\xff\x00)\x00\x00\x00\xdd\x02\xf5\x00\
\x22\x01@\x00\x00\x00\x03\x02\xc5\x01\x0a\x00\x00\xff\xff\xff\
\xcf\x00\x00\x01\x19\x02\xd8\x00\x22\x01@\x00\x00\x00\x03\x02\
\xc7\x01\x0a\x00\x00\xff\xff\xff\xde\x00\x00\x01\x0a\x02\xab\x00\
\x22\x01@\x00\x00\x00\x03\x02\xc4\x01\x0a\x00\x00\x00\x02\xff\
\xfe\xff?\x00\xc9\x02\xba\x00\x03\x00\x18\x00?@<\x0c\
\x01\x04\x03\x18\x01\x05\x04\x02J\x00\x00\x00\x01]\x06\x01\
\x01\x01\x14K\x00\x03\x03\x17K\x00\x04\x04\x15K\x00\x05\
\x05\x02_\x00\x02\x02!\x02L\x00\x00\x17\x15\x11\x0f\x0e\
\x0d\x07\x05\x00\x03\x00\x03\x11\x07\x07\x15+\x13\x15#5\
\x13\x06#\x22&5467\x113\x11#\x22\x06\x15\
\x14\x16327\xa5b\x86'/4A(%Q\x05\
)1#\x1f\x1a\x1f\x02\xba[[\xfc\x9c\x17;/#\
;\x11\x01\xcf\xfe\x19,!\x1e!\x11\xff\xff\xff\xd3\x00\
\x00\x01\x15\x02\xc8\x00\x22\x01@\x00\x00\x00\x03\x02\xc3\x01\
\x0a\x00\x00\xff\xff\xff\xb5\xffH\x00\xa5\x02\xba\x00\x22\x01\
P\x00\x00\x00\x03\x02\xba\x01\x0a\x00\x00\x00\x01\xff\xb5\xff\
H\x00\x9c\x01\xe7\x00\x0a\x00\x19@\x16\x00\x02\x02\x17K\
\x00\x01\x01\x00_\x00\x00\x00\x19\x00L\x12!\x22\x03\x07\
\x17+7\x14\x06\x07\x07'765\x113\x9cX\x5c\
-\x06-iQ\x05ZZ\x06\x03?\x03\x07i\x01\xed\
\x00\xff\xff\xff\xb5\xffH\x01\x06\x02\xf1\x00\x22\x01P\x00\
\x00\x00\x03\x02\xbf\x01\x0a\x00\x00\x00\x01\x00K\x00\x00\x01\
\xfd\x02\xc1\x00\x0a\x00#@ \x0a\x07\x02\x03\x00\x03\x01\
J\x00\x02\x02\x14K\x00\x03\x03\x17K\x01\x01\x00\x00\x15\
\x00L\x12\x11\x12\x10\x04\x07\x18+!#'\x15#\x11\
3\x1173\x07\x01\xfdi\xf8QQ\xe3g\xf2\xe9\xe9\
\x02\xc1\xfeI\xdc\xe9\x00\xff\xff\x00K\xfe\xfd\x01\xfd\x02\
\xc1\x00\x22\x01R\x00\x00\x00\x03\x02\xcc\x01\x90\x00\x00\x00\
\x01\x00K\x00\x00\x01\xfd\x01\xe7\x00\x0a\x00\x1f@\x1c\x0a\
\x07\x02\x03\x00\x02\x01J\x03\x01\x02\x02\x17K\x01\x01\x00\
\x00\x15\x00L\x12\x11\x12\x10\x04\x07\x18+!#'\x15\
#\x113\x1573\x07\x01\xfdi\xf8QQ\xe3g\xf2\
\xe9\xe9\x01\xe7\xdd\xdc\xe9\x00\x01\x00K\x00\x00\x00\x9c\x02\
\xc1\x00\x03\x00\x19@\x16\x00\x00\x00\x14K\x02\x01\x01\x01\
\x15\x01L\x00\x00\x00\x03\x00\x03\x11\x03\x07\x15+3\x11\
3\x11KQ\x02\xc1\xfd?\x00\xff\xff\x00K\x00\x00\x01\
\x15\x03\x95\x00\x22\x01U\x00\x00\x00\x03\x02\xd5\x01\x0a\x00\
\x00\x00\x02\x00K\x00\x00\x01\x00\x02\xc1\x00\x03\x00\x07\x00\
#@ \x00\x02\x02\x00]\x03\x01\x00\x00\x14K\x04\x01\
\x01\x01\x15\x01L\x00\x00\x07\x06\x05\x04\x00\x03\x00\x03\x11\
\x05\x07\x15+3\x113\x11\x13#53KQJ&\
@\x02\xc1\xfd?\x02\x03\xbe\x00\xff\xff\x00C\xfe\xfd\x00\
\xa5\x02\xc1\x00\x22\x01U\x00\x00\x00\x03\x02\xcc\x01\x0a\x00\
\x00\xff\xff\x00K\x00\x00\x01(\x02\xc1\x00\x22\x01U\x00\
\x00\x01\x06\x02U_b\x00\x08\xb1\x01\x01\xb0b\xb03\
+\xff\xff\x00F\xffJ\x00\xa2\x02\xc1\x00\x22\x01U\x00\
\x00\x00\x03\x02\xca\x01\x0a\x00\x00\xff\xff\x00K\xffH\x01\
\x8d\x02\xc1\x00\x22\x01U\x00\x00\x00#\x01P\x00\xe8\x00\
\x00\x00\x03\x02\xba\x01\xf2\x00\x00\xff\xff\xff\xde\xffX\x01\
\x0a\x02\xc1\x00\x22\x01U\x00\x00\x00\x03\x02\xd0\x01\x0a\x00\
\x00\x00\x01\xff\xf9\x00\x00\x01\x22\x02\xc1\x00\x0b\x00\x1f@\
\x1c\x0b\x0a\x07\x06\x05\x04\x01\x07\x00\x01\x01J\x00\x01\x01\
\x14K\x00\x00\x00\x15\x00L\x15\x12\x02\x07\x16+\x01\x07\
\x11#\x11\x07'7\x113\x117\x01\x22lQK!\
lQK\x01\x94?\xfe\xab\x01&+:?\x01M\xfe\
\xe2+\x00\x00\x01\x00K\x00\x00\x03\x0b\x01\xf3\x00 \x00\
\x98\xb6\x1d\x18\x02\x00\x01\x01JK\xb0\x09PX@\x16\
\x03\x01\x01\x01\x05_\x08\x07\x06\x03\x05\x05\x17K\x04\x02\
\x02\x00\x00\x15\x00L\x1bK\xb0\x0bPX@\x1a\x00\x05\
\x05\x17K\x03\x01\x01\x01\x06_\x08\x07\x02\x06\x06\x1fK\
\x04\x02\x02\x00\x00\x15\x00L\x1bK\xb0\x13PX@\x16\
\x03\x01\x01\x01\x05_\x08\x07\x06\x03\x05\x05\x17K\x04\x02\
\x02\x00\x00\x15\x00L\x1b@\x1a\x00\x05\x05\x17K\x03\x01\
\x01\x01\x06_\x08\x07\x02\x06\x06\x1fK\x04\x02\x02\x00\x00\
\x15\x00LYYY@\x10\x00\x00\x00 \x00\x1f#\x11\
\x13#\x13#\x12\x09\x07\x1b+\x00\x15\x11#\x114&\
#\x22\x06\x15\x11#\x114&#\x22\x06\x15\x11#\x11\
3\x156632\x17663\x03\x0bQ/4=\
FQ04=FQP\x16N3q$\x15V7\
\x01\xf3\xc1\xfe\xce\x01.C>RG\xfe\xea\x01.D\
=RG\xfe\xea\x01\xe7M+.`-3\xff\xff\x00\
K\xffJ\x03\x0b\x01\xf3\x00\x22\x01^\x00\x00\x00\x03\x02\
\xca\x02A\x00\x00\x00\x01\x00K\x00\x00\x01\xef\x01\xf3\x00\
\x12\x00\x88\xb5\x0f\x01\x00\x01\x01JK\xb0\x09PX@\
\x13\x00\x01\x01\x03_\x05\x04\x02\x03\x03\x17K\x02\x01\x00\
\x00\x15\x00L\x1bK\xb0\x0bPX@\x17\x00\x03\x03\x17\
K\x00\x01\x01\x04_\x05\x01\x04\x04\x1fK\x02\x01\x00\x00\
\x15\x00L\x1bK\xb0\x13PX@\x13\x00\x01\x01\x03_\
\x05\x04\x02\x03\x03\x17K\x02\x01\x00\x00\x15\x00L\x1b@\
\x17\x00\x03\x03\x17K\x00\x01\x01\x04_\x05\x01\x04\x04\x1f\
K\x02\x01\x00\x00\x15\x00LYYY@\x0d\x00\x00\x00\
\x12\x00\x11\x11\x13#\x12\x06\x07\x18+\x00\x15\x11#\x11\
4&#\x22\x06\x15\x11#\x113\x15663\x01\xef\
Q5:CPQP\x18V7\x01\xf3\xc1\xfe\xce\x01\
-D>RF\xfe\xe9\x01\xe7P-/\x00\xff\xff\x00\
K\x00\x00\x01\xef\x02\xf1\x00\x22\x01`\x00\x00\x00\x03\x02\
\xbc\x01\xb3\x00\x00\xff\xff\x00K\x00\x00\x01\xef\x02\xf1\x00\
\x22\x02\xe1\x00\x00\x00\x02\x01`\x00\x00\xff\xff\x00K\x00\
\x00\x01\xef\x02\xf1\x00\x22\x01`\x00\x00\x00\x03\x02\xc0\x01\
\xb3\x00\x00\xff\xff\x00K\xfe\xfd\x01\xef\x01\xf3\x00\x22\x01\
`\x00\x00\x00\x03\x02\xcc\x01\xb3\x00\x00\xff\xff\x00K\x00\
\x00\x01\xef\x02\xba\x00\x22\x01`\x00\x00\x00\x03\x02\xba\x01\
\xb3\x00\x00\xff\xff\x00K\xffJ\x01\xef\x01\xf3\x00\x22\x01\
`\x00\x00\x00\x03\x02\xca\x01\xb3\x00\x00\x00\x01\x00K\xff\
H\x01\xef\x01\xf3\x00\x19\x00\xad\xb5\x16\x01\x03\x02\x01J\
K\xb0\x09PX@\x1c\x00\x02\x02\x04_\x06\x05\x02\x04\
\x04\x17K\x00\x03\x03\x15K\x00\x01\x01\x00]\x00\x00\x00\
\x19\x00L\x1bK\xb0\x0bPX@ \x00\x04\x04\x17K\
\x00\x02\x02\x05_\x06\x01\x05\x05\x1fK\x00\x03\x03\x15K\
\x00\x01\x01\x00]\x00\x00\x00\x19\x00L\x1bK\xb0\x13P\
X@\x1c\x00\x02\x02\x04_\x06\x05\x02\x04\x04\x17K\x00\
\x03\x03\x15K\x00\x01\x01\x00]\x00\x00\x00\x19\x00L\x1b\
@ \x00\x04\x04\x17K\x00\x02\x02\x05_\x06\x01\x05\x05\
\x1fK\x00\x03\x03\x15K\x00\x01\x01\x00]\x00\x00\x00\x19\
\x00LYYY@\x0e\x00\x00\x00\x19\x00\x18\x11\x13$\
!\x15\x07\x07\x19+\x00\x15\x11\x14\x06\x07\x07'76\
5\x114&#\x22\x06\x15\x11#\x113\x15663\
\x01\xefU_-\x06-i78ARQP\x18V\
7\x01\xf3\xc1\xfe\xd3W\x5c\x07\x03?\x03\x07i\x013\
F<PH\xfe\xe9\x01\xe7P-/\xff\xff\x00K\xff\
H\x02\xdd\x02\xba\x00\x22\x01`\x00\x00\x00#\x01P\x02\
8\x00\x00\x00\x03\x02\xba\x03B\x00\x00\xff\xff\x00K\xff\
X\x01\xef\x01\xf3\x00\x22\x01`\x00\x00\x00\x03\x02\xd0\x01\
\xb3\x00\x00\xff\xff\x00K\x00\x00\x01\xef\x02\xc8\x00\x22\x01\
`\x00\x00\x00\x03\x02\xc3\x01\xb3\x00\x00\x00\x02\x00.\xff\
\xf9\x01\xfd\x01\xf3\x00\x0f\x00\x1b\x00,@)\x00\x02\x02\
\x00_\x00\x00\x00\x1fK\x05\x01\x03\x03\x01_\x04\x01\x01\
\x01 \x01L\x10\x10\x00\x00\x10\x1b\x10\x1a\x16\x14\x00\x0f\
\x00\x0e&\x06\x07\x15+\x16&&546632\
\x16\x16\x15\x14\x06\x06#6654&#\x22\x06\x15\
\x14\x163\xd0i99iEEj99jEH\
MNGGNMH\x07>sLLs>>s\
LLs>C_[YaaYZ`\xff\xff\x00\
.\xff\xf9\x01\xfd\x02\xf1\x00\x22\x01k\x00\x00\x00\x03\x02\
\xbc\x01\xab\x00\x00\xff\xff\x00.\xff\xf9\x01\xfd\x02\xd9\x00\
\x22\x01k\x00\x00\x00\x03\x02\xc1\x01\xab\x00\x00\xff\xff\x00\
.\xff\xf9\x01\xfd\x02\xf1\x00\x22\x01k\x00\x00\x00\x03\x02\
\xbf\x01\xab\x00\x00\xff\xff\x00.\xff\xf9\x02\x1a\x03\x1c\x00\
\x22\x01k\x00\x00\x00\x03\x02\xfd\x01\xab\x00\x00\xff\xff\x00\
.\xffJ\x01\xfd\x02\xf1\x00\x22\x01k\x00\x00\x00#\x02\
\xca\x01\xab\x00\x00\x00\x03\x02\xbf\x01\xab\x00\x00\xff\xff\x00\
.\xff\xf9\x01\xfd\x03\x1c\x00\x22\x01k\x00\x00\x00\x03\x02\
\xfe\x01\xab\x00\x00\xff\xff\x00.\xff\xf9\x01\xfd\x03!\x00\
\x22\x01k\x00\x00\x00\x03\x02\xff\x01\xab\x00\x00\xff\xff\x00\
.\xff\xf9\x01\xfd\x03-\x00\x22\x01k\x00\x00\x00\x03\x03\
\x00\x01\xab\x00\x00\xff\xff\x00.\xff\xf9\x01\xfd\x02\xf1\x00\
\x22\x01k\x00\x00\x00\x03\x02\xc6\x01\xab\x00\x00\xff\xff\x00\
.\xff\xf9\x01\xfd\x02\xb7\x00\x22\x01k\x00\x00\x00\x03\x02\
\xb9\x01\xab\x00\x00\xff\xff\x00.\xff\xf9\x01\xfd\x03l\x00\
\x22\x01k\x00\x00\x00#\x02\xb9\x01\xab\x00\x00\x01\x07\x02\
\xc4\x01\xab\x00\xc1\x00\x08\xb1\x04\x01\xb0\xc1\xb03+\xff\
\xff\x00.\xff\xf9\x01\xfd\x03l\x00\x22\x01k\x00\x00\x00\
#\x02\xba\x01\xab\x00\x00\x01\x07\x02\xc4\x01\xab\x00\xc1\x00\
\x08\xb1\x03\x01\xb0\xc1\xb03+\xff\xff\x00.\xffJ\x01\
\xfd\x01\xf3\x00\x22\x01k\x00\x00\x00\x03\x02\xca\x01\xab\x00\
\x00\xff\xff\x00.\xff\xf9\x01\xfd\x02\xf1\x00\x22\x01k\x00\
\x00\x00\x03\x02\xbb\x01\xab\x00\x00\xff\xff\x00.\xff\xf9\x01\
\xfd\x02\xf5\x00\x22\x01k\x00\x00\x00\x03\x02\xc5\x01\xab\x00\
\x00\x00\x02\x00.\xff\xf9\x02\x00\x02h\x00\x1b\x00'\x00\
mK\xb0!PX\xb5\x02\x01\x04\x01\x01J\x1b\xb5\x02\
\x01\x04\x02\x01JYK\xb0!PX@\x1c\x00\x03\x01\
\x03\x83\x00\x04\x04\x01_\x02\x01\x01\x01\x1fK\x06\x01\x05\
\x05\x00_\x00\x00\x00 \x00L\x1b@ \x00\x03\x01\x03\
\x83\x00\x02\x02\x17K\x00\x04\x04\x01_\x00\x01\x01\x1fK\
\x06\x01\x05\x05\x00_\x00\x00\x00 \x00LY@\x0e\x1c\
\x1c\x1c'\x1c&&\x13\x22&(\x07\x07\x19+\x00\x06\
\x07\x16\x16\x15\x14\x06\x06#\x22&&54663\
2\x17\x16326553\x15\x02654&#\
\x22\x06\x15\x14\x163\x02\x00/,+-9jEE\
i99iE\x0f\x1e\x10\x0b.-H\xa3MNG\
GNMH\x02\x1aH\x0f jCLs>>s\
LLs>\x04\x033:\x0f\x1a\xfd\xee_[Ya\
aYZ`\x00\xff\xff\x00.\xff\xf9\x02\x00\x02\xf1\x00\
\x22\x01{\x00\x00\x00\x03\x02\xbc\x01\xab\x00\x00\xff\xff\x00\
.\xffJ\x02\x00\x02h\x00\x22\x01{\x00\x00\x00\x03\x02\
\xca\x01\xab\x00\x00\xff\xff\x00.\xff\xf9\x02\x00\x02\xf1\x00\
\x22\x01{\x00\x00\x00\x03\x02\xbb\x01\xab\x00\x00\xff\xff\x00\
.\xff\xf9\x02\x00\x02\xf5\x00\x22\x01{\x00\x00\x00\x03\x02\
\xc5\x01\xab\x00\x00\xff\xff\x00.\xff\xf9\x02\x00\x02\xc8\x00\
\x22\x01{\x00\x00\x00\x03\x02\xc3\x01\xab\x00\x00\xff\xff\x00\
.\xff\xf9\x01\xfd\x02\xf1\x00\x22\x01k\x00\x00\x00\x03\x02\
\xbd\x01\xab\x00\x00\xff\xff\x00.\xff\xf9\x01\xfd\x02\xd8\x00\
\x22\x01k\x00\x00\x00\x03\x02\xc7\x01\xab\x00\x00\xff\xff\x00\
.\xff\xf9\x01\xfd\x02\xab\x00\x22\x01k\x00\x00\x00\x03\x02\
\xc4\x01\xab\x00\x00\xff\xff\x00.\xff\xf9\x01\xfd\x03\xb2\x00\
\x22\x01k\x00\x00\x00#\x02\xc4\x01\xab\x00\x00\x01\x07\x02\
\xbc\x01\xab\x00\xc1\x00\x08\xb1\x03\x01\xb0\xc1\xb03+\xff\
\xff\x00.\xff\xf9\x01\xfd\x03\xb2\x00\x22\x01k\x00\x00\x00\
#\x02\xc4\x01\xab\x00\x00\x01\x07\x02\xbb\x01\xab\x00\xc1\x00\
\x08\xb1\x03\x01\xb0\xc1\xb03+\x00\x02\x00.\xff?\x01\
\xfd\x01\xf3\x00\x1d\x00)\x003@0\x0f\x07\x02\x00\x03\
\x08\x01\x01\x00\x02J\x00\x03\x04\x00\x04\x03\x00~\x00\x04\
\x04\x02_\x00\x02\x02\x1fK\x00\x00\x00\x01`\x00\x01\x01\
!\x01L$(*#$\x05\x07\x19+\x04\x06\x15\x14\
\x16327\x17\x06#\x22&547&&54\
6632\x16\x16\x15\x14\x06\x07&\x163265\
4&#\x22\x06\x15\x01>'#\x1f\x1a \x10#3\
4@\x22^o9iEEj9NE\xeaMH\
HMNGGN\x06(\x1f\x1e!\x11/\x17:/\
2 \x09\x87lLs>>sLZ\x7f\x16\x95`\
_[YaaY\x00\x00\x03\x00.\xff\xd2\x01\xfd\x02\
\x19\x00\x17\x00\x1f\x00'\x00B@?\x17\x14\x02\x02\x01\
%$\x1a\x19\x04\x03\x02\x0b\x08\x02\x00\x03\x03J\x16\x15\
\x02\x01H\x0a\x09\x02\x00G\x00\x02\x02\x01_\x00\x01\x01\
\x1fK\x04\x01\x03\x03\x00_\x00\x00\x00 \x00L  \
 ' &(*%\x05\x07\x17+\x00\x16\x15\x14\x06\
\x06#\x22'\x07'7&&546632\x17\
7\x17\x07\x00\x17\x13&#\x22\x06\x15\x16654'\
\x03\x163\x01\xd2+9jE9,#1#'*\
9iE:-\x221$\xfe\xd5%\xb4\x1f%GN\
\xdeM&\xb3\x1b(\x01\x9fhALs>\x15<\x1d\
=!hALs>\x15;\x1c=\xfe\xdd0\x015\
\x0eaY\xba_[W1\xfe\xcb\x0d\xff\xff\x00.\xff\
\xd2\x01\xfd\x02\xf1\x00\x22\x01\x87\x00\x00\x00\x03\x02\xbc\x01\
\xab\x00\x00\xff\xff\x00.\xff\xf9\x01\xfd\x02\xc8\x00\x22\x01\
k\x00\x00\x00\x03\x02\xc3\x01\xab\x00\x00\xff\xff\x00.\xff\
\xf9\x01\xfd\x03\xb2\x00\x22\x01k\x00\x00\x00#\x02\xc3\x01\
\xab\x00\x00\x01\x07\x02\xbc\x01\xab\x00\xc1\x00\x08\xb1\x03\x01\
\xb0\xc1\xb03+\xff\xff\x00.\xff\xf9\x01\xfd\x03x\x00\
\x22\x01k\x00\x00\x00#\x02\xc3\x01\xab\x00\x00\x01\x07\x02\
\xb9\x01\xab\x00\xc1\x00\x08\xb1\x03\x02\xb0\xc1\xb03+\xff\
\xff\x00.\xff\xf9\x01\xfd\x03l\x00\x22\x01k\x00\x00\x00\
#\x02\xc3\x01\xab\x00\x00\x01\x07\x02\xc4\x01\xab\x00\xc1\x00\
\x08\xb1\x03\x01\xb0\xc1\xb03+\x00\x03\x00.\xff\xf9\x03\
\x5c\x01\xf3\x00!\x00(\x004\x00M@J\x1b\x01\x06\
\x07\x0d\x06\x02\x01\x00\x07\x01\x02\x01\x03J\x00\x06\x00\x00\
\x01\x06\x00e\x08\x0a\x02\x07\x07\x04_\x05\x01\x04\x04\x1f\
K\x0b\x09\x02\x01\x01\x02_\x03\x01\x02\x02 \x02L)\
)\x22\x22)4)3/-\x22(\x22'\x15$&\
$$\x22\x10\x0c\x07\x1b+%!\x16\x16327\x17\
\x06\x06#\x22&'\x06\x06#\x22&&5466\
32\x16\x176632\x16\x15$\x06\x07!&&\
#\x00654&#\x22\x06\x15\x14\x163\x03\x5c\xfe\
\xa0\x04RKQK\x1b d2Gg\x1c\x1bcB\
Eh99hEBc\x1a\x1cc@]m\xfe\xf6\
M\x07\x01\x17\x02E=\xfe\xcbMNFGNMG\
\xe7UW:;\x1d$;87<>sLLs\
><77<\x80n\xafPIJO\xfe\x88_[\
YaaYZ`\x00\x00\x02\x00K\xffL\x02\x18\x01\
\xf3\x00\x12\x00\x1e\x00\xb8\xb6\x0f\x0a\x02\x05\x04\x01JK\
\xb0\x09PX@\x1d\x00\x04\x04\x02_\x06\x03\x02\x02\x02\
\x17K\x07\x01\x05\x05\x00_\x00\x00\x00 K\x00\x01\x01\
\x19\x01L\x1bK\xb0\x0bPX@!\x00\x02\x02\x17K\
\x00\x04\x04\x03_\x06\x01\x03\x03\x1fK\x07\x01\x05\x05\x00\
_\x00\x00\x00 K\x00\x01\x01\x19\x01L\x1bK\xb0\x13\
PX@\x1d\x00\x04\x04\x02_\x06\x03\x02\x02\x02\x17K\
\x07\x01\x05\x05\x00_\x00\x00\x00 K\x00\x01\x01\x19\x01\
L\x1b@!\x00\x02\x02\x17K\x00\x04\x04\x03_\x06\x01\
\x03\x03\x1fK\x07\x01\x05\x05\x00_\x00\x00\x00 K\x00\
\x01\x01\x19\x01LYYY@\x14\x13\x13\x00\x00\x13\x1e\
\x13\x1d\x19\x17\x00\x12\x00\x11\x11\x13&\x08\x07\x17+\x00\
\x16\x16\x15\x14\x06\x06#\x22&'\x11#\x113\x156\
63\x12654&#\x22\x06\x15\x14\x163\x01\x80\
b66aA9U\x16QQ\x16U97NN\
GGMMG\x01\xf3@sLLq>2.\xfe\
\xf3\x02\x9bT.2\xfeI`XXc`YYa\
\x00\x00\x02\x00K\xffL\x02\x18\x02\xc1\x00\x12\x00\x1e\x00\
?@<\x0f\x0a\x02\x05\x04\x01J\x00\x02\x02\x14K\x00\
\x04\x04\x03_\x06\x01\x03\x03\x1fK\x07\x01\x05\x05\x00_\
\x00\x00\x00 K\x00\x01\x01\x19\x01L\x13\x13\x00\x00\x13\
\x1e\x13\x1d\x19\x17\x00\x12\x00\x11\x11\x13&\x08\x07\x17+\
\x00\x16\x16\x15\x14\x06\x06#\x22&'\x11#\x113\x11\
663\x12654&#\x22\x06\x15\x14\x163\x01\
~c77b?9U\x16QQ\x16U98M\
NGGMMG\x01\xf3>tMMr<2.\
\xfe\xf3\x03u\xfe\xd2.2\xfeIaWWd`Y\
Ya\x00\x00\x02\x00.\xffL\x01\xfb\x01\xf3\x00\x12\x00\
\x1e\x00\xb8\xb6\x11\x03\x02\x05\x04\x01JK\xb0\x09PX\
@\x1d\x00\x04\x04\x02_\x06\x03\x02\x02\x02\x1fK\x07\x01\
\x05\x05\x01_\x00\x01\x01 K\x00\x00\x00\x19\x00L\x1b\
K\xb0\x0bPX@!\x06\x01\x03\x03\x17K\x00\x04\x04\
\x02_\x00\x02\x02\x1fK\x07\x01\x05\x05\x01_\x00\x01\x01\
 K\x00\x00\x00\x19\x00L\x1bK\xb0\x13PX@\x1d\
\x00\x04\x04\x02_\x06\x03\x02\x02\x02\x1fK\x07\x01\x05\x05\
\x01_\x00\x01\x01 K\x00\x00\x00\x19\x00L\x1b@!\
\x06\x01\x03\x03\x17K\x00\x04\x04\x02_\x00\x02\x02\x1fK\
\x07\x01\x05\x05\x01_\x00\x01\x01 K\x00\x00\x00\x19\x00\
LYYY@\x14\x13\x13\x00\x00\x13\x1e\x13\x1d\x19\x17\
\x00\x12\x00\x12&#\x11\x08\x07\x17+\x01\x11#\x11\x06\
\x06#\x22&&546632\x16\x175\x026\
54&#\x22\x06\x15\x14\x163\x01\xfbQ\x16U9\
Aa66b@9U\x16MMMGGOO\
G\x01\xe7\xfde\x01\x0d.2>qLLs@2\
.T\xfeUaYY`cXX`\x00\x00\x01\x00\
K\x00\x00\x01_\x01\xf3\x00\x0c\x00O\xb5\x09\x01\x00\x01\
\x01JK\xb0\x15PX@\x0c\x02\x01\x01\x01\x17K\x00\
\x00\x00\x15\x00L\x1bK\xb0-PX@\x10\x00\x02\x02\
\x17K\x00\x01\x01\x17K\x00\x00\x00\x15\x00L\x1b@\x10\
\x00\x02\x01\x02\x83\x00\x01\x01\x17K\x00\x00\x00\x15\x00L\
YY\xb5\x13\x11\x15\x03\x07\x17+\x01\x07\x06\x06\x15\x11\
#\x113\x15677\x01_5KCQO)x\
\x1d\x01\xad\x05\x07P;\xfe\xea\x01\xe7UU\x0a\x02\xff\
\xff\x00K\x00\x00\x01z\x02\xf1\x00\x22\x01\x91\x00\x00\x00\
\x03\x02\xbc\x01l\x00\x00\xff\xff\x00D\x00\x00\x01h\x02\
\xf1\x00\x22\x01\x91\x00\x00\x00\x03\x02\xc0\x01l\x00\x00\xff\
\xff\x00C\xfe\xfd\x01_\x01\xf3\x00\x22\x01\x91\x00\x00\x00\
\x03\x02\xcc\x01\x0a\x00\x00\xff\xff\x006\x00\x00\x01_\x02\
\xf1\x00\x22\x01\x91\x00\x00\x00\x03\x02\xc6\x01l\x00\x00\xff\
\xff\x00F\xffJ\x01_\x01\xf3\x00\x22\x01\x91\x00\x00\x00\
\x03\x02\xca\x01\x0a\x00\x00\xff\xff\x001\x00\x00\x01{\x02\
\xd8\x00\x22\x01\x91\x00\x00\x00\x03\x02\xc7\x01l\x00\x00\xff\
\xff\xff\xde\xffX\x01_\x01\xf3\x00\x22\x01\x91\x00\x00\x00\
\x03\x02\xd0\x01\x0a\x00\x00\x00\x01\x00-\xff\xf9\x01\xb0\x01\
\xf3\x00%\x004@1\x15\x01\x02\x01\x16\x02\x02\x00\x02\
\x01\x01\x03\x00\x03J\x00\x02\x02\x01_\x00\x01\x01\x1fK\
\x00\x00\x00\x03_\x04\x01\x03\x03 \x03L\x00\x00\x00%\
\x00$$+$\x05\x07\x17+\x16'7\x16\x1632\
654&''&&54632\x16\x17\x07\
&#\x22\x06\x15\x14\x16\x17\x17\x16\x16\x15\x14\x06#u\
H\x1b'Q369&,R>BfU3\x5c\
\x1f\x1bCP39#'SDBgY\x07?<\
\x1f\x1b%#\x1d\x22\x0a\x13\x0eD2AP!\x1f;\
9'#\x1d#\x09\x14\x10A4@L\x00\xff\xff\x00\
-\xff\xf9\x01\xb0\x02\xf1\x00\x22\x01\x99\x00\x00\x00\x03\x02\
\xbc\x01\x8f\x00\x00\xff\xff\x00-\xff\xf9\x01\xb0\x02\xf1\x00\
\x22\x01\x99\x00\x00\x00#\x02\xbc\x01\x93\x00\x00\x01\x07\x02\
\xba\x010\x007\x00\x08\xb1\x02\x01\xb07\xb03+\xff\
\xff\x00-\xff\xf9\x01\xb0\x02\xf1\x00\x22\x01\x99\x00\x00\x00\
\x03\x02\xc0\x01\x8f\x00\x00\xff\xff\x00-\xff\xf9\x01\xb0\x03\
{\x00\x22\x01\x99\x00\x00\x00#\x02\xc0\x01\x8f\x00\x00\x01\
\x07\x02\xba\x01\x8f\x00\xc1\x00\x08\xb1\x02\x01\xb0\xc1\xb03\
+\x00\x01\x00-\xff?\x01\xb0\x01\xf3\x00>\x00\xb6@\
\x1d1\x01\x07\x062\x1e\x02\x05\x07\x1d\x01\x00\x05\x1a\x03\
\x02\x04\x01\x19\x0f\x02\x03\x04\x0e\x01\x02\x03\x06JK\xb0\
\x0bPX@'\x00\x01\x00\x04\x03\x01\x04g\x00\x07\x07\
\x06_\x00\x06\x06\x1fK\x00\x05\x05\x00_\x00\x00\x00 \
K\x00\x03\x03\x02_\x00\x02\x02!\x02L\x1bK\xb0\x0d\
PX@'\x00\x01\x00\x04\x03\x01\x04g\x00\x07\x07\x06\
_\x00\x06\x06\x1fK\x00\x05\x05\x00_\x00\x00\x00\x1dK\
\x00\x03\x03\x02_\x00\x02\x02!\x02L\x1b@'\x00\x01\
\x00\x04\x03\x01\x04g\x00\x07\x07\x06_\x00\x06\x06\x1fK\
\x00\x05\x05\x00_\x00\x00\x00 K\x00\x03\x03\x02_\x00\
\x02\x02!\x02LYY@\x0b$+($$$\x22\
\x11\x08\x07\x1c+$\x06\x07\x07632\x16\x15\x14\x06\
#\x22&'7\x1632654&#\x22\x07'\
7&'7\x16\x1632654&''&&\
54632\x16\x17\x07&#\x22\x06\x15\x14\x16\x17\
\x17\x16\x16\x15\x01\xb0^Q\x04\x10\x08 ,=7\x14\
2\x12\x0d$(\x1b\x1c\x12\x11\x16\x17\x14\x08a;\x1b\
'Q369&,R>BfU3\x5c\x1f\x1b\
CP39#'SDBHK\x04$\x02#\x22\
$/\x0a\x09+\x0e\x12\x11\x0d\x0e\x09\x10G\x094<\
\x1f\x1b%#\x1d\x22\x0a\x13\x0eD2AP!\x1f;\
9'#\x1d#\x09\x14\x10A4\x00\xff\xff\x00-\xff\
\xf9\x01\xb0\x02\xf1\x00\x22\x01\x99\x00\x00\x00\x03\x02\xbf\x01\
\x8f\x00\x00\xff\xff\x00-\xfe\xfd\x01\xb0\x01\xf3\x00\x22\x01\
\x99\x00\x00\x00\x03\x02\xcc\x01\x85\x00\x00\xff\xff\x00-\xff\
\xf9\x01\xb0\x02\xba\x00\x22\x01\x99\x00\x00\x00\x03\x02\xba\x01\
\x8f\x00\x00\xff\xff\x00-\xffJ\x01\xb0\x01\xf3\x00\x22\x01\
\x99\x00\x00\x00\x03\x02\xca\x01\x85\x00\x00\xff\xff\x00-\xff\
J\x01\xb0\x02\xba\x00\x22\x01\x99\x00\x00\x00#\x02\xca\x01\
\x85\x00\x00\x00\x03\x02\xba\x01\x8f\x00\x00\x00\x01\x00K\xff\
\xf9\x02J\x02\xc6\x004\x00iK\xb0!PX@\x0a\
\x1a\x01\x02\x03\x19\x01\x01\x02\x02J\x1b@\x0a\x1a\x01\x02\
\x03\x19\x01\x04\x02\x02JYK\xb0!PX@\x16\x00\
\x03\x03\x00_\x00\x00\x00\x1cK\x00\x02\x02\x01_\x04\x01\
\x01\x01 \x01L\x1b@\x1a\x00\x03\x03\x00_\x00\x00\x00\
\x1cK\x00\x04\x04\x15K\x00\x02\x02\x01_\x00\x01\x01 \
\x01LY@\x0c430.\x1d\x1b\x17\x15\x22\x05\x07\
\x15+\x134632\x16\x15\x14\x06\x07\x06\x06\x15\x14\
\x16\x17\x1e\x02\x15\x14\x06#\x22&'7\x16326\
54&'.\x0254676654&#\
\x22\x06\x15\x11#KwkOZ)&\x1c\x1c35\
.;*eR5`\x22\x1bNO1657.\
9(%$ \x1f0,EKQ\x01\xddn{E\
>):\x22\x18$\x15 \x22\x12\x10\x1e8+@O\
!\x1e<9'#!#\x13\x0f\x1d4)$4!\
\x1e)\x1b!$SL\xfe\x1a\x00\x01\x00\x07\xff\xf9\x01\
M\x02{\x00\x14\x009@6\x01\x01\x06\x01\x02\x01\x00\
\x06\x02J\x00\x03\x02\x03\x83\x05\x01\x01\x01\x02]\x04\x01\
\x02\x02\x17K\x07\x01\x06\x06\x00_\x00\x00\x00 \x00L\
\x00\x00\x00\x14\x00\x13\x11\x11\x11\x11\x13#\x08\x07\x1a+\
$7\x07\x06#\x22&5\x11#5353\x153\
\x15#\x15\x143\x017\x16\x04\x17\x1bXY__Q\
\x8a\x8aj:\x03@\x04\x5cR\x01\x00@\x94\x94@\xfa\
s\x00\x01\x00\x0c\xff\xf9\x01R\x02{\x00\x1c\x00H@\
E\x01\x01\x0a\x01\x02\x01\x00\x0a\x02J\x00\x05\x04\x05\x83\
\x08\x01\x02\x09\x01\x01\x0a\x02\x01e\x07\x01\x03\x03\x04]\
\x06\x01\x04\x04\x17K\x0b\x01\x0a\x0a\x00_\x00\x00\x00 \
\x00L\x00\x00\x00\x1c\x00\x1b\x19\x18\x11\x11\x11\x11\x11\x11\
\x11\x13#\x0c\x07\x1d+$7\x07\x06#\x22&55\
#535#5353\x153\x15#\x153\x15\
#\x15\x143\x01<\x16\x04\x17\x1bXYKK__\
Q\x8a\x8avvj:\x03@\x04\x5cRR>p@\
\x94\x94@p>Ls\x00\x02\x00\x07\xff\xf9\x01M\x02\
\xc1\x00\x03\x00\x18\x00T@Q\x05\x01\x08\x03\x06\x01\x02\
\x08\x02J\x00\x05\x01\x00\x01\x05\x00~\x00\x00\x00\x01]\
\x09\x01\x01\x01\x14K\x07\x01\x03\x03\x04]\x06\x01\x04\x04\
\x17K\x0a\x01\x08\x08\x02_\x00\x02\x02 \x02L\x04\x04\
\x00\x00\x04\x18\x04\x17\x15\x14\x13\x12\x11\x10\x0f\x0e\x0d\x0c\
\x09\x07\x00\x03\x00\x03\x11\x0b\x07\x15+\x01\x07#5\x12\
7\x07\x06#\x22&5\x11#5353\x153\x15\
#\x15\x143\x016\x1c.K\x16\x04\x17\x1bXY_\
_Q\x8a\x8aj\x02\xc1\xab\xab\xfdy\x03@\x04\x5cR\
\x01\x00@\x94\x94@\xfas\x00\x00\x01\x00\x07\xff?\x01\
M\x02{\x00.\x00`@]&\x01\x08\x03+'\x15\
\x03\x09\x08,\x14\x02\x02\x0a\x13\x09\x02\x01\x02\x08\x01\x00\
\x01\x05J\x00\x05\x04\x05\x83\x0b\x01\x0a\x00\x02\x01\x0a\x02\
g\x07\x01\x03\x03\x04]\x06\x01\x04\x04\x17K\x00\x08\x08\
\x09_\x00\x09\x09 K\x00\x01\x01\x00_\x00\x00\x00!\
\x00L\x00\x00\x00.\x00-*(\x22\x11\x11\x11\x11\x16\
$$$\x0c\x07\x1d+\x04\x16\x15\x14\x06#\x22&'\
7\x1632654&#\x22\x07'7&5\x11\
#5353\x153\x15#\x15\x14327\x07\x06\
#\x22'\x0763\x01!,=7\x142\x12\x0d$\
(\x1b\x1c\x12\x11\x16\x17\x14\x0aQ__Q\x8a\x8aj\
\x16\x16\x04\x17\x1b\x16\x14\x04\x10\x08)#\x22$/\x0a\
\x09+\x0e\x12\x11\x0d\x0e\x09\x10Y(r\x01\x00@\x94\
\x94@\xfas\x03@\x04\x03'\x02\x00\xff\xff\x00\x07\xfe\
\xfd\x01M\x02{\x00\x22\x01\xa5\x00\x00\x00\x03\x02\xcc\x01\
q\x00\x00\xff\xff\x00\x07\xff\xf9\x01M\x03/\x00\x22\x01\
\xa5\x00\x00\x01\x07\x02\xd2\x01%\xff\xba\x00\x09\xb1\x01\x02\
\xb8\xff\xba\xb03+\x00\xff\xff\x00\x07\xffJ\x01M\x02\
{\x00\x22\x01\xa5\x00\x00\x00\x03\x02\xca\x01q\x00\x00\xff\
\xff\x00\x07\xffX\x01q\x02{\x00\x22\x01\xa5\x00\x00\x00\
\x03\x02\xd0\x01q\x00\x00\x00\x01\x00I\xff\xf9\x01\xe5\x01\
\xe7\x00\x13\x00L\xb5\x03\x01\x03\x02\x01JK\xb0!P\
X@\x13\x05\x04\x02\x02\x02\x17K\x00\x03\x03\x00_\x01\
\x01\x00\x00\x15\x00L\x1b@\x17\x05\x04\x02\x02\x02\x17K\
\x00\x00\x00\x15K\x00\x03\x03\x01_\x00\x01\x01 \x01L\
Y@\x0d\x00\x00\x00\x13\x00\x13#\x13#\x11\x06\x07\x18\
+\x01\x11#5\x06\x06#\x22&5\x113\x11\x14\x16\
3265\x11\x01\xe5O\x17S4WXQ48\
@N\x01\xe7\xfe\x19S,.a_\x01.\xfe\xd4A\
=SD\x01\x13\xff\xff\x00I\xff\xf9\x01\xe5\x02\xf1\x00\
\x22\x01\xad\x00\x00\x00\x03\x02\xbc\x01\xae\x00\x00\xff\xff\x00\
I\xff\xf9\x01\xe5\x02\xd9\x00\x22\x01\xad\x00\x00\x00\x03\x02\
\xc1\x01\xae\x00\x00\xff\xff\x00I\xff\xf9\x01\xe5\x02\xf1\x00\
\x22\x01\xad\x00\x00\x00\x03\x02\xbf\x01\xae\x00\x00\xff\xff\x00\
I\xff\xf9\x01\xe5\x02\xf1\x00\x22\x01\xad\x00\x00\x00\x03\x02\
\xc6\x01\xae\x00\x00\xff\xff\x00I\xff\xf9\x01\xe5\x02\xb7\x00\
\x22\x01\xad\x00\x00\x00\x03\x02\xb9\x01\xae\x00\x00\xff\xff\x00\
I\xffJ\x01\xe5\x01\xe7\x00\x22\x01\xad\x00\x00\x00\x03\x02\
\xca\x01\xae\x00\x00\xff\xff\x00I\xff\xf9\x01\xe5\x02\xf1\x00\
\x22\x01\xad\x00\x00\x00\x03\x02\xbb\x01\xae\x00\x00\xff\xff\x00\
I\xff\xf9\x01\xe5\x02\xf5\x00\x22\x01\xad\x00\x00\x00\x03\x02\
\xc5\x01\xae\x00\x00\x00\x01\x00I\xff\xf9\x02[\x02h\x00\
\x1c\x00X\xb6\x07\x04\x02\x03\x02\x01JK\xb0!PX\
@\x18\x06\x01\x05\x02\x05\x83\x04\x01\x02\x02\x17K\x00\x03\
\x03\x00_\x01\x01\x00\x00\x15\x00L\x1b@\x1c\x06\x01\x05\
\x02\x05\x83\x04\x01\x02\x02\x17K\x00\x00\x00\x15K\x00\x03\
\x03\x01_\x00\x01\x01 \x01LY@\x0e\x00\x00\x00\x1c\
\x00\x1c##\x13#\x15\x07\x07\x19+\x01\x15\x14\x06\x07\
\x11#5\x06\x06#\x22&5\x113\x11\x14\x1632\
65\x1132655\x02[>8O\x17S4\
WXQ48@N\x1860\x02h\x1a=M\x09\
\xfeES,.a_\x01.\xfe\xd4A=SD\x01\
\x135=\x0f\x00\xff\xff\x00I\xff\xf9\x02[\x02\xf1\x00\
\x22\x01\xb6\x00\x00\x00\x03\x02\xbc\x01\xae\x00\x00\xff\xff\x00\
I\xffJ\x02[\x02h\x00\x22\x01\xb6\x00\x00\x00\x03\x02\
\xca\x01\xae\x00\x00\xff\xff\x00I\xff\xf9\x02[\x02\xf1\x00\
\x22\x01\xb6\x00\x00\x00\x03\x02\xbb\x01\xae\x00\x00\xff\xff\x00\
I\xff\xf9\x02[\x02\xf5\x00\x22\x01\xb6\x00\x00\x00\x03\x02\
\xc5\x01\xae\x00\x00\xff\xff\x00I\xff\xf9\x02[\x02\xc8\x00\
\x22\x01\xb6\x00\x00\x00\x03\x02\xc3\x01\xae\x00\x00\xff\xff\x00\
I\xff\xf9\x01\xe5\x02\xf1\x00\x22\x01\xad\x00\x00\x00\x03\x02\
\xbd\x01\xae\x00\x00\xff\xff\x00I\xff\xf9\x01\xe5\x02\xd8\x00\
\x22\x01\xad\x00\x00\x00\x03\x02\xc7\x01\xae\x00\x00\xff\xff\x00\
I\xff\xf9\x01\xe5\x02\xab\x00\x22\x01\xad\x00\x00\x00\x03\x02\
\xc4\x01\xae\x00\x00\xff\xff\x00I\xff\xf9\x01\xe5\x03x\x00\
\x22\x01\xad\x00\x00\x00#\x02\xc4\x01\xae\x00\x00\x01\x07\x02\
\xb9\x01\xae\x00\xc1\x00\x08\xb1\x02\x02\xb0\xc1\xb03+\x00\
\x01\x00I\xff?\x02\x12\x01\xe7\x00$\x00{K\xb0!\
PX@\x0e\x09\x01\x03\x02\x08\x01\x01\x03$\x01\x06\x01\
\x03J\x1b@\x0e\x09\x01\x03\x02\x08\x01\x05\x03$\x01\x06\
\x01\x03JYK\xb0!PX@\x1c\x04\x01\x02\x02\x17\
K\x00\x03\x03\x01_\x05\x01\x01\x01 K\x00\x06\x06\x00\
_\x00\x00\x00!\x00L\x1b@ \x04\x01\x02\x02\x17K\
\x00\x05\x05\x15K\x00\x03\x03\x01_\x00\x01\x01 K\x00\
\x06\x06\x00_\x00\x00\x00!\x00LY@\x0a$!\x13\
#\x13(!\x07\x07\x1b+\x05\x06#\x22&546\
75\x06\x06#\x22&5\x113\x11\x14\x16326\
5\x113\x11#\x22\x06\x15\x14\x16327\x02\x12%\
14A)&\x17S4WXQ48@NQ\
\x05(2#\x1f\x1a \xaa\x17;/%:\x11:,\
.a_\x01.\xfe\xd4A=SD\x01\x13\xfe\x19+\
\x22\x1e!\x11\x00\xff\xff\x00I\xff\xf9\x01\xe5\x02\xef\x00\
\x22\x01\xad\x00\x00\x00\x03\x02\xc2\x01\xae\x00\x00\xff\xff\x00\
I\xff\xf9\x01\xe5\x02\xc8\x00\x22\x01\xad\x00\x00\x00\x03\x02\
\xc3\x01\xae\x00\x00\xff\xff\x00I\xff\xf9\x01\xe5\x03\xb2\x00\
\x22\x01\xad\x00\x00\x00#\x02\xc3\x01\xae\x00\x00\x01\x07\x02\
\xbc\x01\xae\x00\xc1\x00\x08\xb1\x02\x01\xb0\xc1\xb03+\x00\
\x01\x00\x0a\x00\x00\x01\xf9\x01\xe6\x00\x06\x00\x1b@\x18\x06\
\x01\x01\x00\x01J\x02\x01\x00\x00\x17K\x00\x01\x01\x15\x01\
L\x11\x11\x10\x03\x07\x17+\x013\x03#\x033\x13\x01\
\xa8Q\xd2L\xd1V\xa3\x01\xe6\xfe\x1a\x01\xe6\xfer\x00\
\x01\x00\x19\x00\x00\x031\x01\xe7\x00\x0c\x00!@\x1e\x0c\
\x09\x04\x03\x01\x00\x01J\x04\x03\x02\x00\x00\x17K\x02\x01\
\x01\x01\x15\x01L\x12\x11\x12\x11\x10\x05\x07\x19+\x013\
\x03#\x03\x03#\x033\x13\x133\x13\x02\xe0Q\xb5N\
\x89\x8aM\xb5T\x8a\x8dF\x8b\x01\xe7\xfe\x19\x01y\xfe\
\x87\x01\xe7\xfey\x01\x87\xfey\xff\xff\x00\x19\x00\x00\x03\
1\x02\xf1\x00\x22\x01\xc5\x00\x00\x00\x03\x02\xbc\x02;\x00\
\x00\xff\xff\x00\x19\x00\x00\x031\x02\xf1\x00\x22\x01\xc5\x00\
\x00\x00\x03\x02\xbf\x02;\x00\x00\xff\xff\x00\x19\x00\x00\x03\
1\x02\xb7\x00\x22\x01\xc5\x00\x00\x00\x03\x02\xb9\x02;\x00\
\x00\xff\xff\x00\x19\x00\x00\x031\x02\xf1\x00\x22\x01\xc5\x00\
\x00\x00\x03\x02\xbb\x02;\x00\x00\x00\x01\x00\x09\x00\x00\x01\
\xfd\x01\xe7\x00\x0b\x00\x1f@\x1c\x09\x06\x03\x03\x00\x02\x01\
J\x03\x01\x02\x02\x17K\x01\x01\x00\x00\x15\x00L\x12\x12\
\x12\x11\x04\x07\x18+%\x17#'\x07#7'3\x17\
73\x013\xcab\x98\x97c\xca\xbeb\x8c\x8cc\xfb\
\xfb\xbe\xbe\xfb\xec\xb1\xb1\x00\x01\x00\x0a\xffL\x01\xf9\x01\
\xe6\x00\x07\x00\x1c@\x19\x07\x04\x02\x01\x00\x01J\x02\x01\
\x00\x00\x17K\x00\x01\x01\x19\x01L\x12\x11\x10\x03\x07\x17\
+\x013\x01#7\x033\x13\x01\xa8Q\xfe\xe0SR\
\xceV\xa3\x01\xe6\xfdf\xba\x01\xe0\xfer\x00\xff\xff\x00\
\x0a\xffL\x01\xf9\x02\xf1\x00\x22\x01\xcb\x00\x00\x00\x03\x02\
\xbc\x01\x98\x00\x00\xff\xff\x00\x0a\xffL\x01\xf9\x02\xf1\x00\
\x22\x01\xcb\x00\x00\x00\x03\x02\xbf\x01\x98\x00\x00\xff\xff\x00\
\x0a\xffL\x01\xf9\x02\xb7\x00\x22\x01\xcb\x00\x00\x00\x03\x02\
\xb9\x01\x98\x00\x00\xff\xff\x00\x0a\xffL\x01\xf9\x02\xba\x00\
\x22\x01\xcb\x00\x00\x00\x03\x02\xba\x01\x98\x00\x00\xff\xff\x00\
\x0a\xffJ\x01\xf9\x01\xe6\x00\x22\x01\xcb\x00\x00\x00\x03\x02\
\xca\x02\x1c\x00\x00\xff\xff\x00\x0a\xffL\x01\xf9\x02\xf1\x00\
\x22\x01\xcb\x00\x00\x00\x03\x02\xbb\x01\x98\x00\x00\xff\xff\x00\
\x0a\xffL\x01\xf9\x02\xf5\x00\x22\x01\xcb\x00\x00\x00\x03\x02\
\xc5\x01\x98\x00\x00\xff\xff\x00\x0a\xffL\x01\xf9\x02\xab\x00\
\x22\x01\xcb\x00\x00\x00\x03\x02\xc4\x01\x98\x00\x00\xff\xff\x00\
\x0a\xffL\x01\xf9\x02\xc8\x00\x22\x01\xcb\x00\x00\x00\x03\x02\
\xc3\x01\x98\x00\x00\x00\x01\x000\x00\x00\x01\xcd\x01\xe7\x00\
\x09\x00)@&\x09\x01\x02\x03\x04\x01\x01\x00\x02J\x00\
\x02\x02\x03]\x00\x03\x03\x17K\x00\x00\x00\x01]\x00\x01\
\x01\x15\x01L\x11\x12\x11\x10\x04\x07\x18+7!\x15!\
5\x01!5!\x15\x94\x019\xfec\x010\xfe\xda\x01\
\x88@@8\x01o@;\x00\xff\xff\x000\x00\x00\x01\
\xcd\x02\xf1\x00\x22\x01\xd5\x00\x00\x00\x03\x02\xbc\x01\x96\x00\
\x00\xff\xff\x000\x00\x00\x01\xcd\x02\xf1\x00\x22\x01\xd5\x00\
\x00\x00\x03\x02\xc0\x01\x96\x00\x00\xff\xff\x000\x00\x00\x01\
\xcd\x02\xba\x00\x22\x01\xd5\x00\x00\x00\x03\x02\xba\x01\x96\x00\
\x00\xff\xff\x000\xffJ\x01\xcd\x01\xe7\x00\x22\x01\xd5\x00\
\x00\x00\x03\x02\xca\x01\x90\x00\x00\xff\xff\x00K\xffH\x02\
\x00\x02\xf1\x00\x22\x01@\x00\x00\x00#\x02\xbc\x01\x0a\x00\
\x00\x00#\x01P\x00\xe8\x00\x00\x00\x03\x02\xbc\x01\xf2\x00\
\x00\x00\x02\x00.\xff\xf9\x01\xfb\x01\xf3\x00\x12\x00\x1e\x00\
\xd2\xb6\x11\x03\x02\x05\x04\x01JK\xb0\x09PX@\x19\
\x00\x04\x04\x02_\x06\x03\x02\x02\x02\x1fK\x07\x01\x05\x05\
\x00_\x01\x01\x00\x00\x15\x00L\x1bK\xb0\x0bPX@\
\x1d\x06\x01\x03\x03\x17K\x00\x04\x04\x02_\x00\x02\x02\x1f\
K\x07\x01\x05\x05\x00_\x01\x01\x00\x00\x15\x00L\x1bK\
\xb0\x13PX@\x19\x00\x04\x04\x02_\x06\x03\x02\x02\x02\
\x1fK\x07\x01\x05\x05\x00_\x01\x01\x00\x00\x15\x00L\x1b\
K\xb0!PX@\x1d\x06\x01\x03\x03\x17K\x00\x04\x04\
\x02_\x00\x02\x02\x1fK\x07\x01\x05\x05\x00_\x01\x01\x00\
\x00\x15\x00L\x1b@!\x06\x01\x03\x03\x17K\x00\x04\x04\
\x02_\x00\x02\x02\x1fK\x00\x00\x00\x15K\x07\x01\x05\x05\
\x01_\x00\x01\x01 \x01LYYYY@\x14\x13\x13\
\x00\x00\x13\x1e\x13\x1d\x19\x17\x00\x12\x00\x12&#\x11\x08\
\x07\x17+\x01\x11#5\x06\x06#\x22&&546\
632\x16\x175\x02654&#\x22\x06\x15\x14\
\x163\x01\xfbQ\x16U9Aa66b@9U\
\x16MMMGGOOG\x01\xe7\xfe\x19Y.2\
>qLLs@2.T\xfeUaYY`c\
XX`\xff\xff\x00.\xff\xf9\x01\xfb\x02\xf1\x00\x22\x01\
\xdb\x00\x00\x00\x03\x02\xbc\x01\xba\x00\x00\xff\xff\x00.\xff\
\xf9\x01\xfb\x02\xd9\x00\x22\x01\xdb\x00\x00\x00\x03\x02\xc1\x01\
\xba\x00\x00\xff\xff\x00.\xff\xf9\x01\xfb\x03\x1c\x00\x22\x01\
\xdb\x00\x00\x00\x03\x02\xf9\x01\xba\x00\x00\xff\xff\x00.\xff\
J\x01\xfb\x02\xd9\x00\x22\x01\xdb\x00\x00\x00#\x02\xca\x01\
\xba\x00\x00\x00\x03\x02\xc1\x01\xba\x00\x00\xff\xff\x00.\xff\
\xf9\x01\xfb\x03\x1c\x00\x22\x01\xdb\x00\x00\x00\x03\x02\xfa\x01\
\xba\x00\x00\xff\xff\x00.\xff\xf9\x01\xfb\x03!\x00\x22\x01\
\xdb\x00\x00\x00\x03\x02\xfb\x01\xba\x00\x00\xff\xff\x00.\xff\
\xf9\x01\xfb\x03$\x00\x22\x01\xdb\x00\x00\x00\x03\x02\xfc\x01\
\xba\x00\x00\xff\xff\x00.\xff\xf9\x01\xfb\x02\xf1\x00\x22\x01\
\xdb\x00\x00\x00\x03\x02\xc0\x01\xba\x00\x00\xff\xff\x00.\xff\
\xf9\x01\xfb\x02\xf1\x00\x22\x01\xdb\x00\x00\x00\x03\x02\xbf\x01\
\xba\x00\x00\xff\xff\x00.\xff\xf9\x02)\x03\x1c\x00\x22\x01\
\xdb\x00\x00\x00\x03\x02\xfd\x01\xba\x00\x00\xff\xff\x00.\xff\
J\x01\xfb\x02\xf1\x00\x22\x01\xdb\x00\x00\x00#\x02\xca\x01\
\xba\x00\x00\x00\x03\x02\xbf\x01\xba\x00\x00\xff\xff\x00.\xff\
\xf9\x01\xfb\x03\x1c\x00\x22\x01\xdb\x00\x00\x00\x03\x02\xfe\x01\
\xba\x00\x00\xff\xff\x00.\xff\xf9\x01\xfb\x03!\x00\x22\x01\
\xdb\x00\x00\x00\x03\x02\xff\x01\xba\x00\x00\xff\xff\x00.\xff\
\xf9\x01\xfb\x03-\x00\x22\x01\xdb\x00\x00\x00\x03\x03\x00\x01\
\xba\x00\x00\xff\xff\x00.\xff\xf9\x01\xfb\x02\xf1\x00\x22\x01\
\xdb\x00\x00\x00\x03\x02\xc6\x01\xba\x00\x00\xff\xff\x00.\xff\
\xf9\x01\xfb\x02\xb7\x00\x22\x01\xdb\x00\x00\x00\x03\x02\xb9\x01\
\xba\x00\x00\xff\xff\x00.\xff\xf9\x01\xfb\x02\xba\x00\x22\x01\
\xdb\x00\x00\x00\x03\x02\xba\x01\xba\x00\x00\xff\xff\x00.\xff\
J\x01\xfb\x01\xf3\x00\x22\x01\xdb\x00\x00\x00\x03\x02\xca\x01\
\xba\x00\x00\xff\xff\x00.\xff\xf9\x01\xfb\x02\xf1\x00\x22\x01\
\xdb\x00\x00\x00\x03\x02\xbb\x01\xba\x00\x00\xff\xff\x00.\xff\
\xf9\x01\xfb\x02\xf5\x00\x22\x01\xdb\x00\x00\x00\x03\x02\xc5\x01\
\xba\x00\x00\xff\xff\x00.\xff\xf9\x01\xfb\x02\xd8\x00\x22\x01\
\xdb\x00\x00\x00\x03\x02\xc7\x01\xba\x00\x00\xff\xff\x00.\xff\
\xf9\x01\xfb\x02\xab\x00\x22\x01\xdb\x00\x00\x00\x03\x02\xc4\x01\
\xba\x00\x00\x00\x02\x00.\xff?\x02'\x01\xf3\x00#\x00\
/\x01\x1cK\xb0!PX@\x0f\x17\x09\x02\x07\x06\x08\
\x01\x01\x07#\x01\x05\x01\x03J\x1b@\x0f\x17\x09\x02\x07\
\x06\x08\x01\x04\x07#\x01\x05\x01\x03JYK\xb0\x09P\
X@\x22\x00\x06\x06\x02_\x03\x01\x02\x02\x1fK\x08\x01\
\x07\x07\x01_\x04\x01\x01\x01 K\x00\x05\x05\x00_\x00\
\x00\x00!\x00L\x1bK\xb0\x0bPX@&\x00\x03\x03\
\x17K\x00\x06\x06\x02_\x00\x02\x02\x1fK\x08\x01\x07\x07\
\x01_\x04\x01\x01\x01 K\x00\x05\x05\x00_\x00\x00\x00\
!\x00L\x1bK\xb0\x13PX@\x22\x00\x06\x06\x02_\
\x03\x01\x02\x02\x1fK\x08\x01\x07\x07\x01_\x04\x01\x01\x01\
 K\x00\x05\x05\x00_\x00\x00\x00!\x00L\x1bK\xb0\
!PX@&\x00\x03\x03\x17K\x00\x06\x06\x02_\x00\
\x02\x02\x1fK\x08\x01\x07\x07\x01_\x04\x01\x01\x01 K\
\x00\x05\x05\x00_\x00\x00\x00!\x00L\x1b@*\x00\x03\
\x03\x17K\x00\x06\x06\x02_\x00\x02\x02\x1fK\x00\x04\x04\
\x15K\x08\x01\x07\x07\x01_\x00\x01\x01 K\x00\x05\x05\
\x00_\x00\x00\x00!\x00LYYYY@\x10$$\
$/$.&$!\x13&(!\x09\x07\x1b+\x05\
\x06#\x22&54675\x06\x06#\x22&&5\
46632\x16\x1753\x11#\x22\x06\x15\x14\x16\
327&654&#\x22\x06\x15\x14\x163\x02\
'#34A)%\x16U9@b66b@\
9U\x16Q\x06(2#\x1f\x1a \xbaMMGG\
OOG\xaa\x17;/%9\x11A.2>rK\
Kt@2.T\xfe\x19+\x22\x1e!\x11\xb7aY\
Y`cXX`\x00\xff\xff\x00.\xff\xf9\x01\xfb\x02\
\xef\x00\x22\x01\xdb\x00\x00\x00\x03\x02\xc2\x01\xba\x00\x00\x00\
\x04\x00.\xff\xf9\x01\xfb\x03R\x00\x10\x00\x1c\x00/\x00\
;\x01H@\x10\x0b\x07\x02\x03\x00. \x02\x09\x08\x02\
J\x09\x01\x00HK\xb0\x09PX@+\x00\x00\x0b\x01\
\x03\x02\x00\x03g\x00\x02\x0a\x01\x01\x06\x02\x01g\x00\x08\
\x08\x06_\x0c\x07\x02\x06\x06\x1fK\x0d\x01\x09\x09\x04_\
\x05\x01\x04\x04\x15\x04L\x1bK\xb0\x0bPX@/\x00\
\x00\x0b\x01\x03\x02\x00\x03g\x00\x02\x0a\x01\x01\x06\x02\x01\
g\x0c\x01\x07\x07\x17K\x00\x08\x08\x06_\x00\x06\x06\x1f\
K\x0d\x01\x09\x09\x04_\x05\x01\x04\x04\x15\x04L\x1bK\
\xb0\x13PX@+\x00\x00\x0b\x01\x03\x02\x00\x03g\x00\
\x02\x0a\x01\x01\x06\x02\x01g\x00\x08\x08\x06_\x0c\x07\x02\
\x06\x06\x1fK\x0d\x01\x09\x09\x04_\x05\x01\x04\x04\x15\x04\
L\x1bK\xb0!PX@/\x00\x00\x0b\x01\x03\x02\x00\
\x03g\x00\x02\x0a\x01\x01\x06\x02\x01g\x0c\x01\x07\x07\x17\
K\x00\x08\x08\x06_\x00\x06\x06\x1fK\x0d\x01\x09\x09\x04\
_\x05\x01\x04\x04\x15\x04L\x1b@3\x00\x00\x0b\x01\x03\
\x02\x00\x03g\x00\x02\x0a\x01\x01\x06\x02\x01g\x0c\x01\x07\
\x07\x17K\x00\x08\x08\x06_\x00\x06\x06\x1fK\x00\x04\x04\
\x15K\x0d\x01\x09\x09\x05_\x00\x05\x05 \x05LYY\
YY@&00\x1d\x1d\x11\x11\x00\x000;0:\
64\x1d/\x1d/,*$\x22\x1f\x1e\x11\x1c\x11\x1b\
\x17\x15\x00\x10\x00\x0f$\x0e\x07\x15+\x12&546\
32\x1777\x07\x07\x16\x15\x14\x06#&\x06\x15\x14\
\x1632654&#\x17\x11#5\x06\x06#\x22\
&&546632\x16\x175\x02654&\
#\x22\x06\x15\x14\x163\xfa<<*%\x1b*H8\
+\x16;*\x15\x1c\x1c\x15\x15\x1b\x1b\x15\xd7Q\x16U\
9Aa66b@9U\x16MMMGGO\
OG\x02*9**9\x16Y\x1fo\x19\x19$*\
9\x95\x1d\x15\x15\x1d\x1d\x15\x15\x1d\xd8\xfe\x19Y.2\
>qLLs@2.T\xfeUaYY`c\
XX`\xff\xff\x00.\xff\xf9\x01\xfb\x02\xc8\x00\x22\x01\
\xdb\x00\x00\x00\x03\x02\xc3\x01\xba\x00\x00\x00\x02\x00\x07\x00\
\x00\x01\xed\x02\xc4\x00\x15\x00\x19\x00lK\xb0-PX\
@)\x00\x07\x07\x06_\x08\x01\x06\x06\x14K\x00\x09\x09\
\x06_\x08\x01\x06\x06\x14K\x04\x01\x02\x02\x00]\x05\x01\
\x00\x00\x17K\x03\x01\x01\x01\x15\x01L\x1b@'\x00\x07\
\x07\x06_\x00\x06\x06\x14K\x00\x09\x09\x08]\x00\x08\x08\
\x14K\x04\x01\x02\x02\x00]\x05\x01\x00\x00\x17K\x03\x01\
\x01\x01\x15\x01LY@\x0e\x19\x18\x13!#\x11\x11\x11\
\x11\x11\x10\x0a\x07\x1d+\x13!\x11#\x11#\x11#\x11\
#5354677\x17\x07\x06\x06\x1573\x15\
#\xb7\x01,Q\xdbQ__be%\x05.<6\
\xd2dd\x01\xe7\xfe\x19\x01\xa7\xfeY\x01\xa7@\x10b\
d\x05\x02?\x03\x04>>\xb9]\x00\xff\xff\x00\x07\x00\
\x00\x01\xe4\x02\xc4\x00\x22\x012\x00\x00\x00\x03\x01U\x01\
H\x00\x00\xff\xff\x00W\xff\xf9\x01\xef\x02\xc1\x00\x22\x00\
T\x00\x00\x00\x03\x00c\x01\x00\x00\x00\xff\xff\x00C\xff\
H\x01\x8d\x02\xba\x00\x22\x01@\x00\x00\x00#\x02\xba\x01\
\x0a\x00\x00\x00#\x01P\x00\xe8\x00\x00\x00\x03\x02\xba\x01\
\xf2\x00\x00\x00\x02\x00\x1e\x01\x97\x01 \x02\xc6\x00\x1a\x00\
&\x00u@\x0f\x17\x01\x03\x04\x16\x01\x02\x03\x02J\x05\
\x01\x06\x01IK\xb0-PX@\x1d\x00\x02\x00\x05\x06\
\x02\x05g\x08\x01\x06\x01\x01\x00\x06\x00c\x00\x03\x03\x04\
_\x07\x01\x04\x04D\x03L\x1b@$\x00\x00\x06\x01\x06\
\x00\x01~\x00\x02\x00\x05\x06\x02\x05g\x08\x01\x06\x00\x01\
\x06\x01c\x00\x03\x03\x04_\x07\x01\x04\x04D\x03LY\
@\x15\x1b\x1b\x00\x00\x1b&\x1b% \x1e\x00\x1a\x00\x19\
#%#\x13\x09\x09\x18+\x12\x16\x15\x15#5\x06\x06\
#\x22&54663354&#\x22\x07'\
663\x16655#\x22\x06\x06\x15\x14\x163\xe3\
=D\x0c.\x1d-:!JB\x10\x1c\x1d11\x13\
\x18A!\x0c(\x0a.0\x11\x1c\x17\x02\xc6:@\xb0\
.\x18\x1b5$ %\x11\x11\x1e\x1b\x1e3\x0f\x12\xfc\
'!\x0e\x09\x12\x10\x12\x19\x00\x00\x02\x00\x16\x01\x97\x01\
@\x02\xc6\x00\x0b\x00\x17\x00KK\xb0\x15PX@\x17\
\x00\x02\x02\x00_\x00\x00\x00DK\x04\x01\x01\x01\x03_\
\x05\x01\x03\x03?\x01L\x1b@\x14\x05\x01\x03\x04\x01\x01\
\x03\x01c\x00\x02\x02\x00_\x00\x00\x00D\x02LY@\
\x12\x0c\x0c\x00\x00\x0c\x17\x0c\x16\x12\x10\x00\x0b\x00\x0a$\
\x06\x09\x15+\x12&54632\x16\x15\x14\x06#\
6654&#\x22\x06\x15\x14\x163eOOE\
FPPF''(&%''%\x01\x97TD\
CTTCDT91.-11-.1\x00\
\x02\x00 \x00\x00\x02\xb2\x02\xc1\x00\x05\x00\x08\x00\x08\xb5\
\x08\x06\x05\x02\x020+%\x17\x05'\x137\x03!\x03\
\x02gK\xfe%\xb7\xdcn\xef\x01\xdc\xee\xcf\xb1\x1e\x15\
\x02\x0f\x9d\xfd\x85\x02\x19\x00\x01\x00)\xffL\x02\x1b\x02\
\xc1\x00\x0c\x00\x06\xb3\x07\x00\x010+\x01\x15!\x13\x07\
\x03!\x15!5\x01\x015\x02\x1b\xfeo\xf2\x01\xf1\x01\
\x91\xfe\x0e\x01\x0b\xfe\xf5\x02\xc1E\xfe\xa78\xfe\xa6E\
<\x01\x7f\x01~<\x00\x00\x01\x008\x00\x00\x02\xd3\x02\
\xca\x00#\x00\x06\xb3\x1e\x05\x010+\x00\x06\x06\x073\
\x15!56654&#\x22\x06\x15\x14\x16\x17\x15\
!53.\x02546632\x16\x16\x15\x02\xd3\
!OM\xb6\xfe\xfbjN\x85ut\x85Oi\xfe\xfb\
\xb6OP\x1eR\x96ee\x97R\x01\x90a\x82hE\
B\x9f\xa2=[hh[=\xa4\x9dBEo\x82[\
1PwAAxO\x00\x01\x00I\xffL\x01\xe5\x01\
\xe7\x00\x14\x00\x06\xb3\x09\x00\x010+\x01\x11#5\x06\
\x06#\x22'\x15#\x113\x11\x14\x163265\x11\
\x01\xe5O\x17S4;#QQ48@N\x01\xe7\
\xfe\x19S,.\x19\xc6\x02\x9b\xfe\xd4A=SD\x01\
\x13\x00\x01\x00\x05\xff\xf9\x02<\x01\xe7\x00\x16\x00\x06\xb3\
\x0f\x01\x010+%\x07'&&55#\x06\x06\x07\
#67#5!\x15#\x15\x14\x16\x17\x02<\x07-\
\x5cX\x9b\x02 !VC\x06d\x02\x16v459\
@\x03\x06ZZ\xf1|\xcd^\xc7\xe0@@\xfb57\
\x03\x00\x02\x005\xff\xf8\x02#\x02\xc9\x00\x0b\x00\x17\x00\
,@)\x00\x02\x02\x00_\x00\x00\x00\x1cK\x05\x01\x03\
\x03\x01_\x04\x01\x01\x01\x1d\x01L\x0c\x0c\x00\x00\x0c\x17\
\x0c\x16\x12\x10\x00\x0b\x00\x0a$\x06\x07\x15+\x16&5\
4632\x16\x15\x14\x06#6654&#\x22\
\x06\x15\x14\x163\xb3~~yy~~yTPO\
UTPPT\x08\xb8\xb0\xb1\xb8\xb7\xb1\xb1\xb8E\x8e\
\x96\x97\x8b\x8c\x96\x96\x8e\x00\x01\x00{\x00\x00\x02\x0a\x02\
\xc1\x00\x0a\x00#@ \x08\x07\x06\x03\x00\x03\x01J\x00\
\x03\x03\x14K\x02\x01\x00\x00\x01^\x00\x01\x01\x15\x01L\
\x14\x11\x11\x10\x04\x07\x18+%3\x15!53\x11\x07\
'73\x01o\x9b\xfex\x9b|&\xb9;EEE\
\x02\x16N?u\x00\x01\x00B\x00\x00\x02\x1b\x02\xc9\x00\
\x17\x000@-\x0d\x0c\x02\x03\x01\x03\x01\x00\x03\x02J\
\x00\x01\x01\x02_\x00\x02\x02\x1cK\x04\x01\x03\x03\x00]\
\x00\x00\x00\x15\x00L\x00\x00\x00\x17\x00\x17$'\x11\x05\
\x07\x17+%\x15!5\x136654&#\x22\x07\
'6632\x16\x15\x14\x06\x07\x07\x02\x1b\xfe:\xf7\
2-D>fb\x1f*\x7f@aq7?\xc8E\
E>\x01\x108Y-:>Q?(/dU=\
pE\xd9\x00\x01\x008\xff\xf9\x02\x0d\x02\xc9\x00%\x00\
9@6\x1c\x1b\x02\x03\x04%\x01\x02\x03\x09\x08\x02\x01\
\x02\x03J\x00\x03\x00\x02\x01\x03\x02e\x00\x04\x04\x05_\
\x00\x05\x05\x1cK\x00\x01\x01\x00_\x00\x00\x00 \x00L\
$$!#$$\x06\x07\x1a+\x00\x16\x15\x14\x06#\
\x22&'7\x1632654##5326\
54&#\x22\x07'6632\x16\x15\x14\x06\x07\
\x01\xcbB}kD~+\x1f`lKN\xa2QA\
NTD?fb\x1f+|C`q;5\x01X\
WB\x5cj.)?QCA\x81EEA9=\
Q?).aR=[\x14\x00\x02\x003\x00\x00\x02\
4\x02\xc1\x00\x0a\x00\x0d\x002@/\x0d\x01\x04\x03\x07\
\x01\x00\x04\x02J\x05\x06\x02\x04\x02\x01\x00\x01\x04\x00e\
\x00\x03\x03\x14K\x00\x01\x01\x15\x01L\x00\x00\x0c\x0b\x00\
\x0a\x00\x0a\x12\x11\x11\x11\x07\x07\x18+%\x15#\x15#\
5!5\x013\x11!3\x11\x024jQ\xfe\xba\x01\
TC\xfe\xbe\xf1\xddD\x99\x99>\x01\xea\xfe\x1c\x01[\
\x00\x00\x01\x00O\xff\xf9\x02&\x02\xc1\x00\x1e\x00C@\
@\x1b\x01\x02\x06\x0b\x0a\x02\x01\x03\x02J\x00\x03\x02\x01\
\x02\x03\x01~\x07\x01\x06\x00\x02\x03\x06\x02g\x00\x05\x05\
\x04]\x00\x04\x04\x14K\x00\x01\x01\x00_\x00\x00\x00 \
\x00L\x00\x00\x00\x1e\x00\x1d\x11\x11\x11$$&\x08\x07\
\x1a+\x00\x16\x16\x15\x14\x06\x06#\x22&'7\x163\
2654&#\x22\x07#\x11!\x15!\x1566\
3\x01\x8dc6;lH@}+\x1fbgJT\
SEe<9\x01\xa7\xfe\xaa\x1cM-\x01\xba8e\
BCf9/(?QTHFVR\x01\x9dD\
\xfb\x1b\x1d\x00\x02\x008\xff\xf8\x02&\x02\xc9\x00\x1c\x00\
(\x00A@>\x12\x11\x02\x03\x02\x19\x01\x05\x04\x02J\
\x06\x01\x03\x00\x04\x05\x03\x04g\x00\x02\x02\x01_\x00\x01\
\x01\x1cK\x07\x01\x05\x05\x00_\x00\x00\x00\x1d\x00L\x1d\
\x1d\x00\x00\x1d(\x1d'#!\x00\x1c\x00\x1b%%&\
\x08\x07\x17+\x00\x16\x16\x15\x14\x06\x06#\x22&54\
6632\x16\x17\x07&&#\x22\x06\x15\x1566\
3\x12654&#\x22\x06\x15\x14\x163\x01\x8ad\
8:hA\x80\x8bAzU=t,\x1f2[/\
[e\x17fC9RSDEWWF\x01\xbb8\
fBAh:\xb2\xa5w\xaaY-*?*'\xa1\
\x93\x0f8B\xfe\x82VGFVWEFW\x00\x00\
\x01\x00C\x00\x00\x02\x15\x02\xc1\x00\x06\x00\x1f@\x1c\x02\
\x01\x02\x00\x01J\x00\x02\x02\x00]\x00\x00\x00\x14K\x00\
\x01\x01\x15\x01L\x11\x12\x10\x03\x07\x17+\x13!\x15\x01\
#\x01!C\x01\xd2\xfe\xb6Y\x01I\xfe\x88\x02\xc1=\
\xfd|\x02|\x00\x00\x03\x00/\xff\xf9\x02)\x02\xc9\x00\
\x17\x00#\x00+\x006@3\x17\x0b\x02\x04\x02\x01J\
\x00\x02\x00\x04\x05\x02\x04g\x00\x03\x03\x01_\x00\x01\x01\
\x1cK\x06\x01\x05\x05\x00_\x00\x00\x00 \x00L$$\
$+$*%$'*$\x07\x07\x19+\x00\x16\x15\
\x14\x06#\x22&5467&&54632\
\x16\x15\x14\x06\x07$\x1632654&#\x22\x06\
\x15\x0054#\x22\x15\x143\x01\xe4E\x84yy\x84\
F>5>}oo}>4\xfe\xebOLLO\
OLLO\x01G\xac\xac\xac\x01W\x5c@[gg\
[A\x5c\x12\x14V:VeeV:W\x13`B\
B>;BB;\xfe5\x83\x83\x83\x83\x00\x00\x02\x00\
3\xff\xf8\x02!\x02\xc9\x00\x1b\x00'\x00A@>\x10\
\x01\x05\x04\x09\x08\x02\x01\x02\x02J\x07\x01\x05\x00\x02\x01\
\x05\x02g\x00\x04\x04\x03_\x06\x01\x03\x03\x1cK\x00\x01\
\x01\x00_\x00\x00\x00\x1d\x00L\x1c\x1c\x00\x00\x1c'\x1c\
&\x22 \x00\x1b\x00\x1a%%$\x08\x07\x17+\x00\x16\
\x15\x14\x06#\x22&'7\x16\x1632655\x06\
\x06#\x22&&54663\x12654&#\
\x22\x06\x15\x14\x163\x01\x96\x8b\x90\x81<t,\x1f2\
[/[d\x17gA@d8:hAJWW\
FDRSD\x02\xc9\xb2\xa5\xb3\xc7-*?*'\
\xa1\x93\x0d8@8fBAh:\xfe\x82WEF\
WVGGU\x00\x01\x00~\x00\x00\x01s\x02\xc1\x00\
\x06\x00\x1b@\x18\x06\x05\x04\x03\x01\x00\x01J\x00\x00\x00\
\x14K\x00\x01\x01\x15\x01L\x11\x10\x02\x07\x16+\x013\
\x11#\x11\x07'\x017<R}&\x02\xc1\xfd?\x02\
[N?\x00\x01\x00~\x00\x00\x01s\x01\xe7\x00\x06\x00\
\x1b@\x18\x06\x05\x04\x03\x01\x00\x01J\x00\x00\x00\x17K\
\x00\x01\x01\x15\x01L\x11\x10\x02\x07\x16+\x013\x11#\
\x11\x07'\x017<R}&\x01\xe7\xfe\x19\x01\x80N\
?\x00\x02\x004\xff\xf8\x02$\x01\xf3\x00\x0f\x00\x1b\x00\
,@)\x00\x02\x02\x00_\x00\x00\x00\x1fK\x05\x01\x03\
\x03\x01_\x04\x01\x01\x01\x1d\x01L\x10\x10\x00\x00\x10\x1b\
\x10\x1a\x16\x14\x00\x0f\x00\x0e&\x06\x07\x15+\x16&&\
546632\x16\x16\x15\x14\x06\x06#665\
4&#\x22\x06\x15\x14\x163\xe4q?@qGH\
q?@qGL[[LL[\x5cK\x08@s\
JJt@@sJJt@CgTTff\
TTg\x00\x01\x00{\x00\x00\x02\x0a\x01\xe7\x00\x0a\x00\
#@ \x08\x07\x06\x03\x00\x03\x01J\x00\x03\x03\x17K\
\x02\x01\x00\x00\x01^\x00\x01\x01\x15\x01L\x14\x11\x11\x10\
\x04\x07\x18+%3\x15!53\x11\x07'73\x01\
o\x9b\xfex\x9b\x7f#\xb9;@@@\x01HP9\
v\x00\x01\x00S\x00\x00\x02\x01\x01\xf3\x00\x15\x003@\
0\x0c\x01\x01\x02\x0b\x01\x03\x01\x03\x01\x00\x03\x03J\x00\
\x01\x01\x02_\x00\x02\x02\x1fK\x04\x01\x03\x03\x00]\x00\
\x00\x00\x15\x00L\x00\x00\x00\x15\x00\x15$&\x11\x05\x07\
\x17+%\x15!56654&#\x22\x07'6\
632\x16\x15\x14\x06\x07\x02\x01\xfeb\xaa\x8f=9\
X`\x1b.q:[h\x7f\x8cBB=P\x82@\
008<\x1f!RKL\x87A\x00\x01\x00?\xff\
E\x01\xfe\x01\xf3\x00(\x00?@<\x1f\x01\x04\x05\x1e\
\x01\x03\x04(\x01\x02\x03\x0a\x01\x01\x02\x09\x01\x00\x01\x05\
J\x00\x03\x00\x02\x01\x03\x02e\x00\x04\x04\x05_\x00\x05\
\x05\x1fK\x00\x01\x01\x00_\x00\x00\x00!\x00L$$\
!$%%\x06\x07\x1a+$\x16\x15\x14\x06\x06#\x22\
&'7\x16\x1632654&##532\
654&#\x22\x07'6632\x16\x15\x14\x06\
\x07\x01\xbdA8eA?u-\x1b2\x5c6DK\
QLG7IT>=U_\x1b,p5ai\
;2\x94V<8V/!\x1e<\x1d\x1bB;;\
?BE<498<\x1e\x22\x5cO7Y\x13\x00\
\x02\x008\xffL\x02%\x01\xe7\x00\x0a\x00\x0d\x004@\
1\x0d\x01\x04\x03\x07\x01\x00\x04\x02J\x00\x03\x03\x17K\
\x05\x06\x02\x04\x04\x00]\x02\x01\x00\x00\x15K\x00\x01\x01\
\x19\x01L\x00\x00\x0c\x0b\x00\x0a\x00\x0a\x12\x11\x11\x11\x07\
\x07\x18+%\x15#\x15#5!5\x013\x11!3\
\x11\x02%`O\xfe\xc2\x01JC\xfe\xc5\xecBB\xb4\
\xb4>\x01\xa9\xfe[\x012\x00\x00\x01\x00_\xffE\x02\
\x1b\x01\xe7\x00\x1f\x00F@C\x1c\x01\x02\x06\x0b\x01\x01\
\x03\x0a\x01\x00\x01\x03J\x00\x03\x02\x01\x02\x03\x01~\x07\
\x01\x06\x00\x02\x03\x06\x02g\x00\x05\x05\x04]\x00\x04\x04\
\x17K\x00\x01\x01\x00_\x00\x00\x00!\x00L\x00\x00\x00\
\x1f\x00\x1e\x11\x11\x12$$&\x08\x07\x1a+$\x16\x16\
\x15\x14\x06\x06#\x22&'7\x1632654&\
#\x22\x06\x07#\x11!\x15!\x15663\x01\x87`\
49iF9q*\x1b][HPNC/P\
\x1e5\x01\x98\xfe\xb6\x1dL)\xf16a?@a5\
!\x1e<8PCAR*(\x01\x8bB\xed\x1b\x1e\
\x00\x00\x02\x00=\xff\xf8\x02!\x02\xc9\x00\x1b\x00'\x00\
D@A\x11\x01\x02\x01\x12\x01\x03\x02\x18\x01\x05\x04\x03\
J\x06\x01\x03\x00\x04\x05\x03\x04g\x00\x02\x02\x01_\x00\
\x01\x01\x1cK\x07\x01\x05\x05\x00_\x00\x00\x00\x1d\x00L\
\x1c\x1c\x00\x00\x1c'\x1c&\x22 \x00\x1b\x00\x1a$%\
&\x08\x07\x17+\x00\x16\x16\x15\x14\x06\x06#\x22&5\
46632\x16\x17\x07&#\x22\x06\x15\x1566\
3\x12654&#\x22\x06\x15\x14\x163\x01\x88a\
89f?}\x89@zT1k+\x1b[NZ\
f\x16f@6QRABWWC\x01\xbb7f\
DAg:\xb2\xa5v\xaaZ!\x1e<8\xa1\x92\x13\
9B\xfe\x80WHFWXEGX\x00\x00\x01\x00\
M\xffK\x02\x0b\x01\xe7\x00\x06\x00\x1f@\x1c\x02\x01\x02\
\x00\x01J\x00\x02\x02\x00]\x00\x00\x00\x17K\x00\x01\x01\
\x19\x01L\x11\x12\x10\x03\x07\x17+\x13!\x15\x01#\x01\
!M\x01\xbe\xfe\xbfW\x01@\xfe\x9a\x01\xe7>\xfd\xa2\
\x02Z\x00\x00\x03\x004\xff\xf9\x02$\x02\xc9\x00\x18\x00\
$\x000\x006@3\x18\x0b\x02\x04\x02\x01J\x00\x02\
\x00\x04\x05\x02\x04g\x00\x03\x03\x01_\x00\x01\x01\x1cK\
\x06\x01\x05\x05\x00_\x00\x00\x00 \x00L%%%0\
%/'$'+$\x07\x07\x19+\x00\x16\x15\x14\x06\
#\x22&5467&&546632\x16\
\x15\x14\x06\x07$\x1632654&#\x22\x06\x15\
\x12654&#\x22\x06\x15\x14\x163\x01\xddG\x86\
rr\x86G?6?9iEi~?6\xfe\xf6\
RFFRRFFR\xe8XXPPXXP\
\x01W[AZhhZ@\x5c\x12\x14X98U\
.fU:X\x13dFF;;CC;\xfe4\
D??EE??D\x00\x00\x02\x008\xffE\x02\
\x1c\x01\xf0\x00\x1b\x00(\x00D@A\x10\x01\x05\x04\x0a\
\x01\x01\x02\x09\x01\x00\x01\x03J\x07\x01\x05\x00\x02\x01\x05\
\x02g\x00\x04\x04\x03_\x06\x01\x03\x03\x1fK\x00\x01\x01\
\x00_\x00\x00\x00!\x00L\x1c\x1c\x00\x00\x1c(\x1c'\
#!\x00\x1b\x00\x1a%$%\x08\x07\x17+\x00\x16\x15\
\x14\x06\x06#\x22&'7\x1632655\x06\x06\
#\x22&&54663\x126654&#\
\x22\x06\x15\x14\x163\x01\x92\x8aA{S0l*\x1b\
YPYg\x16e??c7:e?0F(\
WCAQRA\x01\xf0\xaf\x9cg\xa0Y\x22\x1e<\
8\x98\x80\x099B8eB@g;\xfe\x83(G\
-EXWFEW\xff\xff\x00\x22\xff\xfc\x01Z\x01\
\xab\x00\x02\x02!\x00\x00\xff\xff\x00P\x00\x00\x01G\x01\
\xa7\x00\x02\x02\x22\x00\x00\xff\xff\x00'\x00\x00\x01O\x01\
\xab\x00\x02\x02#\x00\x00\xff\xff\x00\x22\xff\xfc\x01J\x01\
\xab\x00\x02\x02$\x00\x00\xff\xff\x00\x22\x00\x00\x01e\x01\
\xa7\x00\x02\x02%\x00\x00\xff\xff\x00.\xff\xfc\x01V\x01\
\xa7\x00\x02\x02&\x00\x00\xff\xff\x00&\xff\xfc\x01^\x01\
\xab\x00\x02\x02'\x00\x00\xff\xff\x00,\x00\x00\x01P\x01\
\xa7\x00\x02\x02(\x00\x00\xff\xff\x00\x1f\xff\xfc\x01]\x01\
\xab\x00\x02\x02)\x00\x00\xff\xff\x00\x1e\xff\xfc\x01V\x01\
\xab\x00\x02\x02*\x00\x00\x00\x02\x00\x22\xff\xfc\x01Z\x01\
\xab\x00\x0b\x00\x17\x00JK\xb0\x09PX@\x15\x00\x00\
\x00\x02\x03\x00\x02g\x05\x01\x03\x03\x01_\x04\x01\x01\x01\
\x15\x01L\x1b@\x15\x00\x00\x00\x02\x03\x00\x02g\x05\x01\
\x03\x03\x01_\x04\x01\x01\x01 \x01LY@\x12\x0c\x0c\
\x00\x00\x0c\x17\x0c\x16\x12\x10\x00\x0b\x00\x0a$\x06\x07\x15\
+\x16&54632\x16\x15\x14\x06#665\
4&#\x22\x06\x15\x14\x163tRRJJRR\
J*((**((*\x04mkjmmj\
km:KSQLLQSK\x00\x01\x00P\x00\
\x00\x01G\x01\xa7\x00\x0a\x00#@ \x08\x07\x06\x03\x00\
\x03\x01J\x00\x03\x00\x03\x83\x02\x01\x00\x00\x01^\x00\x01\
\x01\x15\x01L\x14\x11\x11\x10\x04\x07\x18+73\x15#\
53\x11\x07'73\xfcK\xdfKC u7<\
<<\x01\x19*5G\x00\x01\x00'\x00\x00\x01O\x01\
\xab\x00\x18\x001@.\x0e\x01\x01\x02\x0d\x01\x03\x01\x03\
\x01\x00\x03\x03J\x00\x02\x00\x01\x03\x02\x01g\x04\x01\x03\
\x03\x00]\x00\x00\x00\x15\x00L\x00\x00\x00\x18\x00\x18%\
'\x11\x05\x07\x17+%\x15!576654&\
#\x22\x06\x07'6632\x16\x15\x14\x06\x07\x07\x01\
O\xfe\xe7\x8e\x1a\x19#\x1f\x1b>\x1c\x19\x1dP(=\
H\x22'i<<6\x9d\x1c/\x17\x1d\x1e\x17\x165\
\x17\x1c@2$C)m\x00\x00\x01\x00\x22\xff\xfc\x01\
J\x01\xab\x00%\x00e@\x16\x1c\x01\x04\x05\x1b\x01\x03\
\x04%\x01\x02\x03\x09\x01\x01\x02\x08\x01\x00\x01\x05JK\
\xb0\x09PX@\x1b\x00\x05\x00\x04\x03\x05\x04g\x00\x03\
\x00\x02\x01\x03\x02g\x00\x01\x01\x00_\x00\x00\x00\x15\x00\
L\x1b@\x1b\x00\x05\x00\x04\x03\x05\x04g\x00\x03\x00\x02\
\x01\x03\x02g\x00\x01\x01\x00_\x00\x00\x00 \x00LY\
@\x09$$!#$$\x06\x07\x1a+$\x16\x15\x14\
\x06#\x22&'7\x1632654##53\
2654&#\x22\x07'6632\x16\x15\x14\
\x06\x07\x01!)OC)Q\x1c\x18?;&*T\
8-(,$\x1f;;\x19\x1dO'?G%\x1f\
\xcf3(7A\x1d\x174- !A:!!\x1d\
\x1e-5\x16\x1d?1#2\x0c\x00\x00\x02\x00\x22\x00\
\x00\x01e\x01\xa7\x00\x0a\x00\x0d\x002@/\x0d\x01\x04\
\x03\x07\x01\x00\x04\x02J\x05\x06\x02\x04\x02\x01\x00\x01\x04\
\x00e\x00\x03\x03\x01]\x00\x01\x01\x15\x01L\x00\x00\x0c\
\x0b\x00\x0a\x00\x0a\x12\x11\x11\x11\x07\x07\x18+%\x15#\
\x15#5#5\x133\x11#35\x01e>E\xc0\
\xca;\xc1|\x8c9SS5\x01\x1f\xfe\xe5\xb1\x00\x00\
\x01\x00.\xff\xfc\x01V\x01\xa7\x00\x1b\x00u@\x0e\x19\
\x01\x02\x06\x09\x01\x01\x03\x08\x01\x00\x01\x03JK\xb0\x09\
PX@$\x00\x03\x02\x01\x02\x03\x01~\x00\x04\x00\x05\
\x06\x04\x05e\x07\x01\x06\x00\x02\x03\x06\x02g\x00\x01\x01\
\x00_\x00\x00\x00\x15\x00L\x1b@$\x00\x03\x02\x01\x02\
\x03\x01~\x00\x04\x00\x05\x06\x04\x05e\x07\x01\x06\x00\x02\
\x03\x06\x02g\x00\x01\x01\x00_\x00\x00\x00 \x00LY\
@\x0f\x00\x00\x00\x1b\x00\x1a\x11\x11\x11$$$\x08\x07\
\x1a+\x00\x16\x15\x14\x06#\x22&'7\x16326\
54&#\x22\x07#5!\x15#\x1563\x01\x0c\
JUA'P\x1b\x19::(.-$3'+\
\x01\x08\xc3 1\x01\x0dH=?M\x1d\x174,)\
%\x22+%\xf9;y\x1a\x00\x00\x02\x00&\xff\xfc\x01\
^\x01\xab\x00\x17\x00#\x00l@\x0e\x0e\x01\x02\x01\x0f\
\x01\x03\x02\x14\x01\x05\x04\x03JK\xb0\x09PX@\x1d\
\x00\x01\x00\x02\x03\x01\x02g\x06\x01\x03\x00\x04\x05\x03\x04\
g\x07\x01\x05\x05\x00_\x00\x00\x00\x15\x00L\x1b@\x1d\
\x00\x01\x00\x02\x03\x01\x02g\x06\x01\x03\x00\x04\x05\x03\x04\
g\x07\x01\x05\x05\x00_\x00\x00\x00 \x00LY@\x14\
\x18\x18\x00\x00\x18#\x18\x22\x1e\x1c\x00\x17\x00\x16$$\
$\x08\x07\x17+\x00\x16\x15\x14\x06#\x22&546\
32\x16\x17\x07&#\x22\x06\x07663\x1665\
4&#\x22\x06\x15\x14\x163\x01\x10KR>LY\
aM#K\x1c\x1997/8\x01\x0f9\x22\x15+\
+##-,$\x01\x0cH=?Lggpq\
\x1c\x175-MP\x1a\x1f\xd8,%$,,$%\
,\x00\x01\x00,\x00\x00\x01P\x01\xa7\x00\x06\x00\x1d@\
\x1a\x02\x01\x02\x00\x01J\x00\x00\x00\x02\x01\x00\x02e\x00\
\x01\x01\x15\x01L\x11\x12\x10\x03\x07\x17+\x13!\x15\x03\
#\x13#,\x01$\xbaP\xba\xd4\x01\xa79\xfe\x92\x01\
j\x00\x03\x00\x1f\xff\xfc\x01]\x01\xab\x00\x17\x00#\x00\
+\x00d\xb6\x17\x0b\x02\x04\x02\x01JK\xb0\x09PX\
@\x1d\x00\x01\x06\x01\x03\x02\x01\x03g\x00\x02\x00\x04\x05\
\x02\x04g\x07\x01\x05\x05\x00_\x00\x00\x00\x15\x00L\x1b\
@\x1d\x00\x01\x06\x01\x03\x02\x01\x03g\x00\x02\x00\x04\x05\
\x02\x04g\x07\x01\x05\x05\x00_\x00\x00\x00 \x00LY\
@\x14$$\x18\x18$+$*(&\x18#\x18\x22\
**$\x08\x07\x17+$\x16\x15\x14\x06#\x22&5\
467&&54632\x16\x15\x14\x06\x07&\
\x06\x15\x14\x1632654&#\x1254#\x22\
\x15\x143\x013*TKKT)% $OF\
FO$ x))''))'ZZZZ\
\xcf6&7@@7&6\x0b\x0c3!4==\
4\x223\x0b\x98!\x1e\x1f\x22\x22\x1f\x1e!\xfe\xc3B\
CCB\x00\x02\x00\x1e\xff\xfc\x01V\x01\xab\x00\x17\x00\
#\x00l@\x0e\x0e\x01\x05\x04\x09\x01\x01\x02\x08\x01\x00\
\x01\x03JK\xb0\x09PX@\x1d\x06\x01\x03\x00\x04\x05\
\x03\x04g\x07\x01\x05\x00\x02\x01\x05\x02g\x00\x01\x01\x00\
_\x00\x00\x00\x15\x00L\x1b@\x1d\x06\x01\x03\x00\x04\x05\
\x03\x04g\x07\x01\x05\x00\x02\x01\x05\x02g\x00\x01\x01\x00\
_\x00\x00\x00 \x00LY@\x14\x18\x18\x00\x00\x18#\
\x18\x22\x1e\x1c\x00\x17\x00\x16$$$\x08\x07\x17+\x12\
\x16\x15\x14\x06#\x22&'7\x163267\x06\x06\
#\x22&5463\x16654&#\x22\x06\x15\
\x14\x163\xfdYaM#K\x1c\x19;5/8\x01\
\x0f9\x229JQ>%-,$#++#\x01\
\xabggpq\x1c\x175-MP\x1a\x1fH=?\
L\xd9,$%,,%$,\x00\xff\xff\x00\x22\x01\
\x16\x01Z\x02\xc5\x01\x07\x02!\x00\x00\x01\x1a\x00\x09\xb1\
\x00\x02\xb8\x01\x1a\xb03+\x00\x00\x01\x00P\x01\x1a\x01\
G\x02\xc1\x00\x0a\x00 @\x1d\x08\x07\x06\x03\x00\x03\x01\
J\x02\x01\x00\x00\x01\x00\x01b\x00\x03\x03\x14\x03L\x14\
\x11\x11\x10\x04\x07\x18+\x133\x15#53\x11\x07'\
73\xfcK\xdfKC u7\x01V<<\x01\x19\
*5G\xff\xff\x00'\x01\x1a\x01O\x02\xc5\x01\x07\x02\
#\x00\x00\x01\x1a\x00\x09\xb1\x00\x01\xb8\x01\x1a\xb03+\
\x00\x00\x01\x00\x22\x01\x16\x01J\x02\xc5\x00%\x00<@\
9\x1c\x01\x04\x05\x1b\x01\x03\x04%\x01\x02\x03\x09\x01\x01\
\x02\x08\x01\x00\x01\x05J\x00\x03\x00\x02\x01\x03\x02g\x00\
\x01\x00\x00\x01\x00c\x00\x04\x04\x05_\x00\x05\x05\x14\x04\
L$$!#$$\x06\x07\x1a+\x00\x16\x15\x14\x06\
#\x22&'7\x1632654##532\
654&#\x22\x07'6632\x16\x15\x14\x06\
\x07\x01!)OC)Q\x1c\x18?;&*T8\
-(,$\x1f;;\x19\x1dO'?G%\x1f\x01\
\xe93(7A\x1d\x174- !A:!!\x1d\
\x1e-5\x16\x1d?1#2\x0c\x00\xff\xff\x00\x22\x01\
\x1a\x01e\x02\xc1\x01\x07\x02%\x00\x00\x01\x1a\x00\x09\xb1\
\x00\x02\xb8\x01\x1a\xb03+\x00\xff\xff\x00.\x01\x16\x01\
V\x02\xc1\x01\x07\x02&\x00\x00\x01\x1a\x00\x09\xb1\x00\x01\
\xb8\x01\x1a\xb03+\x00\xff\xff\x00&\x01\x16\x01^\x02\
\xc5\x01\x07\x02'\x00\x00\x01\x1a\x00\x09\xb1\x00\x02\xb8\x01\
\x1a\xb03+\x00\xff\xff\x00,\x01\x1a\x01P\x02\xc1\x01\
\x07\x02(\x00\x00\x01\x1a\x00\x09\xb1\x00\x01\xb8\x01\x1a\xb0\
3+\x00\xff\xff\x00\x1f\x01\x16\x01]\x02\xc5\x01\x07\x02\
)\x00\x00\x01\x1a\x00\x09\xb1\x00\x03\xb8\x01\x1a\xb03+\
\x00\xff\xff\x00\x1e\x01\x16\x01V\x02\xc5\x01\x07\x02*\x00\
\x00\x01\x1a\x00\x09\xb1\x00\x02\xb8\x01\x1a\xb03+\x00\xff\
\xff\x00\x22\x01\x16\x01Z\x02\xc5\x01\x07\x02!\x00\x00\x01\
\x1a\x00\x09\xb1\x00\x02\xb8\x01\x1a\xb03+\x00\xff\xff\x00\
P\x01\x1a\x01G\x02\xc1\x01\x07\x02\x22\x00\x00\x01\x1a\x00\
\x09\xb1\x00\x01\xb8\x01\x1a\xb03+\x00\xff\xff\x00'\x01\
\x1a\x01O\x02\xc5\x01\x07\x02#\x00\x00\x01\x1a\x00\x09\xb1\
\x00\x01\xb8\x01\x1a\xb03+\x00\xff\xff\x00\x22\x01\x16\x01\
J\x02\xc5\x01\x07\x02$\x00\x00\x01\x1a\x00\x09\xb1\x00\x01\
\xb8\x01\x1a\xb03+\x00\xff\xff\x00\x22\x01\x1a\x01e\x02\
\xc1\x01\x07\x02%\x00\x00\x01\x1a\x00\x09\xb1\x00\x02\xb8\x01\
\x1a\xb03+\x00\xff\xff\x00.\x01\x16\x01V\x02\xc1\x01\
\x07\x02&\x00\x00\x01\x1a\x00\x09\xb1\x00\x01\xb8\x01\x1a\xb0\
3+\x00\xff\xff\x00&\x01\x16\x01^\x02\xc5\x01\x07\x02\
'\x00\x00\x01\x1a\x00\x09\xb1\x00\x02\xb8\x01\x1a\xb03+\
\x00\xff\xff\x00,\x01\x1a\x01P\x02\xc1\x01\x07\x02(\x00\
\x00\x01\x1a\x00\x09\xb1\x00\x01\xb8\x01\x1a\xb03+\x00\xff\
\xff\x00\x1f\x01\x16\x01]\x02\xc5\x01\x07\x02)\x00\x00\x01\
\x1a\x00\x09\xb1\x00\x03\xb8\x01\x1a\xb03+\x00\xff\xff\x00\
\x1e\x01\x16\x01V\x02\xc5\x01\x07\x02*\x00\x00\x01\x1a\x00\
\x09\xb1\x00\x02\xb8\x01\x1a\xb03+\x00\x00\x01\xffi\xff\
\xe7\x01D\x02\xda\x00\x03\x00\x06\xb3\x02\x00\x010+\x07\
'\x01\x17\x5c;\x01\xa1:\x19\x22\x02\xd1\x22\xff\xff\x00\
P\xff\xe7\x03x\x02\xda\x00\x22\x02,\x00\x00\x00#\x02\
?\x01|\x00\x00\x00\x03\x02#\x02)\x00\x00\xff\xff\x00\
P\xff\xe7\x03\x8e\x02\xda\x00\x22\x02,\x00\x00\x00#\x02\
?\x01|\x00\x00\x00\x03\x02%\x02)\x00\x00\xff\xff\x00\
\x22\xff\xe7\x03\x8e\x02\xda\x00\x22\x02.\x00\x00\x00#\x02\
?\x01|\x00\x00\x00\x03\x02%\x02)\x00\x00\x00\x01\x00\
!\x01a\x01\xa0\x02\xcb\x00\x11\x004@1\x10\x0f\x0e\
\x0d\x0c\x05\x02H\x07\x06\x05\x04\x03\x05\x00G\x04\x03\x02\
\x02\x00\x00\x02U\x04\x03\x02\x02\x02\x00]\x01\x01\x00\x02\
\x00M\x00\x00\x00\x11\x00\x11\x11\x16\x11\x05\x07\x17+\x01\
\x15'\x17\x07'\x07'7\x075\x17'7\x177\x17\
\x07\x01\xa0\x93N5EF4N\x94\x94N5EE\
5N\x025>\x05|\x1f\x83\x83\x1f|\x05>\x05|\
\x1f\x82\x82\x1f|\x00\x01\xff\xec\xff\xbf\x01.\x02\xf1\x00\
\x03\x00\x06\xb3\x02\x00\x010+\x17\x017\x01\xeb\xff\x01\
C\x00\xffA\x03\x1c\x16\xfc\xe4\x00\x01\x00?\x00\xd7\x00\
\xa5\x01=\x00\x03\x00\x18@\x15\x00\x00\x01\x01\x00U\x00\
\x00\x00\x01]\x00\x01\x00\x01M\x11\x10\x02\x07\x16+\x13\
3\x15#?ff\x01=f\x00\x01\x00Q\x00X\x01\
\xbb\x01\xbb\x00\x0f\x00\x1e@\x1b\x00\x00\x01\x01\x00W\x00\
\x00\x00\x01_\x02\x01\x01\x00\x01O\x00\x00\x00\x0f\x00\x0e\
&\x03\x07\x15+6&&546632\x16\x16\
\x15\x14\x06\x06#\xd6T1/S30S21S\
1X/Q1.R2/Q20Q0\x00\x00\
\x02\x00?\x00\x00\x00\xa5\x01\xe7\x00\x03\x00\x07\x00\x1f@\
\x1c\x00\x01\x01\x00]\x00\x00\x00\x17K\x00\x02\x02\x03]\
\x00\x03\x03\x15\x03L\x11\x11\x11\x10\x04\x07\x18+\x133\
\x15#\x113\x15#?ffff\x01\xe7g\xfe\xe6\
f\x00\x01\x00?\xff\x8e\x00\xa5\x00f\x00\x09\x00\x1e@\
\x1b\x05\x04\x02\x00G\x02\x01\x01\x01\x00]\x00\x00\x00\x15\
\x00L\x00\x00\x00\x09\x00\x09\x17\x03\x07\x15+7\x15\x14\
\x06\x07'67#5\xa5\x1b!&'\x050fH\
*E!\x1d+*f\x00\x03\x00?\x00\x00\x02o\x00\
f\x00\x03\x00\x07\x00\x0b\x00\x1b@\x18\x04\x02\x02\x00\x00\
\x01]\x05\x03\x02\x01\x01\x15\x01L\x11\x11\x11\x11\x11\x10\
\x06\x07\x1a+73\x15#73\x15#73\x15#\
?ff\xe5ff\xe5ffffffff\x00\
\x02\x00?\x00\x00\x00\xa5\x02\xc1\x00\x03\x00\x07\x00'@\
$\x04\x01\x01\x01\x00]\x00\x00\x00\x14K\x00\x02\x02\x03\
]\x00\x03\x03\x15\x03L\x00\x00\x07\x06\x05\x04\x00\x03\x00\
\x03\x11\x05\x07\x15+7\x033\x03\x073\x15#Y\x19\
e\x1aLff\xb9\x02\x08\xfd\xf8Sf\x00\x00\x02\x00\
?\xffL\x00\xa5\x01\xe7\x00\x03\x00\x07\x00'@$\x04\
\x01\x01\x01\x00]\x00\x00\x00\x17K\x00\x02\x02\x03]\x00\
\x03\x03\x19\x03L\x00\x00\x07\x06\x05\x04\x00\x03\x00\x03\x11\
\x05\x07\x15+\x1353\x15\x073\x13#?fL2\
\x1ae\x01\x80ggS\xfe\x1f\x00\x02\x00#\x00\x00\x02\
5\x02\xc1\x00\x1b\x00\x1f\x00G@D\x0d\x0b\x02\x09\x0e\
\x08\x02\x00\x01\x09\x00f\x10\x0f\x07\x03\x01\x06\x04\x02\x02\
\x03\x01\x02e\x0c\x01\x0a\x0a\x14K\x05\x01\x03\x03\x15\x03\
L\x1c\x1c\x1c\x1f\x1c\x1f\x1e\x1d\x1b\x1a\x19\x18\x17\x16\x15\
\x14\x13\x12\x11\x11\x11\x11\x11\x11\x11\x11\x10\x11\x07\x1d+\
\x01#\x073\x15#\x07#7#\x07#7#53\
7#5373\x07373\x073\x037#\x07\
\x025c-|\x87$?#\x9f#@$Yd-\
}\x89\x22?\x22\x9f\x22@\x22W\xcf-\x9f-\x01\xd8\
\xe7;\xb6\xb6\xb6\xb6;\xe7;\xae\xae\xae\xae\xfe\xde\xe7\
\xe7\x00\x01\x00?\x00\x00\x00\xa5\x00f\x00\x03\x00\x13@\
\x10\x00\x00\x00\x01]\x00\x01\x01\x15\x01L\x11\x10\x02\x07\
\x16+73\x15#?ffff\x00\x02\x00\x00\x00\
\x00\x01\xa3\x02\xc9\x00\x1b\x00\x1f\x005@2\x0d\x0c\x02\
\x02\x00\x01J\x00\x02\x00\x03\x00\x02\x03~\x00\x00\x00\x01\
_\x00\x01\x01\x1cK\x00\x03\x03\x04]\x05\x01\x04\x04\x15\
\x04L\x1c\x1c\x1c\x1f\x1c\x1f\x12\x19%(\x06\x07\x18+\
74676654&#\x22\x06\x07'66\
32\x16\x15\x14\x06\x07\x06\x06\x07\x07#\x0753\x15\
\xb7,*\x22!<4/b/ +|=Uj\
..+.\x05\x020\x1af\xd1>W5+<%\
+1)'?(/VF5N41J1\x12\
\xb8ff\x00\x02\x00\x18\xffE\x01\xba\x01\xe7\x00\x03\x00\
!\x00=@:\x1e\x1d\x02\x03\x02\x01J\x00\x02\x01\x03\
\x01\x02\x03~\x05\x01\x01\x01\x00]\x00\x00\x00\x17K\x00\
\x03\x03\x04`\x06\x01\x04\x04!\x04L\x04\x04\x00\x00\x04\
!\x04 \x1b\x19\x0f\x0e\x00\x03\x00\x03\x11\x07\x07\x15+\
\x1353\x15\x02&5466766773\
\x15\x14\x06\x06\x07\x06\x06\x15\x14\x163267\x17\x06\
\x06#\xb8f\x9bk\x19#\x1f+.\x05\x030\x18\x22\
\x1c\x22!<3/b0\x1f*|=\x01\x80gg\
\xfd\xc5TF#9*\x1d)B0\x12\x19*A-\
\x1d$5$(2)'>(/\xff\xff\x00>\x01\
\xac\x01f\x02\xc1\x00\x22\x02Q\x00\x00\x00\x03\x02Q\x00\
\xc8\x00\x00\x00\x01\x00>\x01\xac\x00\x9e\x02\xc1\x00\x03\x00\
\x19@\x16\x02\x01\x01\x01\x00]\x00\x00\x00\x14\x01L\x00\
\x00\x00\x03\x00\x03\x11\x03\x07\x15+\x13\x033\x03T\x16\
`\x14\x01\xac\x01\x15\xfe\xeb\x00\x00\x02\x00?\xff\x8e\x00\
\xa5\x01\xe7\x00\x03\x00\x0d\x00$@!\x0a\x09\x02\x03G\
\x00\x01\x01\x00]\x00\x00\x00\x17K\x00\x02\x02\x03]\x00\
\x03\x03\x15\x03L\x17\x11\x11\x10\x04\x07\x18+\x133\x15\
#\x113\x15\x14\x06\x07'67#?fff\x1b\
!&'\x050\x01\xe7g\xfe\xe6H*E!\x1d+\
*\x00\x01\xff\xec\xff\xbf\x01.\x02\xf1\x00\x03\x00\x06\xb3\
\x02\x00\x010+\x17'\x01\x17/C\x00\xffCA\x16\
\x03\x1c\x16\x00\x01\x00\x08\xff\xcb\x01\xec\x00\x00\x00\x03\x00\
&\xb1\x06dD@\x1b\x00\x00\x01\x01\x00U\x00\x00\x00\
\x01]\x02\x01\x01\x00\x01M\x00\x00\x00\x03\x00\x03\x11\x03\
\x07\x15+\xb1\x06\x00D\x175!\x15\x08\x01\xe455\
5\x00\x01\x00c\x00\xd0\x00\xc9\x01.\x00\x03\x00\x18@\
\x15\x00\x00\x01\x01\x00U\x00\x00\x00\x01]\x00\x01\x00\x01\
M\x11\x10\x02\x07\x16+\x133\x15#cff\x01.\
^\x00\x01\x001\xffL\x01W\x02\xc1\x00\x22\x001@\
.\x14\x13\x02\x03\x02\x03\x01J\x00\x03\x00\x02\x00\x03\x02\
g\x00\x05\x05\x04]\x00\x04\x04\x14K\x00\x00\x00\x01]\
\x00\x01\x01\x19\x01L!%\x13\x15!'\x06\x07\x1a+\
\x12\x06\x07\x16\x16\x15\x15\x1433\x15#\x22&55\
4&''5766554633\x15#\
\x22\x15\x15\xe2+\x1e\x1e++J`14\x1f'\x1b\
\x1b'\x1f41`J+\x01D6\x07\x076,\xe5\
-@51\xe3)&\x02\x02>\x02\x02%)\xe31\
5@-\xe4\x00\x00\x01\x00\x08\xffL\x01.\x02\xc1\x00\
\x22\x001@.\x12\x01\x00\x03\x00\x05\x01J\x00\x05\x00\
\x00\x02\x05\x00g\x00\x03\x03\x04]\x00\x04\x04\x14K\x00\
\x02\x02\x01]\x00\x01\x01\x19\x01L\x15!*!%\x12\
\x06\x07\x1a+\x01\x15\x07\x06\x06\x15\x15\x14\x06##5\
3255467&&554##53\
2\x16\x15\x15\x14\x16\x17\x01.\x1b'\x1f41`I\
,+\x1e\x1e+,I`14\x1f'\x01&>\x02\
\x02&)\xe315@-\xe5,6\x07\x076,\xe4\
-@51\xe3)%\x02\x00\x00\x01\x00m\xffL\x01\
2\x02\xc1\x00\x07\x00%@\x22\x00\x01\x01\x00]\x00\x00\
\x00\x14K\x00\x02\x02\x03]\x04\x01\x03\x03\x19\x03L\x00\
\x00\x00\x07\x00\x07\x11\x11\x11\x05\x07\x17+\x17\x113\x15\
#\x113\x15m\xc5uu\xb4\x03u@\xfd\x0b@\x00\
\x01\x00\x08\xffL\x00\xcd\x02\xc1\x00\x07\x00\x1f@\x1c\x00\
\x02\x02\x03]\x00\x03\x03\x14K\x00\x01\x01\x00]\x00\x00\
\x00\x19\x00L\x11\x11\x11\x10\x04\x07\x18+\x17#53\
\x11#53\xcd\xc5uu\xc5\xb4@\x02\xf5@\x00\x00\
\x01\x00g\xff?\x01\x17\x02\xcf\x00\x0d\x00\x06\xb3\x0d\x05\
\x010+\x16&5467\x17\x06\x06\x15\x14\x16\x17\
\x07\x9f88@82++28K\xdduu\xdc\
w\x17v\xd2ii\xd2v\x17\x00\x01\x00#\xff?\x00\
\xd3\x02\xcf\x00\x0d\x00\x06\xb3\x0d\x07\x010+\x1766\
54&'7\x16\x16\x15\x14\x06\x07#2++2\
8@88@\xaav\xd2ii\xd2v\x17w\xdcu\
u\xddv\x00\x01\x00\x00\x00\xf0\x03\xe8\x01$\x00\x03\x00\
\x1e@\x1b\x00\x00\x01\x01\x00U\x00\x00\x00\x01]\x02\x01\
\x01\x00\x01M\x00\x00\x00\x03\x00\x03\x11\x03\x07\x15+5\
5!\x15\x03\xe8\xf044\x00\x00\x01\x00\x00\x00\xf0\x01\
\xf4\x01$\x00\x03\x00\x1e@\x1b\x00\x00\x01\x01\x00U\x00\
\x00\x00\x01]\x02\x01\x01\x00\x01M\x00\x00\x00\x03\x00\x03\
\x11\x03\x07\x15+55!\x15\x01\xf4\xf044\x00\x00\
\x01\x00H\x00\xf0\x02\x10\x01$\x00\x03\x00\x1e@\x1b\x00\
\x00\x01\x01\x00U\x00\x00\x00\x01]\x02\x01\x01\x00\x01M\
\x00\x00\x00\x03\x00\x03\x11\x03\x07\x15+75!\x15H\
\x01\xc8\xf044\x00\x01\x00\x00\x00\xf0\x03\xe8\x01$\x00\
\x03\x00\x1e@\x1b\x00\x00\x01\x01\x00U\x00\x00\x00\x01]\
\x02\x01\x01\x00\x01M\x00\x00\x00\x03\x00\x03\x11\x03\x07\x15\
+55!\x15\x03\xe8\xf044\x00\x00\x01\x00H\x00\
\xe9\x01`\x01,\x00\x03\x00\x1e@\x1b\x00\x00\x01\x01\x00\
U\x00\x00\x00\x01]\x02\x01\x01\x00\x01M\x00\x00\x00\x03\
\x00\x03\x11\x03\x07\x15+75!\x15H\x01\x18\xe9C\
C\xff\xff\x00H\x00\xe9\x01`\x01,\x00\x02\x02`\x00\
\x00\xff\xff\x00H\x00\xe9\x01`\x01,\x00\x02\x02`\x00\
\x00\xff\xff\x00=\x00U\x01\x8a\x01\xbd\x00\x22\x02e\x00\
\x00\x00\x03\x02e\x00\xb5\x00\x00\xff\xff\x00.\x00U\x01\
|\x01\xbd\x00\x22\x02f\x00\x00\x00\x03\x02f\x00\xb5\x00\
\x00\x00\x01\x00=\x00U\x00\xd5\x01\xbd\x00\x06\x00\x06\xb3\
\x03\x00\x010+7'57\x17\x07\x17\x9c__9\
MMU\xa0)\x9f\x17\x9d\x9d\x00\x01\x00.\x00U\x00\
\xc7\x01\xbd\x00\x06\x00\x06\xb3\x04\x00\x010+7'7\
'7\x17\x15g9NN:_U\x17\x9d\x9d\x17\x9f\
)\xff\xff\x00?\xff\x8e\x01K\x00f\x00\x22\x02l\x00\
\x00\x00\x03\x02l\x00\xa6\x00\x00\xff\xff\x00?\x01\xee\x01\
K\x02\xc7\x00\x22\x02j\x00\x00\x00\x03\x02j\x00\xa6\x00\
\x00\xff\xff\x00?\x01\xe8\x01K\x02\xc1\x00\x22\x02k\x00\
\x00\x00\x03\x02k\x00\xa6\x00\x00\x00\x01\x00?\x01\xee\x00\
\xa5\x02\xc7\x00\x09\x00$@!\x07\x06\x02\x01H\x02\x01\
\x01\x00\x00\x01U\x02\x01\x01\x01\x00]\x00\x00\x01\x00M\
\x00\x00\x00\x09\x00\x09\x11\x03\x07\x15+\x13\x15#54\
67\x17\x06\x07\xa5f\x1c!&'\x05\x02TfH\
*F!\x1e+*\x00\x00\x01\x00?\x01\xe8\x00\xa5\x02\
\xc1\x00\x09\x00\x1e@\x1b\x05\x04\x02\x00G\x00\x00\x00\x01\
]\x02\x01\x01\x01\x14\x00L\x00\x00\x00\x09\x00\x09\x17\x03\
\x07\x15+\x13\x15\x14\x06\x07'67#5\xa5\x1b!\
&'\x050\x02\xc1H*F!\x1e+*f\x00\x00\
\x01\x00?\xff\x8e\x00\xa5\x00f\x00\x09\x00\x1e@\x1b\x05\
\x04\x02\x00G\x02\x01\x01\x01\x00]\x00\x00\x00\x15\x00L\
\x00\x00\x00\x09\x00\x09\x17\x03\x07\x15+7\x15\x14\x06\x07\
'67#5\xa5\x1b!&'\x050fH*E\
!\x1d+*f\x00\x01\x00>\xff\x8d\x026\x034\x00\
\x1f\x004@1\x0f\x0c\x02\x02\x01\x1f\x13\x12\x03\x03\x02\
\x06\x03\x02\x00\x03\x03J\x00\x01\x00\x02\x03\x01\x02g\x00\
\x03\x00\x00\x03W\x00\x03\x03\x00]\x00\x00\x03\x00M$\
'\x18\x14\x04\x07\x18+%\x06\x06\x07\x15#5&&\
546753\x15\x16\x16\x17\x07&&#\x22\x06\
\x15\x14\x163267\x026#a1Ew\x87\x86\
wE0c# *[,dppd,[*\
Q#.\x06mm\x0e\xbe\x9b\x9b\xbd\x0emm\x05/\
#?(*\x98\x8a\x8a\x99*(\x00\x00\x01\x00[\xff\
\x8d\x01\xf6\x02^\x00\x1d\x00W@\x11\x12\x0c\x02\x03\x02\
\x1d\x13\x02\x04\x03\x06\x03\x02\x00\x04\x03JK\xb0\x0bP\
X@\x18\x00\x01\x02\x02\x01n\x00\x04\x00\x00\x04\x00a\
\x00\x03\x03\x02_\x00\x02\x02\x1f\x03L\x1b@\x17\x00\x01\
\x02\x01\x83\x00\x04\x00\x00\x04\x00a\x00\x03\x03\x02_\x00\
\x02\x02\x1f\x03LY\xb7$$\x11\x18\x14\x05\x07\x19+\
%\x06\x06\x07\x15#5&&546753\x15\
\x16\x16\x17\x07&#\x22\x06\x15\x14\x16327\x01\xf6\
\x1bP,FWghVF,Q\x1a\x1bEGJ\
UTJHE8\x1a \x04mp\x0e\x85dc\x87\
\x11ol\x03\x22\x1a<8cXWa8\x00\x01\x00\
%\xff\x84\x02Z\x034\x00*\x00t@\x1d$!\x1f\
\x03\x05\x02'&\x16\x13\x09\x08\x06\x00\x05\x11\x0e\x02\x01\
\x00\x03J\x15\x14\x10\x0f\x04\x01GK\xb0\x0bPX@\
\x1d\x04\x01\x03\x02\x02\x03n\x06\x01\x05\x05\x02_\x00\x02\
\x02\x1cK\x00\x00\x00\x01_\x00\x01\x01\x1d\x01L\x1b@\
\x1c\x04\x01\x03\x02\x03\x83\x06\x01\x05\x05\x02_\x00\x02\x02\
\x1cK\x00\x00\x00\x01_\x00\x01\x01\x1d\x01LY@\x0e\
\x00\x00\x00*\x00)\x14\x11\x1e%$\x07\x07\x19+\x00\
\x06\x15\x14\x163267\x17\x06\x06#\x22'\x07'\
7&'\x07'7&5466773\x07\x16\
\x1773\x07\x16\x17\x07&&#\x01\x01ppd,\
[* (t6*$292% :9I\
0B~V*A,('7AC\x16\x09 *\
[,\x02\x83\x98\x8a\x8a\x99*(?(1\x09}\x16\
}\x13!\x91\x16\xb6Z\x81l\x9fY\x04kp\x07\x13\
\x8a\xa9\x12\x09?(*\x00\x02\x007\xff\xfb\x02\x1f\x01\
\xf0\x00\x1e\x00.\x00F@C\x1b\x19\x13\x11\x04\x02\x01\
\x1c\x10\x0c\x01\x04\x03\x02\x0b\x09\x04\x02\x04\x00\x03\x03J\
\x1a\x12\x02\x01H\x0a\x03\x02\x00G\x00\x02\x02\x01_\x00\
\x01\x01\x17K\x04\x01\x03\x03\x00_\x00\x00\x00\x15\x00L\
\x1f\x1f\x1f.\x1f-..%\x05\x07\x17+$\x07\x17\
\x07'\x06#\x22&'\x07'7&547'7\
\x176632\x16\x177\x17\x07\x16\x15\x06665\
4&&#\x22\x06\x06\x15\x14\x16\x163\x02\x1d45\
*5?T)M\x1f6*6226+5\x1f\
M))K\x1e5,53\xc4N..N..\
N..N.\x9eB7*64\x1c\x197*8\
DTTD8+8\x19\x1c\x1b\x186,6CV\
\xb51S11S11S11S1\x00\x01\x00\
/\xff\x8d\x02'\x034\x00/\x00{@\x12\x1e\x1b\x02\
\x04\x03\x22!\x09\x08\x04\x02\x04\x02\x01\x00\x01\x03JK\
\xb0\x0bPX@\x19\x00\x00\x01\x01\x00o\x00\x03\x00\x04\
\x02\x03\x04g\x00\x02\x02\x01_\x00\x01\x01 \x01L\x1b\
K\xb0\x0dPX@\x18\x00\x00\x01\x00\x84\x00\x03\x00\x04\
\x02\x03\x04g\x00\x02\x02\x01_\x00\x01\x01\x1d\x01L\x1b\
@\x18\x00\x00\x01\x00\x84\x00\x03\x00\x04\x02\x03\x04g\x00\
\x02\x02\x01_\x00\x01\x01 \x01LYY\xb7&\x1f%\
\x11\x13\x05\x07\x19+$\x06\x07\x15#5&&'7\
\x16\x1632654&&'.\x025466\
753\x15\x16\x16\x17\x07&#\x22\x06\x15\x14\x16\x16\
\x17\x1e\x02\x15\x02'p^FDt,\x1f4k@\
OX-E;L]B6a?F9i%\x1f\
XtLX1H?IX>pk\x0bml\x04\
-)?,(B=$-\x19\x0e\x13&NB6\
W6\x06mm\x05.$?RE=*2\x1b\x10\
\x13\x22I=\x00\x00\x03\x00=\xffu\x02<\x02\xc1\x00\
\x1a\x00&\x00*\x00\x90\xb6\x12\x04\x02\x09\x08\x01JK\
\xb0'PX@.\x07\x01\x05\x04\x01\x00\x03\x05\x00e\
\x00\x0a\x0d\x01\x0b\x0a\x0ba\x00\x06\x06\x14K\x00\x08\x08\
\x03_\x00\x03\x03\x1fK\x0c\x01\x09\x09\x01_\x02\x01\x01\
\x01\x15\x01L\x1b@2\x07\x01\x05\x04\x01\x00\x03\x05\x00\
e\x00\x0a\x0d\x01\x0b\x0a\x0ba\x00\x06\x06\x14K\x00\x08\
\x08\x03_\x00\x03\x03\x1fK\x00\x01\x01\x15K\x0c\x01\x09\
\x09\x02_\x00\x02\x02 \x02LY@\x1a''\x1b\x1b\
'*'*)(\x1b&\x1b%%\x11\x11\x11\x13&\
#\x11\x10\x0e\x07\x1d+\x01#\x11#5\x06\x06#\x22\
&&546632\x16\x175#5353\
\x153\x02654&#\x22\x06\x15\x14\x163\x075\
!\x15\x02<IP\x16P4:]55\x5c;3\
P\x16\x97\x97QI\xe0GGB@JK?\xcc\x01\
\xa5\x02-\xfd\xd3Y.1=sNNp;0,\
\x989[[\xfd\xd7cVVb`VWd\xc89\
9\x00\x01\x00\x11\xff\xf8\x02H\x02\xc9\x00+\x00O@\
L\x1a\x19\x02\x04\x06\x03\x02\x02\x0b\x01\x02J\x07\x01\x04\
\x08\x01\x03\x02\x04\x03e\x09\x01\x02\x0a\x01\x01\x0b\x02\x01\
e\x00\x06\x06\x05_\x00\x05\x05\x1cK\x0c\x01\x0b\x0b\x00\
_\x00\x00\x00\x1d\x00L\x00\x00\x00+\x00*)('\
&\x11\x11%\x22\x11\x14\x11\x12%\x0d\x07\x1d+$6\
7\x17\x06\x06#\x22&'#53&547#\
536632\x16\x17\x07&&#\x22\x073\x15\
#\x06\x15\x14\x173\x15#\x163\x01\xa7Z(\x1f&\
s8g\x83\x13ib\x01\x01bi\x14\x82g<m\
(\x1f(Z.\x90\x1e\xae\xb4\x01\x01\xb4\xae\x1c\x92>\
*(?(1\x85{;\x0f\x1f\x1f\x0f;{\x84.\
+?(*\xb9;\x0f\x1f\x1f\x0f;\xba\x00\x00\x01\x00\
)\xffG\x02.\x02\xc5\x00\x1b\x005@2\x08\x01\x07\
\x07\x06_\x00\x06\x06\x14K\x04\x01\x01\x01\x00]\x05\x01\
\x00\x00\x17K\x00\x03\x03\x02_\x00\x02\x02!\x02L\x00\
\x00\x00\x1b\x00\x1a#\x11\x13!#\x11\x13\x09\x07\x1b+\
\x00\x06\x07\x073\x15#\x03\x06\x06##5326\
7\x13#5376633\x15#\x01\xd05\x0b\
\x0b{\x88`\x12`J32,6\x0a`z\x87\x0c\
\x11`J32\x02\x83/66:\xfe<RQB\
05\x01\xc0::RQB\x00\x01\x00J\x00\x00\x02\
H\x02\xc1\x00\x16\x00t\xb5\x14\x01\x06\x00\x01JK\xb0\
!PX@%\x00\x06\x00\x02\x01\x06\x02e\x00\x05\x05\
\x04]\x00\x04\x04\x14K\x00\x00\x00\x07_\x09\x08\x02\x07\
\x07\x17K\x03\x01\x01\x01\x15\x01L\x1b@)\x00\x06\x00\
\x02\x01\x06\x02e\x00\x05\x05\x04]\x00\x04\x04\x14K\x00\
\x07\x07\x17K\x00\x00\x00\x08_\x09\x01\x08\x08\x1fK\x03\
\x01\x01\x01\x15\x01LY@\x11\x00\x00\x00\x16\x00\x15\x11\
\x11\x11\x11\x11\x11\x13!\x0a\x07\x1c+\x01\x15#\x22\x06\
\x15\x11#\x11#\x11#\x11!\x15!\x15353\x15\
63\x02H\x0aHGO\xc6P\x01\xa3\xfe\xad\xc6K\
'f\x01\xeeERB\xfe\xeb\x01C\xfe\xbd\x02\xc1E\
\xf3^X_\x00\x00\x01\x004\xff\x8d\x02+\x034\x00\
\x22\x00B@?\x11\x0e\x02\x03\x02\x15\x14\x02\x00\x03 \
\x01\x04\x05\x08\x05\x02\x03\x01\x04\x04J\x00\x02\x00\x03\x00\
\x02\x03g\x00\x00\x00\x05\x04\x00\x05e\x00\x04\x01\x01\x04\
W\x00\x04\x04\x01]\x00\x01\x04\x01M\x12$'\x18\x15\
\x10\x06\x07\x1a+\x013\x11\x06\x06\x07\x15#5&&\
546753\x15\x16\x16\x17\x07&&#\x22\x06\
\x15\x14\x163275#\x01K\xdc\x22`.Fw\
\x86\x86wE0b#\x1f*\x5c+dppc<\
F\x91\x01o\xfe\xbc\x13\x1b\x04lm\x0f\xbd\x9b\x9b\xbd\
\x0emm\x05/#?(*\x97\x8b\x8b\x99\x1b\xd7\x00\
\x01\x00\x11\x00\x00\x02H\x02\xc1\x00\x11\x00/@,\x0d\
\x01\x04\x05\x04\x01\x01\x00\x02J\x07\x01\x04\x03\x01\x00\x01\
\x04\x00f\x06\x01\x05\x05\x14K\x02\x01\x01\x01\x15\x01L\
\x11\x12\x11\x11\x11\x12\x11\x10\x08\x07\x1c+\x01!\x01#\
\x01\x11#\x11#53\x113\x11\x013\x01!\x02\x22\
\xfe\xfc\x01*`\xfe\xdaQ``Q\x01&`\xfe\xd5\
\x01\x05\x01D\xfe\xbc\x01>\xfe\xc2\x01D:\x01C\xfe\
\xc3\x01=\xfe\xbd\x00\x01\x000\x00\x00\x025\x02\xc9\x00\
#\x00H@E\x15\x14\x02\x06\x08\x01J\x09\x01\x06\x0a\
\x01\x05\x04\x06\x05e\x0b\x01\x04\x0c\x01\x03\x00\x04\x03e\
\x00\x08\x08\x07_\x00\x07\x07\x1cK\x02\x01\x00\x00\x01]\
\x00\x01\x01\x15\x01L#\x22! \x1f\x1e\x1d\x1c%#\
\x11\x11\x11\x11\x11\x11\x10\x0d\x07\x1d+7!\x15!5\
35#535#5354632\x16\x17\
\x07&&#\x22\x06\x15\x153\x15#\x153\x15#\xe4\
\x01L\xfe\x00bbbbbi[?s- +\
`0:<\xb4\xb4\xb4\xb4EEE\xb3;\x5c;?\
Yg.+?(+B?9;\x5c;\x00\x01\x00\
A\xff\xf8\x023\x02\xcc\x00\x1c\x007@4\x1c\x17\x16\
\x15\x14\x13\x12\x11\x0f\x0c\x0b\x0a\x09\x08\x07\x06\x05\x11\x02\
\x01\x04\x01\x00\x02\x02J\x10\x01\x01H\x00\x01\x01\x14K\
\x00\x02\x02\x00_\x00\x00\x00\x1d\x00L*\x1a!\x03\x07\
\x17+%\x06#\x22'\x11\x07575\x07575\
3\x157\x15\x07\x157\x15\x07\x11\x163267\x02\
3^\x96NNbbbbS\xb6\xb6\xb6\xb6&*\
9f/PX\x17\x01A7D7`6E6\x88\
ZeEe`eDe\xfe\xcb\x0b&+\x00\x01\x00\
:\x00\x00\x02!\x034\x00\x17\x00\x22@\x1f\x17\x14\x0b\
\x08\x04\x01\x03\x01J\x00\x03\x00\x01\x00\x03\x01e\x02\x01\
\x00\x00\x15\x00L\x15\x15\x15\x13\x04\x07\x18+\x00\x16\x12\
\x11#4\x02&'\x11#\x11\x06\x06\x02\x15#\x10\x12\
6753\x15\x01\x95[1Q\x1e9,B+8\
\x1dQ0ZEF\x02\xbb\x83\xfe\xcf\xfe\xf9\xef\x01\x11\
u\x0c\xfe\xcf\x011\x0dw\xfe\xf0\xed\x01\x06\x011\x83\
\x0bon\x00\x01\x00\x11\x00\x00\x02H\x02\xc1\x00\x19\x00\
@@=\x08\x01\x08\x09\x15\x01\x03\x02\x02J\x0b\x01\x08\
\x07\x01\x00\x01\x08\x00e\x06\x01\x01\x05\x01\x02\x03\x01\x02\
e\x0a\x01\x09\x09\x14K\x04\x01\x03\x03\x15\x03L\x19\x18\
\x17\x16\x14\x13\x11\x11\x11\x11\x12\x11\x11\x11\x10\x0c\x07\x1d\
+\x01#\x153\x15#\x15#\x03\x11#5#53\
5#5353\x13\x113\x153\x02H^^^\
D\xf0H]]]]D\xf0H^\x01\x90]:\xf9\
\x02\x12\xfd\xee\xf9:]:\xf7\xfd\xe6\x02\x1a\xf7\x00\x00\
\x02\x00T\xff\xf9\x04}\x02\xc1\x00F\x00N\x02\x14K\
\xb0\x17PX@\x13<\x01\x02\x06=\x01\x0f\x02(\x01\
\x0a\x03\x09\x08\x02\x00\x0a\x04J\x1bK\xb0!PX@\
\x13<\x01\x0d\x06=\x01\x0f\x02(\x01\x0a\x03\x09\x08\x02\
\x00\x0a\x04J\x1b@\x16<\x01\x0d\x06=\x01\x0f\x02(\
\x01\x0a\x03\x08\x01\x04\x0a\x09\x01\x00\x04\x05JYYK\
\xb0\x09PX@7\x00\x07\x0e\x06\x0e\x07\x06~\x10\x01\
\x0f\x00\x03\x0a\x0f\x03e\x00\x0e\x0e\x05]\x00\x05\x05\x14\
K\x0d\x09\x02\x02\x02\x06]\x0c\x08\x02\x06\x06\x17K\x0b\
\x01\x0a\x0a\x00_\x04\x01\x02\x00\x00 \x00L\x1bK\xb0\
\x0bPX@B\x00\x07\x0e\x0c\x0e\x07\x0c~\x10\x01\x0f\
\x00\x03\x0a\x0f\x03e\x00\x0e\x0e\x05]\x00\x05\x05\x14K\
\x0d\x09\x02\x02\x02\x0c_\x00\x0c\x0c\x1fK\x0d\x09\x02\x02\
\x02\x06]\x08\x01\x06\x06\x17K\x0b\x01\x0a\x0a\x00_\x04\
\x01\x02\x00\x00 \x00L\x1bK\xb0\x13PX@7\x00\
\x07\x0e\x06\x0e\x07\x06~\x10\x01\x0f\x00\x03\x0a\x0f\x03e\
\x00\x0e\x0e\x05]\x00\x05\x05\x14K\x0d\x09\x02\x02\x02\x06\
]\x0c\x08\x02\x06\x06\x17K\x0b\x01\x0a\x0a\x00_\x04\x01\
\x02\x00\x00 \x00L\x1bK\xb0\x17PX@B\x00\x07\
\x0e\x0c\x0e\x07\x0c~\x10\x01\x0f\x00\x03\x0a\x0f\x03e\x00\
\x0e\x0e\x05]\x00\x05\x05\x14K\x0d\x09\x02\x02\x02\x0c_\
\x00\x0c\x0c\x1fK\x0d\x09\x02\x02\x02\x06]\x08\x01\x06\x06\
\x17K\x0b\x01\x0a\x0a\x00_\x04\x01\x02\x00\x00 \x00L\
\x1bK\xb0!PX@?\x00\x07\x0e\x0c\x0e\x07\x0c~\
\x10\x01\x0f\x00\x03\x0a\x0f\x03e\x00\x0e\x0e\x05]\x00\x05\
\x05\x14K\x00\x0d\x0d\x0c_\x00\x0c\x0c\x1fK\x09\x01\x02\
\x02\x06]\x08\x01\x06\x06\x17K\x0b\x01\x0a\x0a\x00_\x04\
\x01\x02\x00\x00 \x00L\x1b@C\x00\x07\x0e\x0c\x0e\x07\
\x0c~\x10\x01\x0f\x00\x03\x0a\x0f\x03e\x00\x0e\x0e\x05]\
\x00\x05\x05\x14K\x00\x0d\x0d\x0c_\x00\x0c\x0c\x1fK\x09\
\x01\x02\x02\x06]\x08\x01\x06\x06\x17K\x00\x04\x04\x15K\
\x0b\x01\x0a\x0a\x00_\x01\x01\x00\x00 \x00LYYY\
YY@\x1eGGGNGMLJ@>:8\
,*&$\x22!\x11\x11\x12!\x11\x22\x13#%\x11\
\x07\x1d+\x00\x16\x16\x15\x14\x06#\x22'\x07\x06#\x22\
&5\x11#\x06\x06##\x15#\x1132\x16\x173\
53\x153\x15#\x15\x143277\x16\x1632\
654&&'&&546632\x16\x17\
\x07&#\x22\x06\x15\x14\x16\x16\x17$54&##\
\x113\x04\x14I hVpF\x03\x17\x1bYXG\
\x0fv\x5cVQ\xa7ky\x02BQ\x85\x85j\x0b\x18\
\x19*O-5:\x1652WK0U6.\x5c\
\x1f\x1bII/9\x140.\xfd\xc1KOSS\x01\
\x04$3(?M73\x04[S\x01\x00Q[\xfb\
\x02\xc1rh\x94\x94?\xfbs\x028\x1e\x1b'#\x15\
\x1c\x15\x0b\x13A6+C%#\x1d;9*#\x15\
\x1c\x14\x0b+\x9fQN\xfe\xc2\x00\x02\x00\x11\x00\x00\x02\
H\x02\xc1\x00\x1c\x00%\x00H@E\x0a\x01\x08\x07\x01\
\x00\x01\x08\x00e\x06\x01\x01\x05\x01\x02\x0c\x01\x02e\x0d\
\x01\x0c\x00\x03\x04\x0c\x03e\x00\x0b\x0b\x09]\x00\x09\x09\
\x14K\x00\x04\x04\x15\x04L\x1d\x1d\x1d%\x1d$#!\
\x1c\x1b\x19\x17\x11\x11\x11\x11\x11\x22\x11\x14\x10\x0e\x07\x1d\
+\x01#\x16\x15\x14\x073\x15#\x06\x06##\x15#\
\x11#535#53532\x16\x173\x026\
54&##\x113\x02HQ\x03\x03Qb\x19l\
MVP]]]]\xa6Ol\x18a\xeaMLN\
RR\x02\x0c\x15\x18\x18\x17;:@\xfb\x01u;\x5c\
;z?;\xfe\xf8NQRM\xfe\xc2\x00\x00\x02\x00\
\x11\x00\x00\x02=\x02\xc1\x00\x16\x00\x1e\x00=@:\x09\
\x01\x06\x0b\x08\x02\x05\x00\x06\x05e\x04\x01\x00\x03\x01\x01\
\x02\x00\x01e\x00\x0a\x0a\x07]\x00\x07\x07\x14K\x00\x02\
\x02\x15\x02L\x00\x00\x1e\x1c\x19\x17\x00\x16\x00\x15!\x11\
\x11\x11\x11\x11\x11\x11\x0c\x07\x1c+\x13\x153\x15#\x15\
#5#535#53\x1132\x16\x15\x14\x06\
#'32654##\xbe\xb2\xb2P]]]\
]\xe6n{}l\x95\x89RT\xa4\x8b\x01-\x5c;\
\x96\x96;\x5c;\x01Yl^]m;EE\x8d\x00\
\x01\x00\x15\x00\x00\x02C\x02\xc1\x00\x1f\x00\x06\xb3\x1e\x0d\
\x010+\x01#\x16\x173\x15#\x06\x06\x07\x16\x16\x17\
\x17#'&&##5327!5!&#\
#5!\x02C\xa0+\x0cid\x03aR\x1b+\x14\
\x98a\x94\x1a80\x8f\xd8\x99\x07\xfe\x88\x01s\x18\x83\
\xd8\x02.\x02\x86\x22:;Nb\x0c\x08%\x1f\xe7\xe2\
) D\x80;\x5c;\x00\x01\x000\x00\x00\x025\x02\
\xc9\x00\x1b\x006@3\x11\x10\x02\x04\x06\x01J\x07\x01\
\x04\x08\x01\x03\x00\x04\x03e\x00\x06\x06\x05_\x00\x05\x05\
\x1cK\x02\x01\x00\x00\x01]\x00\x01\x01\x15\x01L\x11\x13\
%#\x11\x11\x11\x11\x10\x09\x07\x1d+7!\x15!5\
35#5354632\x16\x17\x07&&#\
\x22\x06\x15\x153\x15#\xe4\x01L\xfe\x00bbbi\
[?s- +`0:<\xb4\xb4EEE\xff\
:\x8bYg.+?(+B?\x85:\x00\x01\x00\
\x11\x00\x00\x02H\x02\xc1\x00\x1c\x00D@A\x08\x01\x08\
\x09\x18\x15\x02\x03\x02\x02J\x0c\x01\x08\x07\x01\x00\x01\x08\
\x00f\x06\x01\x01\x05\x01\x02\x03\x01\x02e\x0b\x0a\x02\x09\
\x09\x14K\x04\x01\x03\x03\x15\x03L\x1c\x1b\x1a\x19\x17\x16\
\x14\x13\x11\x11\x11\x11\x12\x11\x11\x11\x10\x0d\x07\x1d+\x01\
#\x073\x15#\x07#\x03\x03#'#53'#\
53'3\x13\x133\x13\x133\x073\x02HR\x0d\
_f!:[[: f^\x0cRJ G:\
T9T9H!K\x01\x90]:\xf9\x02\x13\xfd\xed\
\xf9:]:\xf7\xfe\x0d\x01\xf3\xfe\x0b\x01\xf5\xf7\x00\x00\
\x01\xff\xfb\x00\x00\x02]\x02\xc1\x00\x16\x00>@;\x15\
\x01\x00\x09\x01J\x08\x01\x00\x07\x01\x01\x02\x00\x01f\x06\
\x01\x02\x05\x01\x03\x04\x02\x03e\x0b\x0a\x02\x09\x09\x14K\
\x00\x04\x04\x15\x04L\x00\x00\x00\x16\x00\x16\x14\x13\x11\x11\
\x11\x11\x11\x11\x11\x11\x11\x0c\x07\x1d+\x01\x033\x15#\
\x153\x15#\x15#5#535#53\x033\
\x13\x13\x02]\xe6\x99\xbb\xbb\xbbR\xbb\xbb\xbb\x99\xe6\x5c\
\xd5\xd5\x02\xc1\xfe\xc0;\x5c;\xaf\xaf;\x5c;\x01@\
\xfe\xd3\x01-\x00\x00\x01\x00\xf9\x00\xd7\x01_\x01=\x00\
\x03\x00\x06\xb3\x02\x00\x010+\x133\x15#\xf9ff\
\x01=f\x00\x01\x00\x8b\xff\xbf\x01\xcd\x02\xf1\x00\x03\x00\
\x06\xb3\x02\x00\x010+\x17'\x01\x17\xceC\x00\xffC\
A\x16\x03\x1c\x16\x00\x01\x008\x00)\x02 \x02\x11\x00\
\x0b\x00,@)\x00\x04\x03\x01\x04U\x06\x05\x02\x03\x02\
\x01\x00\x01\x03\x00e\x00\x04\x04\x01]\x00\x01\x04\x01M\
\x00\x00\x00\x0b\x00\x0b\x11\x11\x11\x11\x11\x07\x07\x19+\x01\
\x15#\x15#5#5353\x15\x02 \xd5>\xd5\
\xd5>\x01<?\xd4\xd4?\xd5\xd5\x00\x00\x01\x008\x00\
\xfd\x02 \x01<\x00\x03\x00\x06\xb3\x01\x00\x010+\x01\
\x15!5\x02 \xfe\x18\x01<??\x00\x01\x00B\x00\
3\x02\x16\x02\x07\x00\x0b\x00\x06\xb3\x09\x03\x010+\x01\
\x07\x17\x07'\x07'7'7\x177\x02\x16\xbe\xbe,\
\xbe\xbe,\xbe\xbe,\xbe\xbe\x01\xdb\xbe\xbf+\xbe\xbe+\
\xbf\xbe,\xbe\xbe\x00\x03\x008\x00&\x02 \x02\x12\x00\
\x03\x00\x07\x00\x0b\x00@@=\x00\x00\x06\x01\x01\x03\x00\
\x01e\x07\x01\x03\x00\x02\x04\x03\x02e\x00\x04\x05\x05\x04\
U\x00\x04\x04\x05]\x08\x01\x05\x04\x05M\x08\x08\x04\x04\
\x00\x00\x08\x0b\x08\x0b\x0a\x09\x04\x07\x04\x07\x06\x05\x00\x03\
\x00\x03\x11\x09\x07\x15+\x1353\x15\x17\x15!5\x13\
53\x15\xf7^\xcb\xfe\x18\xbf^\x01\xb3__w?\
?\xfe\xea__\x00\x02\x008\x00\x99\x02 \x01\xa0\x00\
\x03\x00\x07\x000@-\x04\x01\x01\x00\x00\x03\x01\x00e\
\x05\x01\x03\x02\x02\x03U\x05\x01\x03\x03\x02]\x00\x02\x03\
\x02M\x04\x04\x00\x00\x04\x07\x04\x07\x06\x05\x00\x03\x00\x03\
\x11\x06\x07\x15+\x01\x15!5\x05\x15!5\x02 \xfe\
\x18\x01\xe8\xfe\x18\x01\xa0??\xc8??\x00\x00\x01\x00\
8\x00\x12\x02 \x02'\x00\x13\x00\x06\xb3\x10\x06\x010\
+\x01#\x073\x15!\x07'7#537#5\
!7\x17\x073\x02 \xbd9\xf6\xfe\xf088-\x95\
\xb08\xe8\x01\x0289.\xa3\x01a\x89?\x87\x19n\
?\x89?\x87\x18o\x00\x00\x01\x008\x00 \x02 \x02\
\x18\x00\x06\x00\x06\xb3\x03\x00\x010+\x13\x05\x15\x055\
%%8\x01\xe8\xfe\x18\x01\x9b\xfee\x02\x18\xdb@\xdd\
E\xb7\xb8\x00\x01\x008\x00 \x02 \x02\x18\x00\x06\x00\
\x06\xb3\x04\x00\x010+\x01\x15\x05\x05\x15%5\x02 \
\xfee\x01\x9b\xfe\x18\x02\x18D\xb8\xb7E\xdd@\x00\x00\
\x02\x008\x00\x00\x02 \x02\x18\x00\x06\x00\x0a\x00\x08\xb5\
\x08\x07\x03\x00\x020+\x13\x05\x15\x055%%\x115\
!\x158\x01\xe8\xfe\x18\x01\x8e\xfer\x01\xe8\x02\x18\xb2\
@\xb2C\x8f\x8f\xfe+??\x00\x02\x008\x00\x00\x02\
 \x02\x18\x00\x06\x00\x0a\x00\x08\xb5\x08\x07\x04\x00\x020\
+\x01\x15\x05\x05\x15%5\x115!\x15\x02 \xfer\
\x01\x8e\xfe\x18\x01\xe8\x02\x18C\x8f\x8fC\xb2@\xfe\x9a\
??\x00\x00\x02\x008\x00\x00\x02 \x02\x11\x00\x0b\x00\
\x0f\x001@.\x04\x01\x00\x03\x01\x01\x02\x00\x01e\x00\
\x05\x00\x02\x06\x05\x02e\x00\x06\x06\x07]\x08\x01\x07\x07\
\x15\x07L\x0c\x0c\x0c\x0f\x0c\x0f\x12\x11\x11\x11\x11\x11\x10\
\x09\x07\x1b+\x013\x15#\x15#5#5353\
\x015!\x15\x01K\xd5\xd5>\xd5\xd5>\xfe\xed\x01\xe8\
\x01e>\xac\xac>\xac\xfd\xef??\x00\x02\x003\x00\
s\x02\x1b\x01\xc6\x00\x19\x003\x00\x08\xb5)\x1c\x0f\x02\
\x020+\x01\x06\x06#\x22&'&&#\x22\x06\x07\
'6632\x16\x17\x16\x163267\x17\x06\x06\
#\x22&'&&#\x22\x06\x07'6632\x16\
\x17\x16\x163267\x02\x1b\x13B, <*\x1f\
*\x12\x1f(\x0d2\x12B- :,\x1f*\x12\x1f\
(\x0d2\x13B, <*\x1f*\x12\x1f(\x0d2\
\x12B- :,\x1f*\x12\x1f(\x0d\x01\x9d/3\
\x18\x16\x11\x11#\x1f\x1b/3\x17\x16\x11\x11\x22\x1f\xe3\
/3\x18\x16\x11\x11#\x1f\x1b/3\x17\x16\x11\x11\x22\
\x1f\x00\x01\x008\x00\xd7\x02 \x01b\x00\x19\x005\xb1\
\x06dD@*\x19\x01\x01\x02\x0d\x0c\x02\x00\x03\x02J\
\x00\x02\x00\x01\x03\x02\x01g\x00\x03\x00\x00\x03W\x00\x03\
\x03\x00_\x00\x00\x03\x00O$%$\x22\x04\x07\x18+\
\xb1\x06\x00D\x01\x06\x06#\x22&'&&#\x22\x06\
\x07'6632\x16\x17\x16\x163267\x02 \
\x13B, <*\x1f*\x12\x1f(\x0d2\x12B-\
 :,\x1f*\x12\x1f(\x0d\x019/3\x18\x16\x11\
\x11#\x1f\x1b/3\x17\x16\x11\x11\x22\x1f\x00\x00\x01\x00\
8\x00\x95\x02 \x01\xa3\x00\x05\x00%@\x22\x00\x00\x01\
\x00\x84\x03\x01\x02\x01\x01\x02U\x03\x01\x02\x02\x01]\x00\
\x01\x02\x01M\x00\x00\x00\x05\x00\x05\x11\x11\x04\x07\x16+\
\x01\x11#5!5\x02 =\xfeU\x01\xa3\xfe\xf2\xd1\
=\x00\x03\x00\x04\xff\xe8\x02T\x02\x97\x00\x17\x00!\x00\
+\x00\x0a\xb7(\x22!\x19\x16\x0a\x030+7&&\
546632\x177\x17\x07\x16\x16\x15\x14\x06\x06\
#\x22'\x07'\x01&#\x22\x06\x06\x15\x14\x16\x17\x16\
6654&'\x01\x163k07N\x88SV\
GM/N+1P\x87PNDN0\x01\x8a7\
CAj>'#\xdej?!\x1f\xfe\xe83=m\
'o?K\x82O+d#d'j=L\x82L\
&f\x1f\x01\xfe!<h@1X\x1f<;hA\
.R \xfe\x97\x1b\x00\x00\x03\x00+\x00\x90\x02-\x01\
\xa8\x00\x17\x00!\x00+\x00\x0a\xb7&\x22\x1a\x18\x04\x00\
\x030+\x00\x16\x15\x14\x06#\x22&'\x06\x06#\x22\
&54632\x16\x17663\x067&#\x22\
\x06\x15\x14\x163 654&#\x22\x07\x163\x01\
\xe6GG=#D\x16\x16D#=GG=#D\
\x16\x16D#\xb7\x22\x22A#((#\x01\x19((\
#A\x22\x22A\x01\xa8O==O'))'O\
==O'))'\xe2WU1%%11%\
%1UW\x00\x00\x01\x00x\xffL\x01\xdf\x02\xc1\x00\
\x13\x00\x06\xb3\x08\x00\x010+\x01\x15#\x22\x06\x15\x11\
\x14\x06##53265\x11463\x01\xdf.\
/.YO4./.YO\x02\xc1E-6\xfd\
\xd6RQD.5\x02*RR\x00\x00\x01\x008\x00\
\x00\x02\xd3\x02\xca\x00#\x00\x06\xb3\x1e\x05\x010+\x00\
\x06\x06\x073\x15!56654&#\x22\x06\x15\
\x14\x16\x17\x15!53.\x02546632\x16\
\x16\x15\x02\xd3!OM\xb6\xfe\xfbjN\x85ut\x85\
Oi\xfe\xfb\xb6OP\x1eR\x96ee\x97R\x01\x90\
a\x82hEB\x9f\xa2=[hh[=\xa4\x9dB\
Eo\x82[1PwAAxO\x00\x01\x008\x00\
\x00\x02\xd3\x02\xca\x00#\x00\x06\xb3\x1e\x05\x010+\x00\
\x06\x06\x073\x15!56654&#\x22\x06\x15\
\x14\x16\x17\x15!53.\x02546632\x16\
\x16\x15\x02\xd3!OM\xb6\xfe\xfbjN\x85ut\x85\
Oi\xfe\xfb\xb6OP\x1eR\x96ee\x97R\x01\x90\
a\x82hEB\x9f\xa2=[hh[=\xa4\x9dB\
Eo\x82[1PwAAxO\x00\x01\x008\xff\
L\x02 \x02\xc1\x00\x07\x00\x06\xb3\x01\x00\x010+\x01\
\x11#\x11!\x11#\x11\x02 L\xfe\xb0L\x02\xc1\xfc\
\x8b\x03/\xfc\xd1\x03u\x00\x01\x00)\xffL\x02\x1b\x02\
\xc1\x00\x0c\x00\x06\xb3\x07\x00\x010+\x01\x15!\x13\x07\
\x03!\x15!5\x01\x015\x02\x1b\xfeo\xf2\x01\xf1\x01\
\x91\xfe\x0e\x01\x0b\xfe\xf5\x02\xc1E\xfe\xa78\xfe\xa6E\
<\x01\x7f\x01~<\x00\x00\x01\x00\x06\xff8\x02D\x02\
\xf6\x00\x08\x00\x06\xb3\x01\x00\x010+\x01\x01#\x03#\
53\x13\x13\x02D\xfe\xf6@\x95_\x8f\x83\xe9\x02\xf6\
\xfcB\x01\xc5?\xfee\x03U\x00\x01\x00I\xffL\x01\
\xe5\x01\xe7\x00\x14\x00\x5c@\x0a\x03\x01\x04\x03\x08\x01\x00\
\x04\x02JK\xb0!PX@\x18\x06\x05\x02\x03\x03\x17\
K\x00\x04\x04\x00_\x01\x01\x00\x00\x15K\x00\x02\x02\x19\
\x02L\x1b@\x1c\x06\x05\x02\x03\x03\x17K\x00\x00\x00\x15\
K\x00\x04\x04\x01_\x00\x01\x01 K\x00\x02\x02\x19\x02\
LY@\x0e\x00\x00\x00\x14\x00\x14#\x11\x12#\x11\x07\
\x07\x19+\x01\x11#5\x06\x06#\x22'\x15#\x113\
\x11\x14\x163265\x11\x01\xe5O\x17S4;#\
QQ48@N\x01\xe7\xfe\x19S,.\x19\xc6\x02\
\x9b\xfe\xd4A=SD\x01\x13\x00\x02\x005\xff\xf0\x02\
\x1e\x02\xfc\x00\x17\x00#\x00\x08\xb5\x1c\x18\x05\x00\x020\
+\x00\x16\x16\x15\x14\x06#.\x02546632\
\x17&&##563\x12654&#\x22\x06\
\x15\x14\x163\x015\x8fZ\x84pGo??lA\
m7\x12\x88b-(\x1b\x91Z\x5cEG[ZG\
\x02\xfcV\xc8\xa2\xa8\xa4\x01?yTTz@U\x8b\
y=\x05\xfd8reYclb]h\x00\x05\x00\
7\xff\xe7\x03k\x02\xda\x00\x03\x00\x0f\x00\x1b\x00'\x00\
3\x00X@U\x03\x01\x02\x00\x01\x01\x05\x07\x02J\x00\
\x04\x00\x06\x03\x04\x06g\x09\x01\x03\x08\x01\x01\x07\x03\x01\
g\x00\x02\x02\x00_\x00\x00\x00\x1cK\x0b\x01\x07\x07\x05\
_\x0a\x01\x05\x05 \x05L((\x1c\x1c\x10\x10\x04\x04\
(3(2.,\x1c'\x1c&\x22 \x10\x1b\x10\x1a\
\x16\x14\x04\x0f\x04\x0e(\x0c\x07\x15+\x05'\x01\x17\x00\
&54632\x16\x15\x14\x06#6654&\
#\x22\x06\x15\x14\x163\x00&54632\x16\x15\
\x14\x06#6654&#\x22\x06\x15\x14\x163\x01\
\x1e;\x01\xa1;\xfd\xd2ZZPPZZP1/\
/11001\x01\x90ZZPQYYQ2\
/011//1\x19\x22\x02\xd1\x22\xfebmk\
jmmjkm:LRQLLQRL\xfe\
\xa5mkjmlkkm:KSQLLQ\
RL\x00\x00\x07\x007\xff\xe7\x04\xf8\x02\xda\x00\x03\x00\
\x0f\x00\x1b\x00'\x003\x00?\x00K\x00n@k\x03\
\x01\x02\x00\x01\x01\x05\x09\x02J\x06\x01\x04\x0a\x01\x08\x03\
\x04\x08g\x0d\x01\x03\x0c\x01\x01\x09\x03\x01g\x00\x02\x02\
\x00_\x00\x00\x00\x1cK\x11\x0b\x10\x03\x09\x09\x05_\x0f\
\x07\x0e\x03\x05\x05 \x05L@@44((\x1c\x1c\
\x10\x10\x04\x04@K@JFD4?4>:8\
(3(2.,\x1c'\x1c&\x22 \x10\x1b\x10\x1a\
\x16\x14\x04\x0f\x04\x0e(\x12\x07\x15+\x05'\x01\x17\x00\
&54632\x16\x15\x14\x06#6654&\
#\x22\x06\x15\x14\x163\x00&54632\x16\x15\
\x14\x06# &54632\x16\x15\x14\x06#$\
654&#\x22\x06\x15\x14\x163 654&\
#\x22\x06\x15\x14\x163\x01\x1e;\x01\xa1;\xfd\xd2Z\
ZPPZZP1//11001\x01\x90\
ZZPQYYQ\x01=ZZPPZZP\
\xfe\xa5/011//1\x01\xbe//110\
01\x19\x22\x02\xd1\x22\xfebmkjmmjk\
m:LRQLLQRL\xfe\xa5mkjm\
lkkmmkjmmjkm:KSQ\
LLQRLLRQLLQRL\x00\x02\x00\
0\xff8\x02(\x02\xf6\x00\x05\x00\x09\x00\x08\xb5\x09\x07\
\x04\x01\x020+\x01\x03#\x03\x133\x13\x03\x03\x13\x02\
(\xdc@\xdc\xdc@\x98\xb8\xb8\xb8\x01\x17\xfe!\x01\xdf\
\x01\xdf\xfe!\x01\x91\xfeo\xfeo\x00\x00\x03\x00\x11\x00\
\x01\x02\x81\x02Q\x00\x09\x00-\x007\x00\x0a\xb73.\
\x1a\x0a\x04\x00\x030+77'37\x173\x07\x17\
'6654&'&&54632\x177\
&&#\x22\x06\x15\x14\x16\x17\x16\x16\x15\x14\x06#\x22\
'\x07\x16\x163'35\x1735#\x15'#\x89\
F\xbe\xecJM\xed\xbfG\xc2P\x1b\x14\x13\x0e\x0c\x0b\
\x08\x10\x12\x08\x07\x18\x0b\x14\x1c\x15\x14\x0c\x0c\x0b\x09\x13\
\x13\x09\x09\x1a\x0b\x9b\x1c.\x16\x1c.\x16\x01\xe0\x90\xe0\
\xe0\x90\xe0\x87=\x16\x12\x12\x0e\x05\x03\x06\x08\x07\x08\x0c\
\x14\x07\x08\x17\x12\x12\x0f\x05\x03\x06\x07\x07\x07\x0d\x15\x07\
\x08\x01HH\x82HH\x00\x02\x001\xffh\x03m\x02\
\xc7\x00@\x00N\x01\x0e\xb6 \x12\x02\x05\x0a\x01JK\
\xb0\x09PX@1\x00\x08\x01\x07\x01\x08\x07~\x0d\x0b\
\x02\x05\x02\x01\x01\x08\x05\x01h\x00\x07\x0c\x01\x09\x07\x09\
c\x00\x06\x06\x00_\x00\x00\x00\x1cK\x00\x0a\x0a\x03_\
\x04\x01\x03\x03\x1f\x0aL\x1bK\xb0\x0bPX@5\x00\
\x08\x01\x07\x01\x08\x07~\x0d\x0b\x02\x05\x02\x01\x01\x08\x05\
\x01h\x00\x07\x0c\x01\x09\x07\x09c\x00\x06\x06\x00_\x00\
\x00\x00\x1cK\x00\x04\x04\x17K\x00\x0a\x0a\x03_\x00\x03\
\x03\x1f\x0aL\x1bK\xb0\x13PX@1\x00\x08\x01\x07\
\x01\x08\x07~\x0d\x0b\x02\x05\x02\x01\x01\x08\x05\x01h\x00\
\x07\x0c\x01\x09\x07\x09c\x00\x06\x06\x00_\x00\x00\x00\x1c\
K\x00\x0a\x0a\x03_\x04\x01\x03\x03\x1f\x0aL\x1b@5\
\x00\x08\x01\x07\x01\x08\x07~\x0d\x0b\x02\x05\x02\x01\x01\x08\
\x05\x01h\x00\x07\x0c\x01\x09\x07\x09c\x00\x06\x06\x00_\
\x00\x00\x00\x1cK\x00\x04\x04\x17K\x00\x0a\x0a\x03_\x00\
\x03\x03\x1f\x0aLYYY@\x1aAA\x00\x00AN\
AMHF\x00@\x00?\x12&&%\x14%%&\
&\x0e\x07\x1d+\x04&&546632\x16\x16\
\x15\x14\x06\x06#\x22&'#\x06\x06#\x22&54\
6632\x16\x17373\x03\x06\x15\x14\x1632\
6654&&#\x22\x06\x06\x15\x14\x16\x1632\
673\x06\x06#\x026654&#\x22\x06\x06\
\x15\x14\x163\x01X\xc0go\xc1x\x80\xb7];[\
35=\x04\x02\x19K2BR5`>/F\x0b\
\x01\x0cA/\x04  \x1c:(L\x9aof\xa3^\
V\xa2oU{!W*\xabs\x04I&7/0\
G%8)\x98j\xc1~\x84\xc6li\xa8^b}\
9/*)0]RDxH-$E\xfe\xf1\x1c\
\x08\x22\x1c-ePO\x8cW[\xabsn\xa5Y0\
+FR\x01\x0e=`58;:]2;A\x00\
\x03\x004\xff\xf9\x02\xa1\x02\xc8\x00\x1e\x00*\x004\x00\
\x7f@\x10$\x01\x02\x04.-\x1d\x18\x17\x0b\x01\x07\x05\
\x02\x02JK\xb0!PX@%\x07\x01\x04\x04\x01_\
\x00\x01\x01\x1cK\x00\x02\x02\x00_\x06\x03\x02\x00\x00 \
K\x08\x01\x05\x05\x00_\x06\x03\x02\x00\x00 \x00L\x1b\
@\x22\x07\x01\x04\x04\x01_\x00\x01\x01\x1cK\x00\x02\x02\
\x03]\x06\x01\x03\x03\x15K\x08\x01\x05\x05\x00_\x00\x00\
\x00 \x00LY@\x18++\x1f\x1f\x00\x00+4+\
3\x1f*\x1f)\x00\x1e\x00\x1e\x18+#\x09\x07\x17+\
!'\x06\x06#\x22&&5467&&54\
632\x16\x15\x14\x06\x07\x17673\x06\x07\x17\x00\
\x06\x15\x14\x16\x176654&#\x1267'\x06\
\x06\x15\x14\x163\x02@R+l@Cg9MV\
.$_NIU>P\xa7-\x03G\x04B\x87\xfe\
f5\x1c(B1/'\x18V \xbeF9QD\
Y/1.T6@e45H'FTMA\
4S3\xb7Y|\x9dm\x94\x02\x8a2*\x1d5-\
)<\x22&.\xfd\xb1)&\xd0+L07A\x00\
\x01\x00-\xffL\x01\xf0\x02\xc1\x00\x0f\x00$@!\x00\
\x03\x01\x00\x01\x03\x00~\x00\x01\x01\x04]\x00\x04\x04\x14\
K\x02\x01\x00\x00\x19\x00L&\x11\x11\x11\x10\x05\x07\x19\
+\x05#\x11#\x11#\x11\x22&&54663\
3\x01\xf0CwC;Z11[<\xfb\xb4\x038\
\xfc\xc8\x01\xea2Z:9Z2\x00\x00\x02\x00)\xff\
E\x01\xf0\x02\xc8\x00/\x00?\x004@1\x22\x01\x03\
\x0291#\x1a\x0a\x02\x06\x01\x03\x09\x01\x00\x01\x03J\
\x00\x03\x03\x02_\x00\x02\x02\x1cK\x00\x01\x01\x00_\x00\
\x00\x00!\x00L&$ \x1e$&\x04\x07\x16+$\
\x06\x07\x16\x15\x14\x06#\x22'7\x16\x163265\
4&''&&5467&54672\
\x16\x17\x07&#\x22\x06\x15\x14\x16\x17\x17\x16\x16\x15\x06\
\x17654&''&'\x06\x15\x14\x16\x17\x17\x01\
\xf0\x1f\x1b\x12iYxO\x1b+O.8>)1\
`QD\x1f\x1a\x11kZ1\x5c \x1bJE:>\
)1`PE\x82 \x1509]5\x1d\x160:\
]\x9eB\x19 /P_@<\x1f\x1b72(6\
\x19/'T;$D\x18\x1f.P^\x01\x22\x1d;\
863(5\x190(T:0\x1c\x1e'#7\
\x1e1\x1c\x19\x1f&#6\x1f0\x00\x00\x03\x002\xff\
\xfb\x02\xfd\x02\xc6\x00\x0f\x00\x1f\x007\x00d\xb1\x06d\
D@Y(\x01\x05\x043)\x02\x06\x054\x01\x07\x06\
\x03J\x00\x00\x00\x02\x04\x00\x02g\x00\x04\x00\x05\x06\x04\
\x05g\x00\x06\x0a\x01\x07\x03\x06\x07g\x09\x01\x03\x01\x01\
\x03W\x09\x01\x03\x03\x01_\x08\x01\x01\x03\x01O  \
\x10\x10\x00\x00 7 620,*&$\x10\x1f\
\x10\x1e\x18\x16\x00\x0f\x00\x0e&\x0b\x07\x15+\xb1\x06\x00\
D\x04&&546632\x16\x16\x15\x14\x06\x06\
#>\x0254&&#\x22\x06\x06\x15\x14\x16\x163\
&&54632\x16\x17\x07&#\x22\x06\x15\x14\
\x16327\x17\x06\x06#\x014\xa3_^\xa4dd\
\xa3^^\xa4cW\x8eQQ\x8eWW\x8eRR\x8e\
WVmm^*P\x1c\x18:>?DD?>\
:\x18\x1cP*\x05_\xa3dd\xa3^^\xa3dd\
\xa3_-R\x8fXX\x8eRR\x8eXX\x8fRa\
ucct\x1d\x195.PJJQ.5\x19\x1d\
\x00\x00\x04\x002\xff\xfb\x02\xfd\x02\xc6\x00\x0f\x00\x1f\x00\
2\x00;\x00h\xb1\x06dD@]2\x01\x05\x09\x01\
J\x06\x01\x04\x05\x03\x05\x04\x03~\x0a\x01\x01\x00\x02\x07\
\x01\x02g\x00\x07\x00\x08\x09\x07\x08e\x0c\x01\x09\x00\x05\
\x04\x09\x05g\x0b\x01\x03\x00\x00\x03W\x0b\x01\x03\x03\x00\
_\x00\x00\x03\x00O33\x10\x10\x00\x003;3:\
97-+*)(&#\x22\x10\x1f\x10\x1e\x18\x16\
\x00\x0f\x00\x0e&\x0d\x07\x15+\xb1\x06\x00D\x00\x16\x16\
\x15\x14\x06\x06#\x22&&54663\x1266\
54&&#\x22\x06\x06\x15\x14\x16\x163\x12\x17\x17\
#'&&##\x15#\x1132\x16\x15\x14\x06\x07\
&654&##\x153\x01\xfc\xa3^^\xa4c\
d\xa3_^\xa4dW\x8eQQ\x8eWW\x8eRR\
\x8eWb\x18MSO\x0c\x1b\x164J\xb1FL8\
4\x05((*^^\x02\xc6^\xa3dd\xa3__\
\xa3dd\xa3^\xfdbR\x8fXX\x8eRR\x8eX\
X\x8fR\x01\x0d&\x81\x87\x13\x0f\xa9\x01\xa6B;1\
@\x082!#$!\x89\x00\x00\x02\x00\x08\x01\x1c\x03\
C\x02\xc1\x00\x07\x00\x14\x00\x08\xb5\x0a\x08\x05\x01\x020\
+\x135!\x15#\x11#\x11%3\x11#\x11\x07#\
'\x11#\x113\x13\x08\x01_\x8aL\x02w;Cq\
2qD<\x92\x02\x82??\xfe\x9a\x01f?\xfe[\
\x01\x1a\xd7\xd4\xfe\xe9\x01\xa5\xfe\xe8\x00\x00\x02\x00%\x01\
\xa4\x01H\x02\xc6\x00\x0f\x00\x1b\x008\xb1\x06dD@\
-\x00\x00\x00\x02\x03\x00\x02g\x05\x01\x03\x01\x01\x03W\
\x05\x01\x03\x03\x01_\x04\x01\x01\x03\x01O\x10\x10\x00\x00\
\x10\x1b\x10\x1a\x16\x14\x00\x0f\x00\x0e&\x06\x07\x15+\xb1\
\x06\x00D\x12&&546632\x16\x16\x15\x14\
\x06\x06#6654&#\x22\x06\x15\x14\x163\x8e\
B''B)(B''B(&22&'\
22'\x01\xa4&B))B&&B))B\
&54((44((4\x00\x00\x01\x00\x5c\xff\
L\x00\xa9\x02\xc1\x00\x03\x00\x19@\x16\x00\x00\x00\x14K\
\x02\x01\x01\x01\x19\x01L\x00\x00\x00\x03\x00\x03\x11\x03\x07\
\x15+\x17\x113\x11\x5cM\xb4\x03u\xfc\x8b\x00\x02\x00\
\x5c\xffL\x00\xa9\x02\xc1\x00\x03\x00\x07\x00,@)\x04\
\x01\x01\x01\x00]\x00\x00\x00\x14K\x00\x02\x02\x03]\x05\
\x01\x03\x03\x19\x03L\x04\x04\x00\x00\x04\x07\x04\x07\x06\x05\
\x00\x03\x00\x03\x11\x06\x07\x15+\x13\x113\x11\x03\x113\
\x11\x5cMMM\x01s\x01N\xfe\xb2\xfd\xd9\x01N\xfe\
\xb2\x00\x01\x00\x14\x00\xa5\x011\x02\xc9\x00\x0b\x00'@\
$\x04\x01\x00\x03\x01\x01\x02\x00\x01e\x00\x02\x02\x05]\
\x06\x01\x05\x05\x14\x02L\x00\x00\x00\x0b\x00\x0b\x11\x11\x11\
\x11\x11\x07\x07\x19+\x13\x153\x15#\x11#\x11#5\
35\xc1pp=pp\x02\xc9x4\xfe\x88\x01x\
4x\x00\x00\x02\x00o\xff\xf1\x01\xbf\x02\xc6\x00\x1c\x00\
&\x00\x08\xb5&!\x09\x00\x020+\x04&55\x07\
'754632\x16\x15\x14\x06\x07\x06\x07\x15\x14\
3267\x17\x06\x06#\x03654&#\x22\x06\
\x15\x15\x01\x0293'Z?904;:\x0f\x0c\
8\x14(\x17\x1f\x1e=&\x1aE\x14\x12\x16\x18\x0fG\
8t=%g\xf0OT=+H~K\x12\x13\xa9\
L\x15\x170\x1d!\x01\xa8hM\x15 -5\x9f\x00\
\x01\x00\x14\x00\xa5\x011\x02\xc9\x00\x13\x005@2\x08\
\x01\x00\x07\x01\x01\x02\x00\x01e\x06\x01\x02\x05\x01\x03\x04\
\x02\x03e\x00\x04\x04\x09]\x0a\x01\x09\x09\x14\x04L\x00\
\x00\x00\x13\x00\x13\x11\x11\x11\x11\x11\x11\x11\x11\x11\x0b\x07\
\x1d+\x13\x153\x15#\x153\x15#\x15#5#5\
35#535\xc1pppp=pppp\
\x02\xc9w5\xcc4xx4\xcc5w\x00\x00\x02\x00\
2\xff\xfb\x03L\x02\xc6\x00\x1b\x00,\x00\x08\xb5#\x1c\
\x06\x00\x020+\x04&&546632\x16\x16\
\x15!\x22\x15\x15\x14\x17\x16\x1632673\x06\x06\
#\x132554'&&#\x22\x06\x07\x06\x15\x15\
\x143\x01F\xb5_a\xb4w\x90\xb2L\xfd}\x05\x07\
(|NQ|6G>\x92w\xf5\x05\x0a.\x84C\
@|2\x09\x05\x05_\xa0__\xa8fm\xaad\x06\
\xac\x15\x080165IB\x01o\x06\xbc\x0e\x0c7\
*-2\x09\x12\xbd\x06\x00\x04\x00W\x00\x00\x04\x1d\x02\
\xc6\x00\x0b\x00\x15\x00!\x00%\x00\xbd@\x0a\x11\x01\x06\
\x07\x0c\x01\x03\x09\x02JK\xb0\x15PX@(\x00\x08\
\x0c\x01\x09\x03\x08\x09e\x0b\x01\x07\x07\x00]\x05\x02\x02\
\x00\x00\x14K\x0a\x01\x01\x01\x06_\x00\x06\x06\x17K\x04\
\x01\x03\x03\x15\x03L\x1bK\xb0-PX@&\x00\x06\
\x0a\x01\x01\x08\x06\x01g\x00\x08\x0c\x01\x09\x03\x08\x09e\
\x0b\x01\x07\x07\x00]\x05\x02\x02\x00\x00\x14K\x04\x01\x03\
\x03\x15\x03L\x1b@*\x00\x06\x0a\x01\x01\x08\x06\x01g\
\x00\x08\x0c\x01\x09\x03\x08\x09e\x05\x01\x02\x02\x14K\x0b\
\x01\x07\x07\x00_\x00\x00\x00\x1cK\x04\x01\x03\x03\x15\x03\
LYY@\x22\x22\x22\x16\x16\x00\x00\x22%\x22%$\
#\x16!\x16 \x1c\x1a\x15\x14\x13\x12\x10\x0f\x0e\x0d\x00\
\x0b\x00\x0a$\x0d\x07\x15+\x00&54632\x16\
\x15\x14\x06#\x01\x113\x11#\x01\x11#\x113\x04\x06\
\x15\x14\x1632654&#\x035!\x15\x03B\
OOEFPPF\xfe\xb8M?\xfeWM?\x02\
\xcc''%''(&\x89\x01\x18\x01\x97TDC\
TTCDT\xfe\xf3\x027\xfd?\x027\xfd\xc9\x02\
\xc141-.11.-1\xfe\x5cCC\x00\x00\
\x01\x000\x00\x8d\x02(\x02u\x00\x06\x00!\xb1\x06d\
D@\x16\x02\x01\x00\x02\x01J\x00\x02\x00\x02\x83\x01\x01\
\x00\x00t\x11\x12\x10\x03\x07\x17+\xb1\x06\x00D%#\
\x03\x03#\x133\x02(D\xb8\xb8D\xdc@\x8d\x01\x9a\
\xfef\x01\xe8\x00\x00\x01\x00>\x01\xac\x00\x9e\x02\xc1\x00\
\x03\x00\x19@\x16\x02\x01\x01\x01\x00]\x00\x00\x00\x14\x01\
L\x00\x00\x00\x03\x00\x03\x11\x03\x07\x15+\x13\x033\x03\
T\x16`\x14\x01\xac\x01\x15\xfe\xeb\x00\x00\x02\x00>\x01\
\xac\x01f\x02\xc1\x00\x03\x00\x07\x00$@!\x05\x03\x04\
\x03\x01\x01\x00]\x02\x01\x00\x00\x14\x01L\x04\x04\x00\x00\
\x04\x07\x04\x07\x06\x05\x00\x03\x00\x03\x11\x06\x07\x15+\x13\
\x033\x033\x033\x03T\x16`\x14\x92\x16`\x14\x01\
\xac\x01\x15\xfe\xeb\x01\x15\xfe\xeb\x00\x02\xfe\xe8\x02b\xff\
\xec\x02\xb7\x00\x03\x00\x07\x00%\xb1\x06dD@\x1a\x02\
\x01\x00\x01\x01\x00U\x02\x01\x00\x00\x01]\x03\x01\x01\x00\
\x01M\x11\x11\x11\x10\x04\x07\x18+\xb1\x06\x00D\x013\
\x15#73\x15#\xfe\xe8YY\xabYY\x02\xb7U\
UU\x00\x00\x01\xff9\x02_\xff\x9b\x02\xba\x00\x03\x00\
 \xb1\x06dD@\x15\x00\x00\x01\x01\x00U\x00\x00\x00\
\x01]\x00\x01\x00\x01M\x11\x10\x02\x07\x16+\xb1\x06\x00\
D\x033\x15#\xc7bb\x02\xba[\x00\x01\xfe\xc6\x02\
'\xff\x86\x02\xf1\x00\x03\x00\x1f\xb1\x06dD@\x14\x00\
\x00\x01\x00\x83\x02\x01\x01\x01t\x00\x00\x00\x03\x00\x03\x11\
\x03\x07\x15+\xb1\x06\x00D\x03'3\x17\xb2\x88]c\
\x02'\xca\xca\x00\x00\x01\xffN\x02'\x00\x0e\x02\xf1\x00\
\x03\x00\x19\xb1\x06dD@\x0e\x00\x01\x00\x01\x83\x00\x00\
\x00t\x11\x10\x02\x07\x16+\xb1\x06\x00D\x03#73\
z8c]\x02'\xca\x00\x02\xff\x19\x02'\x00\x0a\x02\
\xf1\x00\x03\x00\x07\x00\x1d\xb1\x06dD@\x12\x03\x01\x01\
\x00\x01\x83\x02\x01\x00\x00t\x11\x11\x11\x10\x04\x07\x18+\
\xb1\x06\x00D\x03#73\x17#73\xbe).J\
*)-K\x02'\xca\xca\xca\x00\x01\xffj\x02\x03\xff\
\xb0\x02\xc1\x00\x03\x00\x13@\x10\x00\x00\x00\x01]\x00\x01\
\x01\x14\x00L\x11\x10\x02\x07\x16+\x03#53j,\
F\x02\x03\xbe\x00\x00\x01\xfe\xd8\x02'\xff\xfc\x02\xf1\x00\
\x06\x00!\xb1\x06dD@\x16\x06\x01\x00\x01\x01J\x00\
\x01\x00\x01\x83\x02\x01\x00\x00t\x11\x11\x10\x03\x07\x17+\
\xb1\x06\x00D\x03#73\x17#'\xdeJv8v\
JH\x02'\xca\xca\x8f\x00\x01\xfe\xd8\x02'\xff\xfc\x02\
\xf1\x00\x06\x00!\xb1\x06dD@\x16\x06\x01\x01\x00\x01\
J\x02\x01\x00\x01\x00\x83\x00\x01\x01t\x11\x11\x10\x03\x07\
\x17+\xb1\x06\x00D\x033\x07#'3\x17NJv\
8vJH\x02\xf1\xca\xca\x8f\x00\x01\xfe\xc5\x02E\x00\
\x0f\x02\xd9\x00\x0b\x00-\xb1\x06dD@\x22\x08\x07\x03\
\x02\x04\x00H\x00\x00\x01\x01\x00W\x00\x00\x00\x01_\x02\
\x01\x01\x00\x01O\x00\x00\x00\x0b\x00\x0a$\x03\x07\x15+\
\xb1\x06\x00D\x02&'7\x16327\x17\x06\x06#\
\xcdY\x153)II)3\x14Y8\x02E>A\
\x15XX\x15A>\x00\x00\x02\xff\x05\x02)\xff\xcf\x02\
\xef\x00\x0b\x00\x17\x008\xb1\x06dD@-\x00\x00\x00\
\x02\x03\x00\x02g\x05\x01\x03\x01\x01\x03W\x05\x01\x03\x03\
\x01_\x04\x01\x01\x03\x01O\x0c\x0c\x00\x00\x0c\x17\x0c\x16\
\x12\x10\x00\x0b\x00\x0a$\x06\x07\x15+\xb1\x06\x00D\x02\
&54632\x16\x15\x14\x06#6654&\
#\x22\x06\x15\x14\x163\xc0;;**;;*\x15\
\x1b\x1b\x15\x15\x1b\x1b\x15\x02)9**99**\
91\x1d\x15\x15\x1d\x1d\x15\x15\x1d\x00\x00\x01\xfe\xc9\x02\
S\x00\x0b\x02\xc8\x00\x19\x00.\xb1\x06dD@#\x00\
\x01\x04\x03\x01W\x02\x01\x00\x00\x04\x03\x00\x04g\x00\x01\
\x01\x03_\x05\x01\x03\x01\x03O\x12$\x22\x12$!\x06\
\x07\x1a+\xb1\x06\x00D\x00632\x16\x17\x16\x163\
2653\x14\x06#\x22&'&&#\x22\x06\x15\
#\xfe\xc91(\x15&\x19\x17\x17\x0c\x16\x18-1(\
\x15&\x19\x17\x17\x0c\x16\x18-\x02\x8c<\x11\x10\x0d\x0b\
\x1f\x176<\x11\x10\x0d\x0b\x1f\x17\x00\x00\x01\xfe\xd4\x02\
n\x00\x00\x02\xab\x00\x03\x00&\xb1\x06dD@\x1b\x00\
\x00\x01\x01\x00U\x00\x00\x00\x01]\x02\x01\x01\x00\x01M\
\x00\x00\x00\x03\x00\x03\x11\x03\x07\x15+\xb1\x06\x00D\x01\
5!\x15\xfe\xd4\x01,\x02n==\x00\x01\xff\x1f\x02\
'\xff\xd3\x02\xf5\x00\x19\x000\xb1\x06dD@%\x0e\
\x01\x01\x02\x0d\x01\x00\x01\x02J\x00\x00\x01\x00\x84\x00\x02\
\x01\x01\x02W\x00\x02\x02\x01_\x00\x01\x02\x01O#)\
\x10\x03\x07\x17+\xb1\x06\x00D\x03#54676\
654&#\x22\x07'632\x16\x15\x14\x06\x07\
\x06\x06\x15z4\x14\x12\x0e\x0b\x15\x14\x1a \x0f((\
/5\x15\x15\x12\x11\x02'\x1c\x15\x1d\x10\x0e\x0e\x09\x0c\
\x0d\x0b,\x11'\x1e\x17\x1c\x10\x0f\x15\x11\x00\x00\x02\xfe\
\xca\x02'\xff\xbb\x02\xf1\x00\x03\x00\x07\x00*\xb1\x06d\
D@\x1f\x02\x01\x00\x01\x00\x83\x05\x03\x04\x03\x01\x01t\
\x04\x04\x00\x00\x04\x07\x04\x07\x06\x05\x00\x03\x00\x03\x11\x06\
\x07\x15+\xb1\x06\x00D\x03'3\x173'3\x17\xe7\
OK-POJ.\x02'\xca\xca\xca\xca\x00\x01\xfe\
\xc5\x02D\x00\x0f\x02\xd8\x00\x0b\x00.\xb1\x06dD@\
#\x08\x07\x03\x02\x04\x00G\x02\x01\x01\x00\x00\x01W\x02\
\x01\x01\x01\x00_\x00\x00\x01\x00O\x00\x00\x00\x0b\x00\x0a\
$\x03\x07\x15+\xb1\x06\x00D\x02\x16\x17\x07&#\x22\
\x07'663_Y\x153)II)3\x14Y\
8\x02\xd8>@\x16XX\x15A>\x00\x01\xff9\x02\
D\xff\x9b\x02\xff\x00\x0a\x00,\xb1\x06dD@!\x07\
\x06\x02\x01H\x02\x01\x01\x00\x00\x01U\x02\x01\x01\x01\x00\
]\x00\x00\x01\x00M\x00\x00\x00\x0a\x00\x0a\x11\x03\x07\x15\
+\xb1\x06\x00D\x03\x15#5467\x17\x06\x06\x07\
eb\x17\x1c$\x12\x10\x02\x02\x97S:(>\x1b\x1b\
\x13%\x15\x00\x01\xffi\x01\xb9\x00\x1f\x02h\x00\x0a\x00\
,\xb1\x06dD@!\x00\x01\x02\x00\x01J\x00\x01\x00\
\x01\x83\x00\x00\x02\x02\x00W\x00\x00\x00\x02_\x00\x02\x00\
\x02O\x13\x13\x11\x03\x07\x17+\xb1\x06\x00D\x0356\
6553\x15\x14\x06\x07\x97>0HJB\x01\xd5\
\x16\x013:\x0f\x1aBO\x04\x00\x01\xff<\xffJ\xff\
\x98\xff\xa2\x00\x03\x00 \xb1\x06dD@\x15\x00\x00\x01\
\x01\x00U\x00\x00\x00\x01]\x00\x01\x00\x01M\x11\x10\x02\
\x07\x16+\xb1\x06\x00D\x073\x15#\xc4\x5c\x5c^X\
\x00\x00\x02\xfe\xe8\xffK\xff\xec\xff\xa1\x00\x03\x00\x07\x00\
%\xb1\x06dD@\x1a\x02\x01\x00\x01\x01\x00U\x02\x01\
\x00\x00\x01]\x03\x01\x01\x00\x01M\x11\x11\x11\x10\x04\x07\
\x18+\xb1\x06\x00D\x053\x15#73\x15#\xfe\xe8\
YY\xabYY_VVV\x00\x01\xff9\xfe\xfd\xff\
\x9b\xff\xb8\x00\x0a\x00,\xb1\x06dD@!\x05\x04\x02\
\x00G\x02\x01\x01\x00\x00\x01U\x02\x01\x01\x01\x00]\x00\
\x00\x01\x00M\x00\x00\x00\x0a\x00\x0a\x18\x03\x07\x15+\xb1\
\x06\x00D\x07\x15\x14\x06\x07'667#5e\x17\
\x1c%\x13\x10\x02/H:(>\x1b\x1b\x13%\x15S\
\x00\x00\x01\xff\x13\xff?\xff\xdf\x00\x14\x00\x19\x00v\xb1\
\x06dD@\x10\x17\x14\x02\x02\x04\x13\x09\x02\x01\x02\x08\
\x01\x00\x01\x03JK\xb0\x15PX@ \x05\x01\x04\x03\
\x02\x03\x04p\x00\x03\x00\x02\x01\x03\x02g\x00\x01\x00\x00\
\x01W\x00\x01\x01\x00_\x00\x00\x01\x00O\x1b@!\x05\
\x01\x04\x03\x02\x03\x04\x02~\x00\x03\x00\x02\x01\x03\x02g\
\x00\x01\x00\x00\x01W\x00\x01\x01\x00_\x00\x00\x01\x00O\
Y@\x0d\x00\x00\x00\x19\x00\x18\x13$$$\x06\x07\x18\
+\xb1\x06\x00D\x06\x16\x15\x14\x06#\x22&'7\x16\
32654&#\x22\x07'73\x0763M\
,=7\x151\x12\x0d$(\x1b\x1c\x12\x11\x16\x17\x14\
\x0b8\x07\x10\x08)#\x22$/\x0a\x09+\x0e\x12\x11\
\x0d\x0e\x09\x10`?\x02\x00\x01\xfe\xd5\xff?\xff\xa0\x00\
*\x00\x11\x002\xb1\x06dD@'\x0f\x01\x01\x00\x01\
J\x0e\x06\x05\x03\x00H\x00\x00\x01\x01\x00W\x00\x00\x00\
\x01_\x02\x01\x01\x00\x01O\x00\x00\x00\x11\x00\x10+\x03\
\x07\x15+\xb1\x06\x00D\x06&5467\x17\x06\x06\
\x15\x14\x16327\x17\x06#\xeaAGA\x0d++\
#\x1f\x1a\x1f\x11'/\xc1;.2F\x0a \x09-\
!\x1e!\x11/\x17\x00\x00\x01\xfe\xc5\xff-\x00\x0f\xff\
\xc1\x00\x0d\x00-\xb1\x06dD@\x22\x0a\x09\x03\x02\x04\
\x00H\x00\x00\x01\x01\x00W\x00\x00\x00\x01_\x02\x01\x01\
\x00\x01O\x00\x00\x00\x0d\x00\x0c%\x03\x07\x15+\xb1\x06\
\x00D\x06&'7\x16\x163267\x17\x06\x06#\
\xcdY\x153\x168$$8\x163\x14Y8\xd3>\
@\x16/**/\x15A>\x00\x01\xfe\xd4\xffX\x00\
\x00\xff\x93\x00\x03\x00&\xb1\x06dD@\x1b\x00\x00\x01\
\x01\x00U\x00\x00\x00\x01]\x02\x01\x01\x00\x01M\x00\x00\
\x00\x03\x00\x03\x11\x03\x07\x15+\xb1\x06\x00D\x055!\
\x15\xfe\xd4\x01,\xa8;;\x00\x00\x01\xfe\xd4\x00\xda\x00\
\x00\x01\x11\x00\x03\x00&\xb1\x06dD@\x1b\x00\x00\x01\
\x01\x00U\x00\x00\x00\x01]\x02\x01\x01\x00\x01M\x00\x00\
\x00\x03\x00\x03\x11\x03\x07\x15+\xb1\x06\x00D%5!\
\x15\xfe\xd4\x01,\xda77\x00\x00\x02\xfe\xe8\x03\x1f\xff\
\xec\x03u\x00\x03\x00\x07\x00\x1d@\x1a\x02\x01\x00\x01\x01\
\x00U\x02\x01\x00\x00\x01]\x03\x01\x01\x00\x01M\x11\x11\
\x11\x10\x04\x07\x18+\x013\x15#73\x15#\xfe\xe8\
YY\xabYY\x03uVVV\x00\x00\x01\xff9\x03\
\x1c\xff\x9b\x03w\x00\x03\x00\x18@\x15\x00\x00\x01\x01\x00\
U\x00\x00\x00\x01]\x00\x01\x00\x01M\x11\x10\x02\x07\x16\
+\x033\x15#\xc7bb\x03w[\x00\x01\xfe\xc9\x02\
\xfd\xff\x86\x03\x95\x00\x03\x00\x17@\x14\x00\x00\x01\x00\x83\
\x02\x01\x01\x01t\x00\x00\x00\x03\x00\x03\x11\x03\x07\x15+\
\x03'3\x17\xb2\x85Xe\x02\xfd\x98\x98\x00\x00\x01\xff\
N\x02\xfd\x00\x0b\x03\x95\x00\x03\x00\x11@\x0e\x00\x01\x00\
\x01\x83\x00\x00\x00t\x11\x10\x02\x07\x16+\x03#73\
z8eX\x02\xfd\x98\x00\x01\xff>\x02\xfd\xff\xf8\x03\
\x95\x00\x06\x00'@$\x03\x01\x00\x02\x01J\x03\x01\x02\
\x00\x00\x02U\x03\x01\x02\x02\x00]\x01\x01\x00\x02\x00M\
\x00\x00\x00\x06\x00\x06\x12\x11\x04\x07\x16+\x03\x07#7\
\x07#7\x08b+\x05\x07+F\x03\x95\x98\x0b\x0b\x98\
\x00\x00\x01\xfe\xd8\x02\xfd\xff\xfc\x03\x95\x00\x06\x00\x19@\
\x16\x06\x01\x00\x01\x01J\x00\x01\x00\x01\x83\x02\x01\x00\x00\
t\x11\x11\x10\x03\x07\x17+\x03#73\x17#'\xdf\
Iw6wII\x02\xfd\x98\x98g\x00\x01\xfe\xd8\x02\
\xfd\xff\xfc\x03\x95\x00\x06\x00\x19@\x16\x06\x01\x01\x00\x01\
J\x02\x01\x00\x01\x00\x83\x00\x01\x01t\x11\x11\x10\x03\x07\
\x17+\x033\x07#'3\x17MIw6wII\
\x03\x95\x98\x98h\x00\x01\xfe\xc7\x03\x09\x00\x0d\x03\x89\x00\
\x0d\x00%@\x22\x0a\x09\x03\x02\x04\x00H\x00\x00\x01\x01\
\x00W\x00\x00\x00\x01_\x02\x01\x01\x00\x01O\x00\x00\x00\
\x0d\x00\x0c%\x03\x07\x15+\x02&'7\x16\x1632\
67\x17\x06\x06#\xceU\x163\x165%%5\x16\
3\x16U8\x03\x0937\x16(\x1e\x1e(\x1673\
\x00\x00\x02\xff\x05\x02\xf8\xff\xcf\x03\xbe\x00\x0b\x00\x17\x00\
0@-\x00\x00\x00\x02\x03\x00\x02g\x05\x01\x03\x01\x01\
\x03W\x05\x01\x03\x03\x01_\x04\x01\x01\x03\x01O\x0c\x0c\
\x00\x00\x0c\x17\x0c\x16\x12\x10\x00\x0b\x00\x0a$\x06\x07\x15\
+\x02&54632\x16\x15\x14\x06#665\
4&#\x22\x06\x15\x14\x163\xc0;;**;;\
*\x15\x1b\x1b\x15\x15\x1b\x1b\x15\x02\xf89**99\
**91\x1d\x15\x15\x1d\x1d\x15\x15\x1d\x00\x00\x01\xfe\
\xc9\x03\x0f\x00\x0b\x03\x85\x00\x19\x00&@#\x00\x01\x04\
\x03\x01W\x02\x01\x00\x00\x04\x03\x00\x04g\x00\x01\x01\x03\
_\x05\x01\x03\x01\x03O\x12$\x22\x12$!\x06\x07\x1a\
+\x00632\x16\x17\x16\x1632653\x14\x06\
#\x22&'&&#\x22\x06\x15#\xfe\xc91(\x15\
&\x19\x15\x19\x0c\x16\x18-1(\x15&\x19\x15\x19\x0c\
\x16\x18-\x03H=\x11\x10\x0d\x0c \x176=\x11\x10\
\x0d\x0c \x17\x00\x00\x01\xfe\xd4\x03+\x00\x00\x03h\x00\
\x03\x00\x1e@\x1b\x00\x00\x01\x01\x00U\x00\x00\x00\x01]\
\x02\x01\x01\x00\x01M\x00\x00\x00\x03\x00\x03\x11\x03\x07\x15\
+\x015!\x15\xfe\xd4\x01,\x03+==\x00\x01\xff\
\x1f\x02\xfd\xff\xd3\x03\x99\x00\x19\x00J@\x0a\x0e\x01\x01\
\x02\x0d\x01\x00\x01\x02JK\xb0\x0bPX@\x16\x00\x00\
\x01\x01\x00o\x00\x02\x01\x01\x02W\x00\x02\x02\x01_\x00\
\x01\x02\x01O\x1b@\x15\x00\x00\x01\x00\x84\x00\x02\x01\x01\
\x02W\x00\x02\x02\x01_\x00\x01\x02\x01OY\xb5#)\
\x10\x03\x07\x17+\x03#54676654&\
#\x22\x07'632\x16\x15\x14\x06\x07\x06\x06\x15{\
5\x16\x13\x0e\x0c\x16\x13\x1d \x0e'*.5\x18\x16\
\x11\x0f\x02\xfd\x12\x11\x15\x09\x08\x09\x07\x09\x0a\x0c+\x11\
#\x1d\x13\x16\x0a\x09\x0c\x0a\x00\x00\x02\xfe\xb7\x02\xfd\xff\
\xbc\x03\x95\x00\x03\x00\x07\x00*@'\x02\x01\x00\x01\x01\
\x00U\x02\x01\x00\x00\x01]\x05\x03\x04\x03\x01\x00\x01M\
\x04\x04\x00\x00\x04\x07\x04\x07\x06\x05\x00\x03\x00\x03\x11\x06\
\x07\x15+\x03'3\x173'3\x17\xe8aFGL\
bGG\x02\xfd\x98\x98\x98\x98\x00\x01\xfe\xc7\x03\x0a\x00\
\x0d\x03\x8a\x00\x0d\x00&@#\x0a\x09\x03\x02\x04\x00G\
\x02\x01\x01\x00\x00\x01W\x02\x01\x01\x01\x00_\x00\x00\x01\
\x00O\x00\x00\x00\x0d\x00\x0c%\x03\x07\x15+\x02\x16\x17\
\x07&&#\x22\x06\x07'663^U\x163\x16\
5%%5\x163\x16U8\x03\x8a37\x16(\x1e\
\x1e(\x1673\x00\x01\xff9\x02\xfd\xff\x9b\x03\xa3\x00\
\x08\x00$@!\x06\x05\x02\x01H\x02\x01\x01\x00\x00\x01\
U\x02\x01\x01\x01\x00]\x00\x00\x01\x00M\x00\x00\x00\x08\
\x00\x08\x11\x03\x07\x15+\x03\x15#547\x17\x06\x07\
eb3$\x1d\x05\x03IL/G0\x1b\x1e!\x00\
\x01\x00b\x027\x00\xc4\x02\xf1\x00\x0a\x00,\xb1\x06d\
D@!\x05\x04\x02\x00G\x02\x01\x01\x00\x00\x01U\x02\
\x01\x01\x01\x00]\x00\x00\x01\x00M\x00\x00\x00\x0a\x00\x0a\
\x18\x03\x07\x15+\xb1\x06\x00D\x13\x15\x14\x06\x07'6\
67#5\xc4\x17\x1c$\x12\x10\x02/\x02\xf19(\
>\x1b\x1b\x14$\x15R\x00\x01\x00e\x02D\x00\xc7\x02\
\xff\x00\x0a\x00,\xb1\x06dD@!\x07\x06\x02\x01H\
\x02\x01\x01\x00\x00\x01U\x02\x01\x01\x01\x00]\x00\x00\x01\
\x00M\x00\x00\x00\x0a\x00\x0a\x11\x03\x07\x15+\xb1\x06\x00\
D\x13\x15#5467\x17\x06\x06\x07\xc7b\x17\x1c\
$\x12\x10\x02\x02\x97S:(>\x1b\x1b\x13%\x15\x00\
\x01\x00\x00\x02n\x01,\x02\xab\x00\x03\x00&\xb1\x06d\
D@\x1b\x00\x00\x01\x01\x00U\x00\x00\x00\x01]\x02\x01\
\x01\x00\x01M\x00\x00\x00\x03\x00\x03\x11\x03\x07\x15+\xb1\
\x06\x00D\x115!\x15\x01,\x02n==\x00\x01\xff\
\xf2\x02'\x00\xb2\x02\xf1\x00\x03\x00\x1f\xb1\x06dD@\
\x14\x00\x00\x01\x00\x83\x02\x01\x01\x01t\x00\x00\x00\x03\x00\
\x03\x11\x03\x07\x15+\xb1\x06\x00D\x13'3\x17z\x88\
]c\x02'\xca\xca\x00\x00\x01\x001\x02*\x00\x96\x02\
\xf0\x00\x0d\x00*\xb1\x06dD@\x1f\x00\x03\x00\x00\x01\
\x03\x00g\x00\x01\x02\x02\x01W\x00\x01\x01\x02_\x00\x02\
\x01\x02O\x14\x11\x14\x10\x04\x07\x18+\xb1\x06\x00D\x13\
\x22\x06\x15\x14\x163\x15\x22&5463\x96\x15\x1b\
\x1b\x15*;;*\x02\xbf\x1d\x15\x15\x1d19**\
9\x00\x01\x00\x96\x02*\x00\xfb\x02\xf0\x00\x0d\x000\xb1\
\x06dD@%\x04\x01\x03\x00\x02\x01\x03\x02g\x00\x01\
\x00\x00\x01W\x00\x01\x01\x00_\x00\x00\x01\x00O\x00\x00\
\x00\x0d\x00\x0d\x14\x11\x14\x05\x07\x17+\xb1\x06\x00D\x12\
\x16\x15\x14\x06#52654&#5\xc0;;\
*\x15\x1b\x1b\x15\x02\xf09**91\x1d\x15\x15\x1d\
1\x00\x01\x00z\x02'\x01:\x02\xf1\x00\x03\x00\x19\xb1\
\x06dD@\x0e\x00\x01\x00\x01\x83\x00\x00\x00t\x11\x10\
\x02\x07\x16+\xb1\x06\x00D\x13#73\xb28c]\
\x02'\xca\x00\x01\x00\x91\xff(\x00\x9b\xff\x84\x00\x03\x00\
 \xb1\x06dD@\x15\x00\x00\x01\x01\x00U\x00\x00\x00\
\x01]\x00\x01\x00\x01M\x11\x10\x02\x07\x16+\xb1\x06\x00\
D\x173\x15#\x91\x0a\x0a|\x5c\x00\x00\x01\x00\x91\x02\
^\x00\x9b\x02\xba\x00\x03\x00 \xb1\x06dD@\x15\x00\
\x00\x01\x01\x00U\x00\x00\x00\x01]\x00\x01\x00\x01M\x11\
\x10\x02\x07\x16+\xb1\x06\x00D\x133\x15#\x91\x0a\x0a\
\x02\xba\x5c\x00\x01\x001\x02\xf8\x00\x96\x03\xbe\x00\x0d\x00\
\x22@\x1f\x00\x03\x00\x00\x01\x03\x00g\x00\x01\x02\x02\x01\
W\x00\x01\x01\x02_\x00\x02\x01\x02O\x14\x11\x14\x10\x04\
\x07\x18+\x13\x22\x06\x15\x14\x163\x15\x22&546\
3\x96\x15\x1b\x1b\x15*;;*\x03\x8d\x1d\x15\x15\x1d\
19**9\x00\x01\x00\x96\x02\xf8\x00\xfb\x03\xbe\x00\
\x0d\x00(@%\x04\x01\x03\x00\x02\x01\x03\x02g\x00\x01\
\x00\x00\x01W\x00\x01\x01\x00_\x00\x00\x01\x00O\x00\x00\
\x00\x0d\x00\x0d\x14\x11\x14\x05\x07\x17+\x12\x16\x15\x14\x06\
#52654&#5\xc0;;*\x15\x1b\x1b\
\x15\x03\xbe9**91\x1d\x15\x15\x1d1\xff\xff\x00\
z\x02'\x01:\x02\xf1\x00\x03\x02\xbc\x01,\x00\x00\xff\
\xff\xff\xf1\x02E\x01;\x02\xd9\x00\x03\x02\xc1\x01,\x00\
\x00\xff\xff\x00\x04\x02'\x01(\x02\xf1\x00\x03\x02\xc0\x01\
,\x00\x00\x00\x01\x00?\xff?\x01\x0b\x00\x14\x00\x19\x00\
v\xb1\x06dD@\x10\x17\x14\x02\x02\x04\x13\x09\x02\x01\
\x02\x08\x01\x00\x01\x03JK\xb0\x15PX@ \x05\x01\
\x04\x03\x02\x03\x04p\x00\x03\x00\x02\x01\x03\x02g\x00\x01\
\x00\x00\x01W\x00\x01\x01\x00_\x00\x00\x01\x00O\x1b@\
!\x05\x01\x04\x03\x02\x03\x04\x02~\x00\x03\x00\x02\x01\x03\
\x02g\x00\x01\x00\x00\x01W\x00\x01\x01\x00_\x00\x00\x01\
\x00OY@\x0d\x00\x00\x00\x19\x00\x18\x13$$$\x06\
\x07\x18+\xb1\x06\x00D\x16\x16\x15\x14\x06#\x22&'\
7\x1632654&#\x22\x07'73\x076\
3\xdf,=7\x151\x12\x0d$(\x1b\x1c\x12\x11\x16\
\x17\x14\x0b8\x07\x10\x08)#\x22$/\x0a\x09+\x0e\
\x12\x11\x0d\x0e\x09\x10`?\x02\xff\xff\x00\x04\x02'\x01\
(\x02\xf1\x00\x03\x02\xbf\x01,\x00\x00\xff\xff\x00\x14\x02\
b\x01\x18\x02\xb7\x00\x03\x02\xb9\x01,\x00\x00\xff\xff\x00\
e\x02_\x00\xc7\x02\xba\x00\x03\x02\xba\x01,\x00\x00\xff\
\xff\xff\xf2\x02'\x00\xb2\x02\xf1\x00\x03\x02\xbb\x01,\x00\
\x00\xff\xff\x00E\x02'\x016\x02\xf1\x00\x03\x02\xbd\x01\
,\x00\x00\xff\xff\x00\x00\x02n\x01,\x02\xab\x00\x03\x02\
\xc4\x01,\x00\x00\xff\xff\x00\x01\xff?\x00\xcc\x00*\x00\
\x03\x02\xce\x01,\x00\x00\xff\xff\x001\x02)\x00\xfb\x02\
\xef\x00\x03\x02\xc2\x01,\x00\x00\xff\xff\xff\xf5\x02S\x01\
7\x02\xc8\x00\x03\x02\xc3\x01,\x00\x00\x00\x02\xfe\xc7\x02\
\x22\x00\x0d\x03\x1c\x00\x03\x00\x11\x006@3\x0d\x07\x02\
\x00\x01\x0e\x06\x02\x02\x00\x02J\x00\x01\x00\x01\x83\x00\x00\
\x02\x00\x83\x00\x02\x03\x03\x02W\x00\x02\x02\x03_\x04\x01\
\x03\x02\x03O\x04\x04\x04\x11\x04\x10&\x11\x10\x05\x07\x17\
+\x03#73\x06&'7\x16\x163267\x17\
\x06\x06#{6dV\xd7U\x16/\x169%%9\
\x16/\x16U8\x02\x8e\x8e\xfa37\x14'  '\
\x1473\x00\x02\xfe\xc7\x02\x22\x00\x0d\x03\x1c\x00\x03\x00\
\x11\x00=@:\x0d\x07\x02\x01\x00\x0e\x06\x02\x02\x01\x02\
J\x00\x00\x01\x00\x83\x04\x01\x01\x02\x01\x83\x00\x02\x03\x03\
\x02W\x00\x02\x02\x03_\x05\x01\x03\x02\x03O\x04\x04\x00\
\x00\x04\x11\x04\x10\x0b\x09\x00\x03\x00\x03\x11\x06\x07\x15+\
\x03'3\x17\x06&'7\x16\x163267\x17\x06\
\x06#\xb1\x84VdSU\x16/\x169%%9\x16\
/\x16U8\x02\x8e\x8e\x8el37\x14'  '\
\x1473\x00\x02\xfe\xc7\x02\x22\x00\x0d\x03!\x00\x19\x00\
'\x00o@\x11\x0e\x01\x01\x02#\x1d\x0d\x03\x00\x01$\
\x1c\x02\x03\x00\x03JK\xb0\x0dPX@ \x00\x00\x01\
\x03\x01\x00p\x00\x02\x00\x01\x00\x02\x01g\x00\x03\x04\x04\
\x03W\x00\x03\x03\x04_\x05\x01\x04\x03\x04O\x1b@!\
\x00\x00\x01\x03\x01\x00\x03~\x00\x02\x00\x01\x00\x02\x01g\
\x00\x03\x04\x04\x03W\x00\x03\x03\x04_\x05\x01\x04\x03\x04\
OY@\x0d\x1a\x1a\x1a'\x1a&.#)\x10\x06\x07\
\x18+\x03#54676654&#\x22\x07\
'632\x16\x15\x14\x06\x07\x06\x06\x15\x06&'7\
\x16\x163267\x17\x06\x06#{5\x16\x14\x0d\x0c\
\x16\x13\x1d \x0e*'.5\x16\x17\x10\x11SU\x16\
/\x169%%9\x16/\x16U8\x02\x8e\x11\x11\x13\
\x08\x06\x08\x06\x08\x0a\x0c+\x11#\x1c\x12\x12\x0b\x07\x0c\
\x09u37\x14'  '\x1473\x00\x00\x02\xfe\
\xc7\x02\x22\x00\x0d\x03$\x00\x19\x00'\x00?@<$\
#\x1d\x1c\x04\x06\x03\x01J\x02\x01\x00\x00\x04\x03\x00\x04\
g\x00\x01\x05\x01\x03\x06\x01\x03g\x00\x06\x07\x07\x06W\
\x00\x06\x06\x07_\x08\x01\x07\x06\x07O\x1a\x1a\x1a'\x1a\
&&\x12$\x22\x12$!\x09\x07\x1b+\x00632\
\x16\x17\x16\x1632653\x14\x06#\x22&'&\
&#\x22\x06\x15#\x16&'7\x16\x163267\
\x17\x06\x06#\xfe\xc91(\x15%\x1a\x17\x17\x0c\x16\x18\
-1(\x15%\x1a\x17\x17\x0c\x16\x18-iU\x16/\
\x169%%9\x16/\x16U8\x02\xeb9\x0f\x0f\x0c\
\x0a\x1c\x15.9\x0f\x0f\x0c\x0a\x1c\x15\x9b37\x14'\
  '\x1473\x00\x00\x02\xfe\xd8\x02'\x00o\x03\
\x1c\x00\x03\x00\x0a\x00)@&\x0a\x01\x02\x00\x01J\x00\
\x01\x03\x01\x83\x00\x00\x03\x02\x03\x00\x02~\x04\x01\x02\x02\
\x82\x00\x03\x03\x14\x03L\x11\x11\x11\x11\x10\x05\x07\x19+\
\x03#73\x05#73\x17#'\x101[U\xfe\
\xb2Iw6wII\x02\x8e\x8e\xf5\x93\x93c\x00\x00\
\x02\xfe\xd8\x02'\x00\x1b\x03\x1c\x00\x03\x00\x0a\x000@\
-\x0a\x01\x02\x01\x01J\x05\x01\x01\x03\x02\x03\x01\x02~\
\x00\x00\x04\x01\x02\x00\x02a\x00\x03\x03\x14\x03L\x00\x00\
\x09\x08\x07\x06\x05\x04\x00\x03\x00\x03\x11\x06\x07\x15+\x03\
'3\x17\x07#73\x17#'\x17pUM\xfaI\
w6wII\x02\x8e\x8e\x8eg\x93\x93c\x00\x02\xfe\
\xd8\x02'\x00A\x03!\x00\x19\x00 \x00\x5c@\x0e\x0e\
\x01\x01\x02\x0d\x01\x04\x01 \x01\x03\x00\x03JK\xb0\x0d\
PX@\x1a\x00\x00\x04\x03\x01\x00p\x05\x01\x03\x03\x82\
\x00\x02\x00\x01\x04\x02\x01g\x00\x04\x04\x14\x04L\x1b@\
\x1b\x00\x00\x04\x03\x04\x00\x03~\x05\x01\x03\x03\x82\x00\x02\
\x00\x01\x04\x02\x01g\x00\x04\x04\x14\x04LY@\x09\x11\
\x11\x19#)\x10\x06\x07\x1a+\x03#54676\
654&#\x22\x07'632\x16\x15\x14\x06\x07\
\x06\x06\x15\x07#73\x17#'\x0d5\x16\x14\x0d\x0c\
\x16\x13\x1d \x0e*'.5\x16\x17\x10\x11\xd2Iw\
6wII\x02\x8e\x11\x11\x13\x08\x06\x08\x06\x08\x0a\x0c\
+\x11#\x1c\x12\x12\x0b\x07\x0c\x09p\x93\x93c\x00\x00\
\x02\xfe\xc9\x02'\x00\x0b\x03-\x00\x19\x00 \x003@\
0 \x01\x06\x07\x01J\x08\x01\x06\x07\x06\x84\x02\x01\x00\
\x00\x04\x03\x00\x04g\x00\x01\x05\x01\x03\x07\x01\x03h\x00\
\x07\x07\x14\x07L\x11\x11\x11\x12$\x22\x12$!\x09\x07\
\x1d+\x00632\x16\x17\x16\x1632653\x14\
\x06#\x22&'&&#\x22\x06\x15#\x17#73\
\x17#'\xfe\xc92'\x15&\x19\x0f\x1f\x0c\x15\x19-\
1(\x15&\x19\x0f\x1f\x0c\x15\x19-XIw6w\
II\x02\xf48\x0d\x0c\x07\x0b\x1a\x12+7\x0d\x0c\x07\
\x0b\x1b\x12\xa2\x93\x93c\x00\x02\xfe\xc7\x02\xf8\x00\x0d\x03\
\xf1\x00\x03\x00\x11\x006@3\x0d\x07\x02\x00\x01\x0e\x06\
\x02\x02\x00\x02J\x00\x01\x00\x01\x83\x00\x00\x02\x00\x83\x00\
\x02\x03\x03\x02W\x00\x02\x02\x03_\x04\x01\x03\x02\x03O\
\x04\x04\x04\x11\x04\x10&\x11\x10\x05\x07\x17+\x03#7\
3\x06&'7\x16\x163267\x17\x06\x06#{\
6dV\xd7U\x16/\x169%%9\x16/\x16U\
8\x03d\x8d\xf937\x14(  (\x1473\x00\
\x02\xfe\xc7\x02\xf8\x00\x0d\x03\xf1\x00\x03\x00\x11\x00=@\
:\x0d\x07\x02\x01\x00\x0e\x06\x02\x02\x01\x02J\x00\x00\x01\
\x00\x83\x04\x01\x01\x02\x01\x83\x00\x02\x03\x03\x02W\x00\x02\
\x02\x03_\x05\x01\x03\x02\x03O\x04\x04\x00\x00\x04\x11\x04\
\x10\x0b\x09\x00\x03\x00\x03\x11\x06\x07\x15+\x03'3\x17\
\x06&'7\x16\x163267\x17\x06\x06#\xb1\x84\
VdSU\x16/\x169%%9\x16/\x16U8\
\x03d\x8d\x8dl37\x14(  (\x1473\x00\
\x02\xfe\xc7\x02\xf8\x00\x0d\x03\xf7\x00\x19\x00'\x00o@\
\x11\x0e\x01\x01\x02#\x1d\x0d\x03\x00\x01$\x1c\x02\x03\x00\
\x03JK\xb0\x0dPX@ \x00\x00\x01\x03\x01\x00p\
\x00\x02\x00\x01\x00\x02\x01g\x00\x03\x04\x04\x03W\x00\x03\
\x03\x04_\x05\x01\x04\x03\x04O\x1b@!\x00\x00\x01\x03\
\x01\x00\x03~\x00\x02\x00\x01\x00\x02\x01g\x00\x03\x04\x04\
\x03W\x00\x03\x03\x04_\x05\x01\x04\x03\x04OY@\x0d\
\x1a\x1a\x1a'\x1a&.#)\x10\x06\x07\x18+\x03#\
54676654&#\x22\x07'632\
\x16\x15\x14\x06\x07\x06\x06\x15\x06&'7\x16\x1632\
67\x17\x06\x06#{5\x16\x14\x0d\x0c\x16\x13\x1d \
\x0e)(.5\x16\x17\x10\x11SU\x16/\x169%\
%9\x16/\x16U8\x03d\x11\x11\x13\x08\x06\x08\x06\
\x08\x0a\x0c*\x12#\x1c\x12\x12\x0b\x07\x0c\x09u37\
\x14(  (\x1473\x00\x00\x02\xfe\xc7\x02\xf8\x00\
\x0d\x03\xf9\x00\x19\x00'\x00?@<$#\x1d\x1c\x04\
\x06\x03\x01J\x02\x01\x00\x00\x04\x03\x00\x04g\x00\x01\x05\
\x01\x03\x06\x01\x03g\x00\x06\x07\x07\x06W\x00\x06\x06\x07\
_\x08\x01\x07\x06\x07O\x1a\x1a\x1a'\x1a&&\x12$\
\x22\x12$!\x09\x07\x1b+\x00632\x16\x17\x16\x16\
32653\x14\x06#\x22&'&&#\x22\x06\
\x15#\x16&'7\x16\x163267\x17\x06\x06#\
\xfe\xc91(\x15%\x1a\x17\x17\x0c\x16\x18-1(\x15\
%\x1a\x17\x17\x0c\x16\x18-iU\x16/\x169%%\
9\x16/\x16U8\x03\xc09\x0f\x0f\x0c\x0a\x1c\x15.\
9\x0f\x0f\x0c\x0a\x1c\x15\x9a37\x14(  (\x14\
73\x00\x00\x02\xfe\xd8\x02\xfd\x00o\x03\xf1\x00\x03\x00\
\x0a\x00%@\x22\x0a\x01\x02\x00\x01J\x00\x01\x03\x01\x83\
\x00\x03\x00\x03\x83\x00\x00\x02\x00\x83\x04\x01\x02\x02t\x11\
\x11\x11\x11\x10\x05\x07\x19+\x03#73\x05#73\
\x17#'\x101[U\xfe\xb2Iw6wII\x03\
d\x8d\xf4\x93\x93c\x00\x00\x02\xfe\xd8\x02\xfd\x00\x1b\x03\
\xf1\x00\x03\x00\x0a\x00:@7\x0a\x01\x02\x01\x01J\x00\
\x03\x00\x01\x00\x03\x01~\x05\x01\x01\x02\x00\x01\x02|\x00\
\x00\x03\x02\x00U\x00\x00\x00\x02]\x04\x01\x02\x00\x02M\
\x00\x00\x09\x08\x07\x06\x05\x04\x00\x03\x00\x03\x11\x06\x07\x15\
+\x03'3\x17\x07#73\x17#'\x17pUM\
\xfaIw6wII\x03d\x8d\x8dg\x93\x93c\x00\
\x02\xfe\xd8\x02\xfd\x00A\x03\xf7\x00\x19\x00 \x00n@\
\x0e\x0e\x01\x01\x02\x0d\x01\x04\x01 \x01\x03\x00\x03JK\
\xb0\x0dPX@#\x00\x04\x01\x00\x01\x04\x00~\x00\x00\
\x03\x01\x00n\x05\x01\x03\x03\x82\x00\x02\x01\x01\x02W\x00\
\x02\x02\x01_\x00\x01\x02\x01O\x1b@$\x00\x04\x01\x00\
\x01\x04\x00~\x00\x00\x03\x01\x00\x03|\x05\x01\x03\x03\x82\
\x00\x02\x01\x01\x02W\x00\x02\x02\x01_\x00\x01\x02\x01O\
Y@\x09\x11\x11\x19#)\x10\x06\x07\x1a+\x03#5\
4676654&#\x22\x07'632\x16\
\x15\x14\x06\x07\x06\x06\x15\x07#73\x17#'\x0d5\
\x16\x14\x0d\x0c\x16\x13\x1d \x0e)(.5\x16\x17\x10\
\x11\xd2Iw6wII\x03d\x11\x11\x13\x08\x06\x08\
\x06\x08\x0a\x0c*\x12#\x1c\x12\x12\x0b\x07\x0c\x09p\x93\
\x93c\x00\x00\x02\xfe\xc9\x02\xfd\x00\x0b\x04\x03\x00\x19\x00\
 \x00<@9 \x01\x06\x07\x01J\x00\x07\x03\x06\x03\
\x07\x06~\x08\x01\x06\x06\x82\x00\x01\x04\x03\x01W\x02\x01\
\x00\x00\x04\x03\x00\x04g\x00\x01\x01\x03`\x05\x01\x03\x01\
\x03P\x11\x11\x11\x12$\x22\x12$!\x09\x07\x1d+\x00\
632\x16\x17\x16\x1632653\x14\x06#\x22\
&'&&#\x22\x06\x15#\x17#73\x17#'\
\xfe\xc91(\x15&\x19\x0f\x1f\x0c\x15\x19-2'\x15\
&\x19\x0f\x1f\x0c\x15\x19-XIw6wII\x03\
\xca7\x0d\x0c\x07\x0b\x1b\x12+8\x0d\x0c\x07\x0b\x1a\x12\
\xa2\x93\x93c\x00\x00\x00\x00\x01\x00\x00\x03\x09\x00O\x00\
\x0a\x00P\x00\x05\x00\x02\x00$\x005\x00\x8b\x00\x00\x00\
\x8e\x0d\x16\x00\x04\x00\x01\x00\x00\x00m\x00m\x00m\x00\
m\x00\x9e\x00\xaa\x00\xb6\x00\xc2\x00\xd2\x00\xde\x00\xea\x00\
\xf6\x01\x02\x01\x0e\x01\x1e\x01*\x016\x01B\x01N\x01\
Z\x01f\x01r\x01~\x01\x8a\x01\x96\x01\xe3\x02N\x02\
\xc7\x02\xd3\x03\x17\x03#\x03o\x03\xb2\x03\xbe\x03\xca\x04\
;\x04\xc0\x04\xcc\x04\xd8\x05\x08\x05\x18\x05]\x05i\x05\
q\x05}\x05\x89\x05\x99\x05\xc7\x05\xd3\x05\xdf\x05\xeb\x06\
O\x06\xd8\x06\xe4\x06\xf0\x07\x00\x07\x0c\x07\x18\x07$\x07\
0\x07<\x07H\x07T\x07`\x07l\x07x\x07\x84\x07\
\x99\x07\xae\x07\xf9\x08\x05\x08.\x08|\x08\x88\x08\x94\x08\
\xa0\x08\xac\x08\xb8\x08\xc4\x08\xed\x093\x09?\x09K\x09\
W\x09p\x09|\x09\x88\x09\x94\x09\xa0\x09\xac\x09\xc1\x09\
\xcd\x09\xd9\x09\xe5\x09\xf1\x09\xfd\x0a\x09\x0a?\x0aK\x0a\
o\x0a{\x0a\xa3\x0a\xaf\x0a\xcd\x0b\x16\x0b\x22\x0b.\x0b\
:\x0bK\x0bW\x0bg\x0bs\x0b\xa1\x0b\xd1\x0b\xdd\x0c\
\x03\x0c\x0f\x0c\x1b\x0c'\x0c3\x0c?\x0cK\x0c\x89\x0c\
\x99\x0c\xa5\x0c\xb1\x0c\xf3\x0c\xff\x0d\x0b\x0d\x17\x0d#\x0d\
3\x0d?\x0dK\x0dW\x0dc\x0do\x0d\x84\x0d\x99\x0d\
\xa5\x0d\xb1\x0d\xbd\x0e,\x0e8\x0eD\x0eP\x0e\x5c\x0e\
h\x0et\x0e\x80\x0e\x8c\x0e\xa1\x0e\xb6\x0f\x0e\x0fv\x0f\
\x82\x0f\x8e\x0f\xa3\x0f\xb8\x0f\xcd\x10\x12\x10F\x10\x83\x10\
\xce\x11\x15\x11!\x11-\x119\x11E\x11Q\x11]\x11\
i\x11\xbe\x11\xca\x11\xdf\x11\xeb\x12\x00\x12\x9f\x12\xab\x12\
\xb7\x12\xc3\x12\xcf\x12\xdf\x13[\x13\xab\x13\xcd\x13\xfc\x14\
\x08\x14`\x14l\x14x\x14\x84\x14\xb2\x14\xbe\x14\xca\x14\
\xd6\x14\xe2\x14\xee\x14\xfa\x15\x06\x15\x12\x15R\x15^\x15\
j\x15v\x15\x82\x15\x8e\x15\x9a\x15\xa6\x15\xb2\x15\xc7\x16\
\x17\x16#\x16/\x16D\x16f\x16\x94\x16\xa0\x16\xac\x16\
\xb8\x16\xc4\x16\xf1\x17\x1a\x17&\x172\x17>\x17J\x17\
V\x17b\x17n\x17z\x17\x86\x17\xb0\x17\xbc\x17\xc8\x17\
\xd4\x17\xe0\x17\xf4\x18k\x18w\x18\x83\x18\x8f\x18\x9f\x18\
\xab\x18\xb7\x18\xc3\x18\xcf\x18\xdb\x18\xe7\x18\xf7\x19\x03\x19\
\x0f\x19\x1b\x19'\x193\x19?\x19K\x19W\x19c\x19\
o\x19{\x1a \x1a,\x1a\xea\x1a\xf6\x1b}\x1b\x89\x1b\
\xee\x1c1\x1c=\x1cI\x1c\xd4\x1dy\x1d\x85\x1d\x91\x1d\
\xf6\x1eQ\x1e\xbf\x1f3\x1f?\x1fK\x1f[\x1f\xa6\x1f\
\xb2\x1f\xbe\x1f\xca \xad \xb9 \xc5 \xd5 \xe1 \
\xed \xf9!\x05!\x11!\x1d!)!5!A!\
M!Y!n!\x83!\xef!\xfb\x22J\x22\x7f#\
?#K#W#c#o#{#\x87#\xbe$\
\x03$\x0f$\x1b$'$3$L$X$d$\
p$|$\x88$\x9d$\xa9$\xb9$\xc5$\xd1$\
\xdd$\xe9%0%<%H%k%w%\x9e%\
\xaa%\xce%\xe7%\xf3&\x17&#&3&?&\
O&[&\x84'\x01'\x0d'q'}'\x88'\
\x94'\xa0'\xac'\xb8(8(H(T(`(\
\xa1(\xad(\xb9(\xc5(\xd1(\xe1(\xed(\xf9)\
\x05)\x11)\x1d)2)G)S)_)k)\
\xdd)\xe9)\xf5*\x01*\x0d*\x19*%*1*\
=*R*g*\xbe+ +,+8+M+\
b+w+\xee,{,\xcc-Y-\x9a-\xa6-\
\xb2-\xbe-\xca-\xd6-\xe2-\xee.A.M.\
b.n.\x83/8/D/P/\x5c/h/\
x/\xf7030~0\xcf1@1L1^1\
j1v1\xbd1\xc91\xd51\xe11\xed1\xf92\
\x052\x112\x1d2u2\x812\x8d2\x992\xa52\
\xb12\xbd2\xc92\xd52\xea3]3i3u3\
\x8a3\xaa3\xd73\xe33\xef3\xfb4\x074.4\
Q4]4i4u4\x814\x8d4\x994\xa54\
\xb14\xbd4\xe74\xf34\xff5\x0b5\x175+5\
\xc45\xd05\xdc5\xe85\xf86\x046\x106\x1c6\
(646@6P6\x5c6h6t6\x806\
\x8c6\x986\xa46\xb06\xbc6\xc86\xd47\xa67\
\xb28\xac8\xb89\x189$909D9\xb7:\
\x02:\x1e:>:v:\x9b:\xc3:\xfe;%;\
d;\xb7;\xeb<<<\x9a<\xbd=\x19=u=\
\x94=\xb3=\xf4>\x1b>X>\xb2>\xe7?;?\
\x99?\xbc@\x1f@~@\x86@\x8e@\x96@\x9e@\
\xa6@\xae@\xb6@\xbe@\xc6@\xceA\x18A>A\
\x7fA\xe8B\x1aB\x7fB\xebC\x0bC|C\xe8C\
\xf7D\x1cD+D\x80D\x8fD\x9eD\xadD\xbcD\
\xcbD\xdaD\xe9D\xf8E\x07E\x16E%E4E\
CEREaEpE\x81E\x91E\xa1E\xb1E\
\xedE\xffF\x17FBFcF\x86F\xaaF\xd1F\
\xf7GKG`G\xacH\x00H\x0cH'HSH\
dH\x83H\x9bH\xe5I/IRIrI\x8fI\
\xacI\xc7I\xe2I\xfdJ\x18J3J;JCJ\
OJ[JoJ\x83J\x8fJ\x9bJ\xa7J\xceJ\
\xf2K\x15K\x15K\x15K\x15K\x15K\x15K\x15K\
`K\xb9L6L\xa1M%M\xabN\x11NWN\
\xb5O\x0aOEO\x99O\xe1P\x1cPbQ\xd7R\
1RzR\xaeR\xf1SBS\x85S\x94S\xa5S\
\xd0S\xe0S\xfdT5TaT\x86T\x9cT\xb2T\
\xcfT\xecU UsU\xb9U\xdbV&VmV\
\x90V\xc8W\x00W\x16W6WOW\x9fW\xd9X\
TX\xf9Y\x18YnZbZ\xf2[ [\x98\x5c\
\x1b\x5c\xa7\x5c\xd0]\x18]1][]\x84]\xc2]\
\xf9^>^\xda^\xfd_\x18_?_d_\x80_\
\x9d_\xb6_\xd7_\xed`\x0e`/`^`\xa0`\
\xe0a\x00aAaia\x98a\xc4a\xefb\x0bb\
/b[b\xbeb\xf6c'cGcgc\x88c\
\xa0c\xb9c\xcec\xf3d\x10d-d[d\x99d\
\xd5d\xf1e?ege\x95e\xbae\xe6f\x12f\
1fNf{f\xabf\xc4f\xe0f\xfcg%g\
QgZgcglg\xcfg\xd8g\xe1g\xeag\
\xf3g\xfch\x05h\x0eh\x17h h\x5ch\x9ci\
\x11ini\x9ai\xc9j*jvj\xb2j\xf2k\
gk\xc4k\xeel\x22l\x8cl\xdd\x00\x01\x00\x00\x00\
\x02\x00A\xac\x9a)\xf3_\x0f<\xf5\x00\x03\x03\xe8\x00\
\x00\x00\x00\xd4\x0f0\xf5\x00\x00\x00\x00\xd4\xa6m\x1d\xfe\
\xb7\xfe\xfd\x04\xfd\x045\x00\x00\x00\x07\x00\x02\x00\x00\x00\
\x00\x00\x00\x01\xbb\x00R\x00\x00\x00\x00\x01\x02\x00\x00\x01\
\x02\x00\x00\x02\xd7\x00\x12\x02\xd7\x00\x12\x02\xd7\x00\x12\x02\
\xd7\x00\x12\x02\xd7\x00\x12\x02\xd7\x00\x12\x02\xd7\x00\x12\x02\
\xd7\x00\x12\x02\xd7\x00\x12\x02\xd7\x00\x12\x02\xd7\x00\x12\x02\
\xd7\x00\x12\x02\xd7\x00\x12\x02\xd7\x00\x12\x02\xd7\x00\x12\x02\
\xd7\x00\x12\x02\xd7\x00\x12\x02\xd7\x00\x12\x02\xd7\x00\x12\x02\
\xd7\x00\x12\x02\xd7\x00\x12\x02\xd7\x00\x12\x02\xd7\x00\x12\x02\
\xd7\x00\x12\x02\xd7\x00\x12\x03\xdf\xff\xfe\x03\xdf\xff\xfe\x02\
\xa2\x00W\x02\xa5\x00=\x02\xa5\x00=\x02\xa5\x00=\x02\
\xa5\x00=\x02\xa5\x00=\x02\xa5\x00=\x02\xa5\x00=\x02\
\xe3\x00W\x05\x22\x00W\x02\xf0\x00\x08\x02\xe3\x00W\x02\
\xf0\x00\x08\x02\xe3\x00W\x02\xe3\x00W\x04\xda\x00W\x02\
F\x00W\x02F\x00W\x02F\x00W\x02F\x00W\x02\
F\x00W\x02F\x00W\x02F\x00W\x02F\x00W\x02\
F\x00W\x02F\x00W\x02F\x00W\x02F\x00W\x02\
F\x00W\x02F\x00W\x02F\x00W\x02F\x00W\x02\
F\x00W\x02F\x00W\x02F\x00W\x02F\x00W\x02\
F\x00W\x02F\x00W\x02F\x00W\x02F\x00W\x02\
-\x00W\x02\xd4\x00=\x02\xd4\x00=\x02\xd4\x00=\x02\
\xd4\x00=\x02\xd4\x00=\x02\xd4\x00=\x02\xd4\x00=\x02\
\xf6\x00W\x03\x11\x00\x08\x02\xf6\x00W\x02\xf6\x00W\x02\
\xf6\x00W\x01\x00\x00W\x01\x00\x00W\x01\x00\xff\xdd\x01\
\x00\xff\xee\x01\x00\xff\xcd\x01\x00\xff\xfe\x01\x00\xff\xfe\x01\
\x00\x00O\x01\x00\x00R\x01\x00\xff\xdf\x01\x00\x005\x01\
\x00\xff\xdd\x01\x00\xff\xea\x01\x00\x00\x09\x01\x00\xff\xdf\x01\
F\xff\xf8\x01F\xff\xf8\x02t\x00W\x02t\x00W\x02\
\x1c\x00W\x03a\x00W\x02\x1c\x00W\x02\x1c\x00W\x02\
\x1c\x00W\x02\x1c\x00W\x02\x1c\x00W\x03\x04\x00W\x02\
\x1c\x00W\x02)\xff\xf9\x03I\x00W\x03I\x00W\x02\
\xe3\x00W\x04)\x00W\x02\xe3\x00W\x02\xe3\x00W\x02\
\xe3\x00W\x02\xe3\x00W\x02\xe3\x00W\x02\xe3\x00W\x03\
\xcb\x00W\x02\xe3\x00W\x02\xe3\x00W\x02\xfc\x00=\x02\
\xfc\x00=\x02\xfc\x00=\x02\xfc\x00=\x02\xfc\x00=\x02\
\xfc\x00=\x02\xfc\x00=\x02\xfc\x00=\x02\xfc\x00=\x02\
\xfc\x00=\x02\xfc\x00=\x02\xfc\x00=\x02\xfc\x00=\x02\
\xfc\x00=\x02\xfc\x00=\x02\xfc\x00=\x02\xfc\x00=\x02\
\xfc\x00=\x02\xfc\x00=\x02\xfc\x00=\x02\xfc\x00=\x02\
\xfc\x00=\x02\xfc\x00=\x02\xfc\x00=\x02\xfc\x00=\x02\
\xfc\x00=\x02\xfc\x00=\x02\xfc\x00=\x02\xfc\x00=\x02\
\xfc\x00=\x02\xfc\x00=\x02\xfc\x00=\x02\xfc\x00=\x02\
\xfc\x00=\x04\x15\x00=\x02\x85\x00W\x02\x85\x00W\x02\
\xfc\x00=\x02\xae\x00W\x02\xae\x00W\x02\xae\x00W\x02\
\xae\x00W\x02\xae\x00W\x02\xae\x00W\x02\xae\x00W\x02\
\xae\x00W\x02i\x00/\x02i\x00/\x02i\x00/\x02\
i\x00/\x02i\x00/\x02i\x00/\x02i\x00/\x02\
i\x00/\x02i\x00/\x02i\x00/\x02i\x00/\x02\
\xb0\x00W\x02\xe6\x00=\x02V\x00\x0c\x02V\x00\x0c\x02\
V\x00\x0c\x02V\x00\x0c\x02V\x00\x0c\x02V\x00\x0c\x02\
V\x00\x0c\x02\xd4\x00R\x02\xd4\x00R\x02\xd4\x00R\x02\
\xd4\x00R\x02\xd4\x00R\x02\xd4\x00R\x02\xd4\x00R\x02\
\xd4\x00R\x02\xd4\x00R\x02\xd4\x00R\x02\xd4\x00R\x02\
\xd4\x00R\x02\xd4\x00R\x02\xd4\x00R\x02\xd4\x00R\x02\
\xd4\x00R\x02\xd4\x00R\x02\xd4\x00R\x02\xd4\x00R\x02\
\xd4\x00R\x02\xd4\x00R\x02\xd4\x00R\x02\xd4\x00R\x02\
\xb3\x00\x02\x04M\x00!\x04M\x00!\x04M\x00!\x04\
M\x00!\x04M\x00!\x02\x86\x00\x08\x02Y\xff\xee\x02\
Y\xff\xee\x02Y\xff\xee\x02Y\xff\xee\x02Y\xff\xee\x02\
Y\xff\xee\x02Y\xff\xee\x02Y\xff\xee\x02Y\xff\xee\x02\
Y\xff\xee\x02N\x00-\x02N\x00-\x02N\x00-\x02\
N\x00-\x02N\x00-\x02F\x00W\x02\x12\x00:\x02\
\x12\x00:\x02\x12\x00:\x02\x12\x00:\x02\x12\x00:\x02\
\x12\x00:\x02\x12\x00:\x02\x12\x00:\x02\x12\x00:\x02\
\x12\x00:\x02\x12\x00:\x02\x12\x00:\x02\x12\x00:\x02\
\x12\x00:\x02\x12\x00:\x02\x12\x00:\x02\x12\x00:\x02\
\x12\x00:\x02\x12\x00:\x02\x12\x00:\x02\x12\x00:\x02\
\x12\x00:\x02\x12\x00:\x02\x12\x00:\x02\x12\x00:\x02\
\x12\x00:\x02\x12\x00:\x03U\x00:\x03U\x00:\x02\
F\x00K\x01\xdf\x00.\x01\xdf\x00.\x01\xdf\x00.\x01\
\xdf\x00.\x01\xdf\x00.\x01\xdf\x00.\x01\xdf\x00.\x02\
F\x00.\x02/\x00.\x02F\x00.\x02F\x00.\x02\
F\x00.\x02F\x00.\x04=\x00.\x02\x0f\x00.\x02\
\x0f\x00.\x02\x0f\x00.\x02\x0f\x00.\x02\x0f\x00.\x02\
\x0f\x00.\x02\x0f\x00.\x02\x0f\x00.\x02\x0f\x00.\x02\
\x0f\x00.\x02\x0f\x00.\x02\x0f\x00.\x02\x0f\x00.\x02\
\x0f\x00.\x02\x0f\x00.\x02\x0f\x00.\x02\x0f\x00.\x02\
\x0f\x00.\x02\x0f\x00.\x02\x0f\x00.\x02\x0f\x00.\x02\
\x0f\x00.\x02\x0f\x00.\x02\x0f\x00,\x01H\x00\x07\x02\
J\x00.\x02J\x00.\x02J\x00.\x02J\x00.\x02\
J\x00.\x02J\x00.\x02J\x00.\x028\x00K\x02\
8\xff\xef\x028\x00K\x028\xff\xe2\x028\x00K\x00\
\xe8\x00C\x00\xe8\x00K\x00\xe8\x00K\x00\xe8\xff\xcf\x00\
\xe8\xff\xe2\x00\xe8\xff\xd4\x00\xe8\xff\xf2\x00\xe8\xff\xf2\x00\
\xe8\x00C\x00\xe8\x00C\x00\xe8\xff\xd0\x00\xe8\x00)\x00\
\xe8\xff\xcf\x00\xe8\xff\xde\x00\xe8\xff\xfe\x00\xe8\xff\xd3\x00\
\xe8\xff\xb5\x00\xe8\xff\xb5\x00\xe8\xff\xb5\x01\xf4\x00K\x01\
\xf4\x00K\x01\xf4\x00K\x00\xe8\x00K\x00\xe8\x00K\x00\
\xe8\x00K\x00\xe8\x00C\x01\x05\x00K\x00\xe8\x00F\x01\
\xd0\x00K\x00\xe8\xff\xde\x01\x1a\xff\xf9\x03T\x00K\x03\
T\x00K\x028\x00K\x028\x00K\x028\x00K\x02\
8\x00K\x028\x00K\x028\x00K\x028\x00K\x02\
8\x00K\x03 \x00K\x028\x00K\x028\x00K\x02\
+\x00.\x02+\x00.\x02+\x00.\x02+\x00.\x02\
+\x00.\x02+\x00.\x02+\x00.\x02+\x00.\x02\
+\x00.\x02+\x00.\x02+\x00.\x02+\x00.\x02\
+\x00.\x02+\x00.\x02+\x00.\x02+\x00.\x02\
+\x00.\x02+\x00.\x02+\x00.\x02+\x00.\x02\
+\x00.\x02+\x00.\x02+\x00.\x02+\x00.\x02\
+\x00.\x02+\x00.\x02+\x00.\x02+\x00.\x02\
+\x00.\x02+\x00.\x02+\x00.\x02+\x00.\x02\
+\x00.\x02+\x00.\x03\x88\x00.\x02F\x00K\x02\
F\x00K\x02F\x00.\x01a\x00K\x01a\x00K\x01\
a\x00D\x01a\x00C\x01a\x006\x01a\x00F\x01\
a\x001\x01a\xff\xde\x01\xe0\x00-\x01\xe0\x00-\x01\
\xe0\x00-\x01\xe0\x00-\x01\xe0\x00-\x01\xe0\x00-\x01\
\xe0\x00-\x01\xe0\x00-\x01\xe0\x00-\x01\xe0\x00-\x01\
\xe0\x00-\x02h\x00K\x01T\x00\x07\x01^\x00\x0c\x01\
T\x00\x07\x01T\x00\x07\x01T\x00\x07\x01T\x00\x07\x01\
T\x00\x07\x01T\x00\x07\x021\x00I\x021\x00I\x02\
1\x00I\x021\x00I\x021\x00I\x021\x00I\x02\
1\x00I\x021\x00I\x021\x00I\x02?\x00I\x02\
?\x00I\x02?\x00I\x02?\x00I\x02?\x00I\x02\
?\x00I\x021\x00I\x021\x00I\x021\x00I\x02\
1\x00I\x021\x00I\x021\x00I\x021\x00I\x02\
1\x00I\x02\x02\x00\x0a\x03J\x00\x19\x03J\x00\x19\x03\
J\x00\x19\x03J\x00\x19\x03J\x00\x19\x02\x06\x00\x09\x02\
\x02\x00\x0a\x02\x02\x00\x0a\x02\x02\x00\x0a\x02\x02\x00\x0a\x02\
\x02\x00\x0a\x02\x02\x00\x0a\x02\x02\x00\x0a\x02\x02\x00\x0a\x02\
\x02\x00\x0a\x02\x02\x00\x0a\x01\xf7\x000\x01\xf7\x000\x01\
\xf7\x000\x01\xf7\x000\x01\xf7\x000\x01\xd0\x00K\x02\
F\x00.\x02F\x00.\x02F\x00.\x02F\x00.\x02\
F\x00.\x02F\x00.\x02F\x00.\x02F\x00.\x02\
F\x00.\x02F\x00.\x02F\x00.\x02F\x00.\x02\
F\x00.\x02F\x00.\x02F\x00.\x02F\x00.\x02\
F\x00.\x02F\x00.\x02F\x00.\x02F\x00.\x02\
F\x00.\x02F\x00.\x02F\x00.\x02F\x00.\x02\
F\x00.\x02F\x00.\x02F\x00.\x02/\x00\x07\x02\
0\x00\x07\x02F\x00W\x01\xd0\x00C\x01J\x00\x1e\x01\
V\x00\x16\x02\xd7\x00 \x02F\x00)\x03\x0b\x008\x02\
1\x00I\x02D\x00\x05\x02X\x005\x02X\x00{\x02\
X\x00B\x02X\x008\x02X\x003\x02X\x00O\x02\
W\x008\x02X\x00C\x02X\x00/\x02X\x003\x02\
X\x00~\x02X\x00~\x02X\x004\x02X\x00{\x02\
X\x00S\x02X\x00?\x02X\x008\x02X\x00_\x02\
X\x00=\x02X\x00M\x02X\x004\x02X\x008\x01\
|\x00\x22\x01|\x00P\x01|\x00'\x01|\x00\x22\x01\
|\x00\x22\x01|\x00.\x01|\x00&\x01|\x00,\x01\
|\x00\x1f\x01|\x00\x1e\x01|\x00\x22\x01|\x00P\x01\
|\x00'\x01|\x00\x22\x01|\x00\x22\x01|\x00.\x01\
|\x00&\x01|\x00,\x01|\x00\x1f\x01|\x00\x1e\x01\
|\x00\x22\x01|\x00P\x01|\x00'\x01|\x00\x22\x01\
|\x00\x22\x01|\x00.\x01|\x00&\x01|\x00,\x01\
|\x00\x1f\x01|\x00\x1e\x01|\x00\x22\x01|\x00P\x01\
|\x00'\x01|\x00\x22\x01|\x00\x22\x01|\x00.\x01\
|\x00&\x01|\x00,\x01|\x00\x1f\x01|\x00\x1e\x00\
\xad\xffi\x03\xa5\x00P\x03\xa5\x00P\x03\xa5\x00\x22\x01\
\xc2\x00!\x01\x1a\xff\xec\x00\xe5\x00?\x02\x0c\x00Q\x00\
\xe5\x00?\x00\xe5\x00?\x02\xaf\x00?\x00\xe5\x00?\x00\
\xe5\x00?\x02X\x00#\x00\xe5\x00?\x01\xbb\x00\x00\x01\
\xbb\x00\x18\x01\xa5\x00>\x00\xdd\x00>\x00\xe5\x00?\x01\
\x1b\xff\xec\x01\xf4\x00\x08\x01,\x00c\x01_\x001\x01\
_\x00\x08\x01:\x00m\x01:\x00\x08\x01:\x00g\x01\
:\x00#\x03\xe8\x00\x00\x01\xf4\x00\x00\x02X\x00H\x03\
\xe8\x00\x00\x01\xa9\x00H\x01\xa9\x00H\x01\xa9\x00H\x01\
\xb9\x00=\x01\xb7\x00.\x01\x04\x00=\x01\x02\x00.\x01\
\x8b\x00?\x01\x8b\x00?\x01\x8b\x00?\x00\xe5\x00?\x00\
\xe5\x00?\x00\xe5\x00?\x02X\x00\x00\x00d\x00\x00\x00\
\xe5\x00\x00\x01\x02\x00\x00\x00\xc8\x00\x00\x00\x00\x00\x00\x02\
X\x00>\x02X\x00[\x02X\x00%\x02X\x007\x02\
X\x00/\x02X\x00=\x02X\x00\x11\x02X\x00)\x02\
X\x00J\x02X\x004\x02X\x00\x11\x02X\x000\x02\
X\x00A\x02X\x00:\x02X\x00\x11\x04\xb0\x00T\x02\
X\x00\x11\x02X\x00\x11\x02X\x00\x15\x02X\x000\x02\
X\x00\x11\x02X\xff\xfb\x02X\x00\xf9\x02X\x00\x8b\x02\
X\x008\x02X\x008\x02X\x00B\x02X\x008\x02\
X\x008\x02X\x008\x02X\x008\x02X\x008\x02\
X\x008\x02X\x008\x02X\x008\x02X\x003\x02\
X\x008\x02X\x008\x02X\x00\x04\x02X\x00+\x02\
X\x00x\x03\x0b\x008\x03\x0b\x008\x02X\x008\x02\
F\x00)\x02X\x00\x06\x021\x00I\x02X\x005\x03\
\xa2\x007\x05/\x007\x02X\x000\x02\x92\x00\x11\x03\
\x9e\x001\x02\x98\x004\x02F\x00-\x02\x19\x00)\x03\
/\x002\x03/\x002\x03\x93\x00\x08\x01m\x00%\x01\
\x05\x00\x5c\x01\x05\x00\x5c\x01E\x00\x14\x02X\x00o\x01\
E\x00\x14\x03~\x002\x045\x00W\x02X\x000\x00\
\xdd\x00>\x01\xa5\x00>\x00\x00\xfe\xe8\x00\x00\xff9\x00\
\x00\xfe\xc6\x00\x00\xffN\x00\x00\xff\x19\x00\x00\xffj\x00\
\x00\xfe\xd8\x00\x00\xfe\xd8\x00\x00\xfe\xc5\x00\x00\xff\x05\x00\
\x00\xfe\xc9\x00\x00\xfe\xd4\x00\x00\xff\x1f\x00\x00\xfe\xca\x00\
\x00\xfe\xc5\x00\x00\xff9\x00\x00\xffi\x00\x00\xff<\x00\
\x00\xfe\xe8\x00\x00\xff9\x00\x00\xff\x13\x00\x00\xfe\xd5\x00\
\x00\xfe\xc5\x00\x00\xfe\xd4\x00\x00\xfe\xd4\x00\x00\xfe\xe8\x00\
\x00\xff9\x00\x00\xfe\xc9\x00\x00\xffN\x00\x00\xff>\x00\
\x00\xfe\xd8\x00\x00\xfe\xd8\x00\x00\xfe\xc7\x00\x00\xff\x05\x00\
\x00\xfe\xc9\x00\x00\xfe\xd4\x00\x00\xff\x1f\x00\x00\xfe\xb7\x00\
\x00\xfe\xc7\x00\x00\xff9\x01,\x00b\x01,\x00e\x01\
,\x00\x00\x01,\xff\xf2\x01,\x001\x01,\x00\x96\x01\
,\x00z\x01,\x00\x91\x01,\x00\x91\x01{\x001\x01\
,\x00\x96\x01,\x00z\x01,\xff\xf1\x01,\x00\x04\x01\
,\x00?\x01,\x00\x04\x01,\x00\x14\x01,\x00e\x01\
,\xff\xf2\x01,\x00E\x01,\x00\x00\x01,\x00\x01\x01\
,\x001\x01,\xff\xf5\x00\x00\xfe\xc7\xfe\xc7\xfe\xc7\xfe\
\xc7\xfe\xd8\xfe\xd8\xfe\xd8\xfe\xc9\xfe\xc7\xfe\xc7\xfe\xc7\xfe\
\xc7\xfe\xd8\xfe\xd8\xfe\xd8\xfe\xc9\x00\x00\x00\x01\x00\x00\x03\
\xf3\xfe\x9f\x00\x00\x05/\xfe\xb7\xffi\x04\xfd\x00\x01\x00\
\x00\x00\x00\x00\x00\x00\x00\x00\x00\x00\x00\x00\x00\x02\xfa\x00\
\x04\x02-\x01\x90\x00\x05\x00\x00\x02\x8a\x02X\x00\x00\x00\
K\x02\x8a\x02X\x00\x00\x01^\x002\x01$\x00\x00\x00\
\x00\x05\x00\x00\x00\x00\x00\x00\x00 \x00\x00\x07\x00\x00\x00\
\x01\x00\x00\x00\x00\x00\x00\x00\x00UKWN\x00\xc0\x00\
\x00\xfb\x02\x03\xf3\xfe\x9f\x00\x00\x04?\x01\x13 \x00\x01\
\x93\x00\x00\x00\x00\x01\xe7\x02\xc1\x00\x00\x00 \x00\x03\x00\
\x00\x00\x02\x00\x00\x00\x03\x00\x00\x00\x14\x00\x03\x00\x01\x00\
\x00\x00\x14\x00\x04\x07\xf8\x00\x00\x00\xd2\x00\x80\x00\x06\x00\
R\x00\x00\x00\x0d\x00/\x009\x00~\x011\x01~\x01\
\x8f\x01\x92\x01\xa1\x01\xb0\x01\xcc\x01\xce\x01\xe7\x01\xeb\x02\
\x1b\x02(\x02-\x023\x027\x02Y\x02\xbc\x02\xbf\x02\
\xcc\x02\xdd\x03\x04\x03\x0c\x03\x0f\x03\x12\x03\x1b\x03$\x03\
(\x03.\x031\x035\x03\x94\x03\xa3\x03\xa9\x03\xbc\x03\
\xc0\x1e\x09\x1e\x0f\x1e\x17\x1e\x1d\x1e!\x1e%\x1e+\x1e\
/\x1e7\x1e;\x1eI\x1eS\x1e[\x1ei\x1eo\x1e\
{\x1e\x85\x1e\x8f\x1e\x93\x1e\x97\x1e\x9e\x1e\xf9 \x0b \
\x10 \x15 \x1a \x1e \x22 & 0 3 \
: D p y \x89 \xa1 \xa4 \xa7 \
\xa9 \xad \xb2 \xb5 \xba \xbd!\x13!\x16!\
\x22!&!.\x22\x02\x22\x06\x22\x0f\x22\x12\x22\x15\x22\
\x1a\x22\x1e\x22+\x22H\x22`\x22e%\xca\xf8\xff\xfb\
\x02\xff\xff\x00\x00\x00\x00\x00\x0d\x00 \x000\x00:\x00\
\xa0\x014\x01\x8f\x01\x92\x01\xa0\x01\xaf\x01\xc4\x01\xce\x01\
\xe6\x01\xea\x01\xfa\x02'\x02*\x020\x027\x02Y\x02\
\xbb\x02\xbe\x02\xc6\x02\xd8\x03\x00\x03\x06\x03\x0f\x03\x11\x03\
\x1b\x03#\x03&\x03.\x031\x035\x03\x94\x03\xa3\x03\
\xa9\x03\xbc\x03\xc0\x1e\x08\x1e\x0c\x1e\x14\x1e\x1c\x1e \x1e\
$\x1e*\x1e.\x1e6\x1e:\x1eB\x1eL\x1eZ\x1e\
^\x1el\x1ex\x1e\x80\x1e\x8e\x1e\x92\x1e\x97\x1e\x9e\x1e\
\xa0 \x07 \x10 \x12 \x18 \x1c   & \
0 2 9 D p t \x80 \xa1 \
\xa3 \xa6 \xa9 \xab \xb1 \xb5 \xb9 \xbc!\
\x13!\x16!\x22!&!.\x22\x02\x22\x05\x22\x0f\x22\
\x11\x22\x15\x22\x19\x22\x1e\x22+\x22H\x22`\x22d%\
\xca\xf8\xff\xfb\x01\xff\xff\x00\x01\xff\xf5\x00\x00\x01\xd1\x00\
\x00\x00\x00\x00\x00\xff)\x00\xe8\x00\x00\x00\x00\x00\x00\xff\
(\x00\x00\x00\x00\x00\x00\x00\x00\x00\x00\x00\x00\xff\x19\xfe\
\xd8\x00\x00\x00\x00\x00\x00\x00\x00\x00\x00\x00\x00\xff\xb7\xff\
\xb6\xff\xae\xff\xa7\xff\xa6\xff\xa1\xff\x9f\xff\x9c\xfeh\xfe\
Z\xfeU\xfeC\xfe@\x00\x00\x00\x00\x00\x00\x00\x00\x00\
\x00\x00\x00\x00\x00\x00\x00\x00\x00\x00\x00\x00\x00\x00\x00\x00\
\x00\x00\x00\x00\x00\x00\x00\x00\x00\x00\x00\x00\x00\xe3\x13\xe2\
\x19\x00\x00\x00\x00\xe2Q\x00\x00\xe2R\x00\x00\x00\x00\xe2\
#\xe2t\xe2\x85\xe2,\xe1\xfb\xe1\xc5\xe1\xc5\xe1\x97\xe1\
\xd4\x00\x00\xe1\xdb\xe1\xde\x00\x00\x00\x00\xe1\xbe\x00\x00\x00\
\x00\xe1\x9f\xe1\x9f\xe1\x8b\xe1v\xe1\x86\xe0\xa0\x00\x00\xe0\
\x8f\x00\x00\xe0u\x00\x00\xe0|\xe0p\xe0N\xe00\x00\
\x00\xdc\xdb\x09\xa7\x06\xf5\x00\x01\x00\x00\x00\x00\x00\xce\x00\
\x00\x00\xea\x01r\x02\x94\x00\x00\x00\x00\x03$\x03&\x03\
(\x00\x00\x036\x038\x03:\x03|\x03~\x03\x84\x00\
\x00\x00\x00\x03\x86\x03\x88\x03\x8a\x03\x96\x03\xa0\x03\xa8\x00\
\x00\x00\x00\x00\x00\x00\x00\x00\x00\x00\x00\x00\x00\x00\x00\x00\
\x00\x00\x00\x00\x00\x00\x00\x00\x00\x03\x9a\x03\x9c\x03\xa2\x03\
\xa8\x03\xaa\x03\xac\x03\xae\x03\xb0\x03\xb2\x03\xb4\x03\xb6\x03\
\xc4\x03\xd2\x03\xd4\x03\xea\x03\xf0\x03\xf6\x04\x00\x04\x02\x00\
\x00\x00\x00\x04\x00\x04\xb2\x00\x00\x04\xb8\x00\x00\x04\xbc\x04\
\xc0\x00\x00\x00\x00\x00\x00\x00\x00\x00\x00\x00\x00\x00\x00\x00\
\x00\x00\x00\x04\xb2\x00\x00\x00\x00\x04\xb0\x04\xb4\x00\x00\x04\
\xb4\x04\xb6\x00\x00\x00\x00\x00\x00\x00\x00\x00\x00\x00\x00\x04\
\xac\x00\x00\x04\xac\x00\x00\x04\xac\x00\x00\x00\x00\x00\x00\x00\
\x00\x04\xa6\x00\x00\x00\x00\x00\x00\x00\x00\x00\x03\x02J\x02\
P\x02L\x02w\x02\xa3\x02\xa8\x02Q\x02Z\x02[\x02\
C\x02\x8b\x02H\x02`\x02M\x02S\x02G\x02R\x02\
\x92\x02\x8f\x02\x91\x02N\x02\xa7\x00\x04\x00\x1f\x00 \x00\
'\x00/\x00G\x00H\x00O\x00T\x00c\x00e\x00\
g\x00q\x00s\x00~\x00\xa1\x00\xa3\x00\xa4\x00\xac\x00\
\xb9\x00\xc0\x00\xd7\x00\xd8\x00\xdd\x00\xde\x00\xe8\x02X\x02\
D\x02Y\x02\xb6\x02T\x02\xf3\x00\xee\x01\x0b\x01\x0c\x01\
\x13\x01\x1a\x012\x013\x01:\x01?\x01O\x01R\x01\
U\x01^\x01`\x01k\x01\x8e\x01\x90\x01\x91\x01\x99\x01\
\xa5\x01\xad\x01\xc4\x01\xc5\x01\xca\x01\xcb\x01\xd5\x02V\x02\
\xaf\x02W\x02\x97\x02p\x02K\x02t\x02\x86\x02v\x02\
\x88\x02\xb0\x02\xaa\x02\xf1\x02\xab\x01\xfa\x02c\x02\x98\x02\
b\x02\xac\x02\xf5\x02\xae\x02\x95\x027\x028\x02\xec\x02\
\xa1\x02\xa9\x02E\x02\xef\x026\x01\xfb\x02d\x02A\x02\
@\x02B\x02O\x00\x15\x00\x05\x00\x0c\x00\x1c\x00\x13\x00\
\x1a\x00\x1d\x00#\x00?\x000\x005\x00<\x00]\x00\
U\x00W\x00Y\x00)\x00}\x00\x8c\x00\x7f\x00\x81\x00\
\x9c\x00\x88\x02\x8d\x00\x9a\x00\xc7\x00\xc1\x00\xc3\x00\xc5\x00\
\xdf\x00\xa2\x01\xa4\x01\x01\x00\xef\x00\xf7\x01\x08\x00\xfe\x01\
\x06\x01\x09\x01\x0f\x01)\x01\x1b\x01\x1f\x01&\x01I\x01\
A\x01C\x01E\x01\x14\x01j\x01y\x01l\x01n\x01\
\x89\x01u\x02\x8e\x01\x87\x01\xb4\x01\xae\x01\xb0\x01\xb2\x01\
\xcc\x01\x8f\x01\xce\x00\x18\x01\x04\x00\x06\x00\xf0\x00\x19\x01\
\x05\x00!\x01\x0d\x00%\x01\x11\x00&\x01\x12\x00\x22\x01\
\x0e\x00*\x01\x15\x00+\x01\x16\x00B\x01,\x001\x01\
\x1c\x00=\x01'\x00E\x01/\x002\x01\x1d\x00K\x01\
6\x00I\x014\x00M\x018\x00L\x017\x00R\x01\
=\x00P\x01;\x00b\x01N\x00`\x01L\x00V\x01\
B\x00a\x01M\x00[\x01@\x00d\x01Q\x00f\x01\
S\x01T\x00i\x01V\x00k\x01X\x00j\x01W\x00\
l\x01Y\x00p\x01]\x00u\x01a\x00w\x01d\x00\
v\x01c\x01b\x00z\x01g\x00\x96\x01\x83\x00\x80\x01\
m\x00\x94\x01\x81\x00\xa0\x01\x8d\x00\xa5\x01\x92\x00\xa7\x01\
\x94\x00\xa6\x01\x93\x00\xad\x01\x9a\x00\xb2\x01\x9f\x00\xb1\x01\
\x9e\x00\xaf\x01\x9c\x00\xbc\x01\xa8\x00\xbb\x01\xa7\x00\xba\x01\
\xa6\x00\xd5\x01\xc2\x00\xd1\x01\xbe\x00\xc2\x01\xaf\x00\xd4\x01\
\xc1\x00\xcf\x01\xbc\x00\xd3\x01\xc0\x00\xda\x01\xc7\x00\xe0\x01\
\xcd\x00\xe1\x00\xe9\x01\xd6\x00\xeb\x01\xd8\x00\xea\x01\xd7\x00\
\x8e\x01{\x00\xc9\x01\xb6\x00(\x00.\x01\x19\x00h\x00\
n\x01[\x00t\x00{\x01h\x00J\x015\x00\x99\x01\
\x86\x00\x1b\x01\x07\x00\x1e\x01\x0a\x00\x9b\x01\x88\x00\x12\x00\
\xfd\x00\x17\x01\x03\x00;\x01%\x00A\x01+\x00X\x01\
D\x00_\x01K\x00\x87\x01t\x00\x95\x01\x82\x00\xa8\x01\
\x95\x00\xaa\x01\x97\x00\xc4\x01\xb1\x00\xd0\x01\xbd\x00\xb3\x01\
\xa0\x00\xbd\x01\xa9\x00\xff\x003\x00\x89\x01v\x00\x9f\x01\
\x8c\x00\x8a\x01w\x00\xe6\x01\xd3\x02\xe2\x02\xe1\x02\xe6\x02\
\xe5\x02\xf0\x02\xee\x02\xe9\x02\xe3\x02\xe7\x02\xe4\x02\xe8\x02\
\xed\x02\xf2\x02\xf7\x02\xf6\x02\xf8\x02\xf4\x02\xbb\x02\xbc\x02\
\xbf\x02\xc3\x02\xc4\x02\xc1\x02\xba\x02\xb9\x02\xc5\x02\xc2\x02\
\xbd\x02\xc0\x00$\x01\x10\x00,\x01\x17\x00-\x01\x18\x00\
D\x01.\x00C\x01-\x004\x01\x1e\x00N\x019\x00\
S\x01>\x00Q\x01<\x00Z\x01F\x00m\x01Z\x00\
o\x01\x5c\x00r\x01_\x00x\x01e\x00y\x01f\x00\
|\x01i\x00\x9d\x01\x8a\x00\x9e\x01\x8b\x00\x98\x01\x85\x00\
\x97\x01\x84\x00\xa9\x01\x96\x00\xab\x01\x98\x00\xb4\x01\xa1\x00\
\xb5\x01\xa2\x00\xae\x01\x9b\x00\xb0\x01\x9d\x00\xb6\x01\xa3\x00\
\xbe\x01\xab\x00\xbf\x01\xac\x00\xd6\x01\xc3\x00\xd2\x01\xbf\x00\
\xdc\x01\xc9\x00\xd9\x01\xc6\x00\xdb\x01\xc8\x00\xe2\x01\xcf\x00\
\xec\x01\xd9\x00\x14\x01\x00\x00\x16\x01\x02\x00\x0d\x00\xf8\x00\
\x0f\x00\xfa\x00\x10\x00\xfb\x00\x11\x00\xfc\x00\x0e\x00\xf9\x00\
\x07\x00\xf1\x00\x09\x00\xf3\x00\x0a\x00\xf4\x00\x0b\x00\xf5\x00\
\x08\x00\xf2\x00>\x01(\x00@\x01*\x00F\x010\x00\
6\x01 \x008\x01\x22\x009\x01#\x00:\x01$\x00\
7\x01!\x00^\x01J\x00\x5c\x01H\x00\x8b\x01x\x00\
\x8d\x01z\x00\x82\x01o\x00\x84\x01q\x00\x85\x01r\x00\
\x86\x01s\x00\x83\x01p\x00\x8f\x01|\x00\x91\x01~\x00\
\x92\x01\x7f\x00\x93\x01\x80\x00\x90\x01}\x00\xc6\x01\xb3\x00\
\xc8\x01\xb5\x00\xca\x01\xb7\x00\xcc\x01\xb9\x00\xcd\x01\xba\x00\
\xce\x01\xbb\x00\xcb\x01\xb8\x00\xe4\x01\xd1\x00\xe3\x01\xd0\x00\
\xe5\x01\xd2\x00\xe7\x01\xd4\x02m\x02o\x02q\x02n\x02\
r\x02^\x02]\x02\x5c\x02_\x02h\x02i\x02g\x02\
\xb1\x02\xb3\x02F\x02{\x02~\x02x\x02y\x02}\x02\
\x83\x02|\x02\x85\x02\x7f\x02\x80\x02\x84\x02\x99\x02\x9d\x02\
\x9f\x02\x8c\x02\x89\x02\xa0\x02\x94\x02\x93\xb0\x00, \xb0\
\x00UXEY  K\xb8\x00\x0eQK\xb0\x06S\
ZX\xb04\x1b\xb0(Y`f \x8aUX\xb0\x02\
%a\xb9\x08\x00\x08\x00cc#b\x1b!!\xb0\x00\
Y\xb0\x00C#D\xb2\x00\x01\x00C`B-\xb0\x01\
,\xb0 `f-\xb0\x02, d \xb0\xc0P\xb0\
\x04&Z\xb2(\x01\x0aCEcE\xb0\x06EX!\
\xb0\x03%YR[X!#!\x1b\x8aX \xb0P\
PX!\xb0@Y\x1b \xb08PX!\xb08Y\
Y \xb1\x01\x0aCEcEad\xb0(PX!\
\xb1\x01\x0aCEcE \xb00PX!\xb00Y\
\x1b \xb0\xc0PX f \x8a\x8aa \xb0\x0aP\
X`\x1b \xb0 PX!\xb0\x0a`\x1b \xb06\
PX!\xb06`\x1b`YYY\x1b\xb0\x01+Y\
Y#\xb0\x00PXeYY-\xb0\x03, E \
\xb0\x04%ad \xb0\x05CPX\xb0\x05#B\xb0\
\x06#B\x1b!!Y\xb0\x01`-\xb0\x04,#!\
#! d\xb1\x05bB \xb0\x06#B\xb0\x06E\
X\x1b\xb1\x01\x0aCEc\xb1\x01\x0aC\xb0\x03`E\
c\xb0\x03*! \xb0\x06C \x8a \x8a\xb0\x01+\
\xb10\x05%\xb0\x04&QX`P\x1baRYX\
#Y!Y \xb0@SX\xb0\x01+\x1b!\xb0@\
Y#\xb0\x00PXeY-\xb0\x05,\xb0\x07C+\
\xb2\x00\x02\x00C`B-\xb0\x06,\xb0\x07#B#\
 \xb0\x00#Ba\xb0\x02bf\xb0\x01c\xb0\x01`\
\xb0\x05*-\xb0\x07,  E \xb0\x0bCc\xb8\
\x04\x00b \xb0\x00PX\xb0@`Yf\xb0\x01c\
`D\xb0\x01`-\xb0\x08,\xb2\x07\x0b\x00CEB\
*!\xb2\x00\x01\x00C`B-\xb0\x09,\xb0\x00C\
#D\xb2\x00\x01\x00C`B-\xb0\x0a,  E\
 \xb0\x01+#\xb0\x00C\xb0\x04%` E\x8a#\
a d \xb0 PX!\xb0\x00\x1b\xb00PX\
\xb0 \x1b\xb0@YY#\xb0\x00PXeY\xb0\x03\
%#aDD\xb0\x01`-\xb0\x0b,  E \
\xb0\x01+#\xb0\x00C\xb0\x04%` E\x8a#a\
 d\xb0$PX\xb0\x00\x1b\xb0@Y#\xb0\x00P\
XeY\xb0\x03%#aDD\xb0\x01`-\xb0\x0c\
, \xb0\x00#B\xb2\x0b\x0a\x03EX!\x1b#!\
Y*!-\xb0\x0d,\xb1\x02\x02E\xb0daD-\
\xb0\x0e,\xb0\x01`  \xb0\x0cCJ\xb0\x00PX\
 \xb0\x0c#BY\xb0\x0dCJ\xb0\x00RX \xb0\
\x0d#BY-\xb0\x0f, \xb0\x10bf\xb0\x01c\
 \xb8\x04\x00c\x8a#a\xb0\x0eC` \x8a` \
\xb0\x0e#B#-\xb0\x10,KTX\xb1\x04dD\
Y$\xb0\x0de#x-\xb0\x11,KQXKS\
X\xb1\x04dDY\x1b!Y$\xb0\x13e#x-\
\xb0\x12,\xb1\x00\x0fCUX\xb1\x0f\x0fC\xb0\x01a\
B\xb0\x0f+Y\xb0\x00C\xb0\x02%B\xb1\x0c\x02%\
B\xb1\x0d\x02%B\xb0\x01\x16# \xb0\x03%PX\
\xb1\x01\x00C`\xb0\x04%B\x8a\x8a \x8a#a\xb0\
\x0e*!#\xb0\x01a \x8a#a\xb0\x0e*!\x1b\
\xb1\x01\x00C`\xb0\x02%B\xb0\x02%a\xb0\x0e*\
!Y\xb0\x0cCG\xb0\x0dCG`\xb0\x02b \xb0\
\x00PX\xb0@`Yf\xb0\x01c \xb0\x0bCc\
\xb8\x04\x00b \xb0\x00PX\xb0@`Yf\xb0\x01\
c`\xb1\x00\x00\x13#D\xb0\x01C\xb0\x00>\xb2\x01\
\x01\x01C`B-\xb0\x13,\x00\xb1\x00\x02ETX\
\xb0\x0f#B E\xb0\x0b#B\xb0\x0a#\xb0\x03`\
B `\xb0\x01a\xb5\x11\x11\x01\x00\x0e\x00BB\x8a\
`\xb1\x12\x06+\xb0\x89+\x1b\x22Y-\xb0\x14,\xb1\
\x00\x13+-\xb0\x15,\xb1\x01\x13+-\xb0\x16,\xb1\
\x02\x13+-\xb0\x17,\xb1\x03\x13+-\xb0\x18,\xb1\
\x04\x13+-\xb0\x19,\xb1\x05\x13+-\xb0\x1a,\xb1\
\x06\x13+-\xb0\x1b,\xb1\x07\x13+-\xb0\x1c,\xb1\
\x08\x13+-\xb0\x1d,\xb1\x09\x13+-\xb0),#\
 \xb0\x10bf\xb0\x01c\xb0\x06`KTX# \
.\xb0\x01]\x1b!!Y-\xb0*,# \xb0\x10\
bf\xb0\x01c\xb0\x16`KTX# .\xb0\x01\
q\x1b!!Y-\xb0+,# \xb0\x10bf\xb0\
\x01c\xb0&`KTX# .\xb0\x01r\x1b!\
!Y-\xb0\x1e,\x00\xb0\x0d+\xb1\x00\x02ETX\
\xb0\x0f#B E\xb0\x0b#B\xb0\x0a#\xb0\x03`\
B `\xb0\x01a\xb5\x11\x11\x01\x00\x0e\x00BB\x8a\
`\xb1\x12\x06+\xb0\x89+\x1b\x22Y-\xb0\x1f,\xb1\
\x00\x1e+-\xb0 ,\xb1\x01\x1e+-\xb0!,\xb1\
\x02\x1e+-\xb0\x22,\xb1\x03\x1e+-\xb0#,\xb1\
\x04\x1e+-\xb0$,\xb1\x05\x1e+-\xb0%,\xb1\
\x06\x1e+-\xb0&,\xb1\x07\x1e+-\xb0',\xb1\
\x08\x1e+-\xb0(,\xb1\x09\x1e+-\xb0,, \
<\xb0\x01`-\xb0-, `\xb0\x11` C#\
\xb0\x01`C\xb0\x02%a\xb0\x01`\xb0,*!-\
\xb0.,\xb0-+\xb0-*-\xb0/,  G\
  \xb0\x0bCc\xb8\x04\x00b \xb0\x00PX\xb0\
@`Yf\xb0\x01c`#a8# \x8aUX\
 G  \xb0\x0bCc\xb8\x04\x00b \xb0\x00P\
X\xb0@`Yf\xb0\x01c`#a8\x1b!Y\
-\xb00,\x00\xb1\x00\x02ETX\xb0\x01\x16\xb0/\
*\xb1\x05\x01\x15EX0Y\x1b\x22Y-\xb01,\
\x00\xb0\x0d+\xb1\x00\x02ETX\xb0\x01\x16\xb0/*\
\xb1\x05\x01\x15EX0Y\x1b\x22Y-\xb02, \
5\xb0\x01`-\xb03,\x00\xb0\x01Ec\xb8\x04\x00\
b \xb0\x00PX\xb0@`Yf\xb0\x01c\xb0\x01\
+\xb0\x0bCc\xb8\x04\x00b \xb0\x00PX\xb0@\
`Yf\xb0\x01c\xb0\x01+\xb0\x00\x16\xb4\x00\x00\x00\
\x00\x00D>#8\xb12\x01\x15*!-\xb04,\
 < G \xb0\x0bCc\xb8\x04\x00b \xb0\x00\
PX\xb0@`Yf\xb0\x01c`\xb0\x00Ca8\
-\xb05,.\x17<-\xb06, < G \
\xb0\x0bCc\xb8\x04\x00b \xb0\x00PX\xb0@`\
Yf\xb0\x01c`\xb0\x00Ca\xb0\x01Cc8-\
\xb07,\xb1\x02\x00\x16% . G\xb0\x00#B\
\xb0\x02%I\x8a\x8aG#G#a Xb\x1b!\
Y\xb0\x01#B\xb26\x01\x01\x15\x14*-\xb08,\
\xb0\x00\x16\xb0\x10#B\xb0\x04%\xb0\x04%G#G\
#a\xb0\x09C+e\x8a.#  <\x8a8-\
\xb09,\xb0\x00\x16\xb0\x10#B\xb0\x04%\xb0\x04%\
 .G#G#a \xb0\x04#B\xb0\x09C+\
 \xb0`PX \xb0@QX\xb3\x02 \x03 \x1b\
\xb3\x02&\x03\x1aYBB# \xb0\x08C \x8a#\
G#G#a#F`\xb0\x04C\xb0\x02b \xb0\
\x00PX\xb0@`Yf\xb0\x01c` \xb0\x01+\
 \x8a\x8aa \xb0\x02C`d#\xb0\x03Cad\
PX\xb0\x02Ca\x1b\xb0\x03C`Y\xb0\x03%\xb0\
\x02b \xb0\x00PX\xb0@`Yf\xb0\x01ca\
#  \xb0\x04&#Fa8\x1b#\xb0\x08CF\
\xb0\x02%\xb0\x08CG#G#a` \xb0\x04C\
\xb0\x02b \xb0\x00PX\xb0@`Yf\xb0\x01c\
`# \xb0\x01+#\xb0\x04C`\xb0\x01+\xb0\x05\
%a\xb0\x05%\xb0\x02b \xb0\x00PX\xb0@`\
Yf\xb0\x01c\xb0\x04&a \xb0\x04%`d#\
\xb0\x03%`dPX!\x1b#!Y#  \xb0\
\x04&#Fa8Y-\xb0:,\xb0\x00\x16\xb0\x10\
#B   \xb0\x05& .G#G#a#\
<8-\xb0;,\xb0\x00\x16\xb0\x10#B \xb0\x08\
#B   F#G\xb0\x01+#a8-\xb0\
<,\xb0\x00\x16\xb0\x10#B\xb0\x03%\xb0\x02%G\
#G#a\xb0\x00TX. <#!\x1b\xb0\x02\
%\xb0\x02%G#G#a \xb0\x05%\xb0\x04%\
G#G#a\xb0\x06%\xb0\x05%I\xb0\x02%a\
\xb9\x08\x00\x08\x00cc# Xb\x1b!Yc\xb8\
\x04\x00b \xb0\x00PX\xb0@`Yf\xb0\x01c\
`#.#  <\x8a8#!Y-\xb0=,\
\xb0\x00\x16\xb0\x10#B \xb0\x08C .G#G\
#a `\xb0 `f\xb0\x02b \xb0\x00PX\
\xb0@`Yf\xb0\x01c#  <\x8a8-\xb0\
>,# .F\xb0\x02%F\xb0\x10CXP\x1b\
RYX <Y.\xb1.\x01\x14+-\xb0?,\
# .F\xb0\x02%F\xb0\x10CXR\x1bPY\
X <Y.\xb1.\x01\x14+-\xb0@,# \
.F\xb0\x02%F\xb0\x10CXP\x1bRYX \
<Y# .F\xb0\x02%F\xb0\x10CXR\x1b\
PYX <Y.\xb1.\x01\x14+-\xb0A,\
\xb08+# .F\xb0\x02%F\xb0\x10CXP\
\x1bRYX <Y.\xb1.\x01\x14+-\xb0B\
,\xb09+\x8a  <\xb0\x04#B\x8a8# \
.F\xb0\x02%F\xb0\x10CXP\x1bRYX \
<Y.\xb1.\x01\x14+\xb0\x04C.\xb0.+-\
\xb0C,\xb0\x00\x16\xb0\x04%\xb0\x04& .G#\
G#a\xb0\x09C+# < .#8\xb1.\
\x01\x14+-\xb0D,\xb1\x08\x04%B\xb0\x00\x16\xb0\
\x04%\xb0\x04% .G#G#a \xb0\x04#\
B\xb0\x09C+ \xb0`PX \xb0@QX\xb3\
\x02 \x03 \x1b\xb3\x02&\x03\x1aYBB# G\
\xb0\x04C\xb0\x02b \xb0\x00PX\xb0@`Yf\
\xb0\x01c` \xb0\x01+ \x8a\x8aa \xb0\x02C\
`d#\xb0\x03CadPX\xb0\x02Ca\x1b\xb0\
\x03C`Y\xb0\x03%\xb0\x02b \xb0\x00PX\xb0\
@`Yf\xb0\x01ca\xb0\x02%Fa8# \
<#8\x1b!  F#G\xb0\x01+#a8\
!Y\xb1.\x01\x14+-\xb0E,\xb1\x008+.\
\xb1.\x01\x14+-\xb0F,\xb1\x009+!# \
 <\xb0\x04#B#8\xb1.\x01\x14+\xb0\x04C\
.\xb0.+-\xb0G,\xb0\x00\x15 G\xb0\x00#\
B\xb2\x00\x01\x01\x15\x14\x13.\xb04*-\xb0H,\
\xb0\x00\x15 G\xb0\x00#B\xb2\x00\x01\x01\x15\x14\x13\
.\xb04*-\xb0I,\xb1\x00\x01\x14\x13\xb05*\
-\xb0J,\xb07*-\xb0K,\xb0\x00\x16E#\
 . F\x8a#a8\xb1.\x01\x14+-\xb0L\
,\xb0\x08#B\xb0K+-\xb0M,\xb2\x00\x00D\
+-\xb0N,\xb2\x00\x01D+-\xb0O,\xb2\x01\
\x00D+-\xb0P,\xb2\x01\x01D+-\xb0Q,\
\xb2\x00\x00E+-\xb0R,\xb2\x00\x01E+-\xb0\
S,\xb2\x01\x00E+-\xb0T,\xb2\x01\x01E+\
-\xb0U,\xb3\x00\x00\x00A+-\xb0V,\xb3\x00\
\x01\x00A+-\xb0W,\xb3\x01\x00\x00A+-\xb0\
X,\xb3\x01\x01\x00A+-\xb0Y,\xb3\x00\x00\x01\
A+-\xb0Z,\xb3\x00\x01\x01A+-\xb0[,\
\xb3\x01\x00\x01A+-\xb0\x5c,\xb3\x01\x01\x01A+\
-\xb0],\xb2\x00\x00C+-\xb0^,\xb2\x00\x01\
C+-\xb0_,\xb2\x01\x00C+-\xb0`,\xb2\
\x01\x01C+-\xb0a,\xb2\x00\x00F+-\xb0b\
,\xb2\x00\x01F+-\xb0c,\xb2\x01\x00F+-\
\xb0d,\xb2\x01\x01F+-\xb0e,\xb3\x00\x00\x00\
B+-\xb0f,\xb3\x00\x01\x00B+-\xb0g,\
\xb3\x01\x00\x00B+-\xb0h,\xb3\x01\x01\x00B+\
-\xb0i,\xb3\x00\x00\x01B+-\xb0j,\xb3\x00\
\x01\x01B+-\xb0k,\xb3\x01\x00\x01B+-\xb0\
l,\xb3\x01\x01\x01B+-\xb0m,\xb1\x00:+\
.\xb1.\x01\x14+-\xb0n,\xb1\x00:+\xb0>\
+-\xb0o,\xb1\x00:+\xb0?+-\xb0p,\
\xb0\x00\x16\xb1\x00:+\xb0@+-\xb0q,\xb1\x01\
:+\xb0>+-\xb0r,\xb1\x01:+\xb0?+\
-\xb0s,\xb0\x00\x16\xb1\x01:+\xb0@+-\xb0\
t,\xb1\x00;+.\xb1.\x01\x14+-\xb0u,\
\xb1\x00;+\xb0>+-\xb0v,\xb1\x00;+\xb0\
?+-\xb0w,\xb1\x00;+\xb0@+-\xb0x\
,\xb1\x01;+\xb0>+-\xb0y,\xb1\x01;+\
\xb0?+-\xb0z,\xb1\x01;+\xb0@+-\xb0\
{,\xb1\x00<+.\xb1.\x01\x14+-\xb0|,\
\xb1\x00<+\xb0>+-\xb0},\xb1\x00<+\xb0\
?+-\xb0~,\xb1\x00<+\xb0@+-\xb0\x7f\
,\xb1\x01<+\xb0>+-\xb0\x80,\xb1\x01<+\
\xb0?+-\xb0\x81,\xb1\x01<+\xb0@+-\xb0\
\x82,\xb1\x00=+.\xb1.\x01\x14+-\xb0\x83,\
\xb1\x00=+\xb0>+-\xb0\x84,\xb1\x00=+\xb0\
?+-\xb0\x85,\xb1\x00=+\xb0@+-\xb0\x86\
,\xb1\x01=+\xb0>+-\xb0\x87,\xb1\x01=+\
\xb0?+-\xb0\x88,\xb1\x01=+\xb0@+-\xb0\
\x89,\xb3\x09\x04\x02\x03EX!\x1b#!YB+\
\xb0\x08e\xb0\x03$Px\xb1\x05\x01\x15EX0Y\
-\x00\x00\x00K\xb8\x00\xc8RX\xb1\x01\x01\x8eY\xb0\
\x01\xb9\x08\x00\x08\x00cp\xb1\x00\x07B\xb4G3\x1f\
\x03\x00*\xb1\x00\x07B\xb7:\x08&\x08\x12\x08\x03\x08\
*\xb1\x00\x07B\xb7D\x060\x06\x1c\x06\x03\x08*\xb1\
\x00\x0aB\xbc\x0e\xc0\x09\xc0\x04\xc0\x00\x03\x00\x09*\xb1\
\x00\x0dB\xbc\x00@\x00@\x00@\x00\x03\x00\x09*\xb1\
\x03\x00D\xb1$\x01\x88QX\xb0@\x88X\xb1\x03d\
D\xb1&\x01\x88QX\xba\x08\x80\x00\x01\x04@\x88c\
TX\xb1\x03\x00DYYYY\xb7<\x08(\x08\x14\
\x08\x03\x0c*\xb8\x01\xff\x85\xb0\x04\x8d\xb1\x02\x00D\xb3\
\x05d\x06\x00DD\x00\x00\x00\x00\x00\x00\x00\x00\x00\x00\
\x00\x00\x00\x00\x00\x00\x00\x00\x00\x00\x00\x00\x00\x00\x00\x00\
\x00\x00\x00\x00\x00\x00\x00\x00R\x00R\x00C\x00C\x02\
\xc1\x00\x00\x02\xc1\x01\xe7\x00\x00\xffL\x04?\xfe\xed\x02\
\xc9\xff\xf8\x02\xc1\x01\xf3\xff\xf9\xffE\x04?\xfe\xed\x00\
R\x00R\x00C\x00C\x01\xa7\x00\x00\x02\xc1\x01\xe7\x00\
\x00\xffL\x04?\xfe\xed\x01\xab\xff\xfc\x02\xc1\x01\xf3\xff\
\xf9\xffL\x04?\xfe\xed\x00R\x00R\x00C\x00C\x02\
\xc1\x01\x1a\x02\xc1\x01\xe7\x00\x00\xffL\x04?\xfe\xed\x02\
\xc5\x01\x16\x02\xc1\x01\xf3\xff\xf9\xffE\x04?\xfe\xed\x00\
\x00\x00\x0d\x00\xa2\x00\x03\x00\x01\x04\x09\x00\x00\x00\x84\x00\
\x00\x00\x03\x00\x01\x04\x09\x00\x01\x00\x16\x00\x84\x00\x03\x00\
\x01\x04\x09\x00\x02\x00\x0e\x00\x9a\x00\x03\x00\x01\x04\x09\x00\
\x03\x00:\x00\xa8\x00\x03\x00\x01\x04\x09\x00\x04\x00&\x00\
\xe2\x00\x03\x00\x01\x04\x09\x00\x05\x00\x1a\x01\x08\x00\x03\x00\
\x01\x04\x09\x00\x06\x00$\x01\x22\x00\x03\x00\x01\x04\x09\x00\
\x08\x00\x18\x01F\x00\x03\x00\x01\x04\x09\x00\x09\x00\x18\x01\
F\x00\x03\x00\x01\x04\x09\x00\x0b\x002\x01^\x00\x03\x00\
\x01\x04\x09\x00\x0c\x002\x01^\x00\x03\x00\x01\x04\x09\x00\
\x0d\x01 \x01\x90\x00\x03\x00\x01\x04\x09\x00\x0e\x004\x02\
\xb0\x00C\x00o\x00p\x00y\x00r\x00i\x00g\x00\
h\x00t\x00 \x002\x000\x001\x006\x00 \x00\
T\x00h\x00e\x00 \x00N\x00u\x00n\x00i\x00\
t\x00o\x00 \x00P\x00r\x00o\x00j\x00e\x00\
c\x00t\x00 \x00A\x00u\x00t\x00h\x00o\x00\
r\x00s\x00 \x00(\x00c\x00o\x00n\x00t\x00\
a\x00c\x00t\x00@\x00s\x00a\x00n\x00s\x00\
o\x00x\x00y\x00g\x00e\x00n\x00.\x00c\x00\
o\x00m\x00)\x00N\x00u\x00n\x00i\x00t\x00\
o\x00 \x00S\x00a\x00n\x00s\x00R\x00e\x00\
g\x00u\x00l\x00a\x00r\x002\x00.\x000\x00\
0\x001\x00;\x00U\x00K\x00W\x00N\x00;\x00\
N\x00u\x00n\x00i\x00t\x00o\x00S\x00a\x00\
n\x00s\x00-\x00R\x00e\x00g\x00u\x00l\x00\
a\x00r\x00N\x00u\x00n\x00i\x00t\x00o\x00\
 \x00S\x00a\x00n\x00s\x00 \x00R\x00e\x00\
g\x00u\x00l\x00a\x00r\x00V\x00e\x00r\x00\
s\x00i\x00o\x00n\x00 \x002\x00.\x000\x00\
0\x001\x00N\x00u\x00n\x00i\x00t\x00o\x00\
S\x00a\x00n\x00s\x00-\x00R\x00e\x00g\x00\
u\x00l\x00a\x00r\x00V\x00e\x00r\x00n\x00\
o\x00n\x00 \x00A\x00d\x00a\x00m\x00s\x00\
h\x00t\x00t\x00p\x00:\x00/\x00/\x00w\x00\
w\x00w\x00.\x00s\x00a\x00n\x00s\x00o\x00\
x\x00y\x00g\x00e\x00n\x00.\x00c\x00o\x00\
m\x00T\x00h\x00i\x00s\x00 \x00F\x00o\x00\
n\x00t\x00 \x00S\x00o\x00f\x00t\x00w\x00\
a\x00r\x00e\x00 \x00i\x00s\x00 \x00l\x00\
i\x00c\x00e\x00n\x00s\x00e\x00d\x00 \x00\
u\x00n\x00d\x00e\x00r\x00 \x00t\x00h\x00\
e\x00 \x00S\x00I\x00L\x00 \x00O\x00p\x00\
e\x00n\x00 \x00F\x00o\x00n\x00t\x00 \x00\
L\x00i\x00c\x00e\x00n\x00s\x00e\x00,\x00\
 \x00V\x00e\x00r\x00s\x00i\x00o\x00n\x00\
 \x001\x00.\x001\x00.\x00 \x00T\x00h\x00\
i\x00s\x00 \x00l\x00i\x00c\x00e\x00n\x00\
s\x00e\x00 \x00i\x00s\x00 \x00a\x00v\x00\
a\x00i\x00l\x00a\x00b\x00l\x00e\x00 \x00\
w\x00i\x00t\x00h\x00 \x00a\x00 \x00F\x00\
A\x00Q\x00 \x00a\x00t\x00:\x00 \x00h\x00\
t\x00t\x00p\x00:\x00/\x00/\x00s\x00c\x00\
r\x00i\x00p\x00t\x00s\x00.\x00s\x00i\x00\
l\x00.\x00o\x00r\x00g\x00/\x00O\x00F\x00\
L\x00h\x00t\x00t\x00p\x00:\x00/\x00/\x00\
s\x00c\x00r\x00i\x00p\x00t\x00s\x00.\x00\
s\x00i\x00l\x00.\x00o\x00r\x00g\x00/\x00\
O\x00F\x00L\x00\x00\x00\x02\x00\x00\x00\x00\x00\x00\xff\
\xb5\x002\x00\x00\x00\x00\x00\x00\x00\x00\x00\x00\x00\x00\x00\
\x00\x00\x00\x00\x00\x00\x00\x03\x09\x00\x00\x01\x02\x00\x02\x00\
\x03\x00$\x00\xc9\x01\x03\x01\x04\x01\x05\x01\x06\x01\x07\x01\
\x08\x00\xc7\x01\x09\x01\x0a\x01\x0b\x01\x0c\x01\x0d\x01\x0e\x00\
b\x01\x0f\x00\xad\x01\x10\x01\x11\x01\x12\x01\x13\x00c\x01\
\x14\x00\xae\x00\x90\x01\x15\x00%\x00&\x00\xfd\x00\xff\x00\
d\x01\x16\x01\x17\x01\x18\x00'\x01\x19\x00\xe9\x01\x1a\x01\
\x1b\x01\x1c\x01\x1d\x01\x1e\x00(\x00e\x01\x1f\x01 \x01\
!\x01\x22\x00\xc8\x01#\x01$\x01%\x01&\x01'\x01\
(\x00\xca\x01)\x01*\x00\xcb\x01+\x01,\x01-\x01\
.\x01/\x010\x011\x00)\x00*\x00\xf8\x012\x01\
3\x014\x015\x016\x00+\x017\x018\x019\x01\
:\x00,\x00\xcc\x01;\x00\xcd\x01<\x00\xce\x01=\x00\
\xfa\x01>\x00\xcf\x01?\x01@\x01A\x01B\x01C\x00\
-\x01D\x00.\x01E\x00/\x01F\x01G\x01H\x01\
I\x01J\x01K\x01L\x01M\x00\xe2\x000\x01N\x00\
1\x01O\x01P\x01Q\x01R\x01S\x01T\x01U\x01\
V\x01W\x00f\x002\x00\xd0\x01X\x00\xd1\x01Y\x01\
Z\x01[\x01\x5c\x01]\x01^\x00g\x01_\x01`\x01\
a\x00\xd3\x01b\x01c\x01d\x01e\x01f\x01g\x01\
h\x01i\x01j\x01k\x01l\x01m\x01n\x00\x91\x01\
o\x00\xaf\x01p\x01q\x01r\x00\xb0\x003\x00\xed\x00\
4\x005\x01s\x01t\x01u\x01v\x01w\x01x\x01\
y\x006\x01z\x01{\x00\xe4\x01|\x00\xfb\x01}\x01\
~\x01\x7f\x01\x80\x01\x81\x01\x82\x01\x83\x007\x01\x84\x01\
\x85\x01\x86\x01\x87\x01\x88\x01\x89\x008\x00\xd4\x01\x8a\x00\
\xd5\x01\x8b\x00h\x01\x8c\x00\xd6\x01\x8d\x01\x8e\x01\x8f\x01\
\x90\x01\x91\x01\x92\x01\x93\x01\x94\x01\x95\x01\x96\x01\x97\x01\
\x98\x01\x99\x01\x9a\x01\x9b\x009\x00:\x01\x9c\x01\x9d\x01\
\x9e\x01\x9f\x00;\x00<\x00\xeb\x01\xa0\x00\xbb\x01\xa1\x01\
\xa2\x01\xa3\x01\xa4\x01\xa5\x01\xa6\x00=\x01\xa7\x00\xe6\x01\
\xa8\x01\xa9\x01\xaa\x00D\x00i\x01\xab\x01\xac\x01\xad\x01\
\xae\x01\xaf\x01\xb0\x01\xb1\x00k\x01\xb2\x01\xb3\x01\xb4\x01\
\xb5\x01\xb6\x01\xb7\x00l\x01\xb8\x01\xb9\x00j\x01\xba\x01\
\xbb\x01\xbc\x01\xbd\x00n\x01\xbe\x00m\x00\xa0\x01\xbf\x00\
E\x00F\x00\xfe\x01\x00\x00o\x01\xc0\x01\xc1\x01\xc2\x00\
G\x00\xea\x01\xc3\x01\x01\x01\xc4\x01\xc5\x01\xc6\x00H\x00\
p\x01\xc7\x01\xc8\x01\xc9\x00r\x01\xca\x01\xcb\x01\xcc\x01\
\xcd\x01\xce\x01\xcf\x00s\x01\xd0\x01\xd1\x00q\x01\xd2\x01\
\xd3\x01\xd4\x01\xd5\x01\xd6\x01\xd7\x01\xd8\x01\xd9\x00I\x00\
J\x00\xf9\x01\xda\x01\xdb\x01\xdc\x01\xdd\x01\xde\x00K\x01\
\xdf\x01\xe0\x01\xe1\x01\xe2\x00L\x00\xd7\x00t\x01\xe3\x00\
v\x01\xe4\x00w\x01\xe5\x01\xe6\x01\xe7\x00u\x01\xe8\x01\
\xe9\x01\xea\x01\xeb\x01\xec\x00M\x01\xed\x01\xee\x00N\x01\
\xef\x01\xf0\x00O\x01\xf1\x01\xf2\x01\xf3\x01\xf4\x01\xf5\x01\
\xf6\x01\xf7\x00\xe3\x00P\x01\xf8\x00Q\x01\xf9\x01\xfa\x01\
\xfb\x01\xfc\x01\xfd\x01\xfe\x01\xff\x02\x00\x02\x01\x00x\x00\
R\x00y\x02\x02\x00{\x02\x03\x02\x04\x02\x05\x02\x06\x02\
\x07\x02\x08\x00|\x02\x09\x02\x0a\x02\x0b\x00z\x02\x0c\x02\
\x0d\x02\x0e\x02\x0f\x02\x10\x02\x11\x02\x12\x02\x13\x02\x14\x02\
\x15\x02\x16\x02\x17\x02\x18\x00\xa1\x02\x19\x00}\x02\x1a\x02\
\x1b\x02\x1c\x00\xb1\x00S\x00\xee\x00T\x00U\x02\x1d\x02\
\x1e\x02\x1f\x02 \x02!\x02\x22\x02#\x00V\x02$\x02\
%\x00\xe5\x02&\x00\xfc\x02'\x02(\x02)\x02*\x02\
+\x00\x89\x00W\x02,\x02-\x02.\x02/\x020\x02\
1\x022\x00X\x00~\x023\x00\x80\x024\x00\x81\x02\
5\x00\x7f\x026\x027\x028\x029\x02:\x02;\x02\
<\x02=\x02>\x02?\x02@\x02A\x02B\x02C\x02\
D\x00Y\x00Z\x02E\x02F\x02G\x02H\x00[\x00\
\x5c\x00\xec\x02I\x00\xba\x02J\x02K\x02L\x02M\x02\
N\x02O\x00]\x02P\x00\xe7\x02Q\x02R\x02S\x02\
T\x02U\x02V\x02W\x02X\x02Y\x02Z\x02[\x02\
\x5c\x02]\x02^\x02_\x02`\x02a\x02b\x02c\x02\
d\x02e\x02f\x02g\x02h\x02i\x02j\x02k\x02\
l\x02m\x02n\x00\xc0\x00\xc1\x02o\x02p\x00\x9d\x00\
\x9e\x02q\x02r\x02s\x02t\x00\x9b\x00\x13\x00\x14\x00\
\x15\x00\x16\x00\x17\x00\x18\x00\x19\x00\x1a\x00\x1b\x00\x1c\x02\
u\x02v\x02w\x02x\x02y\x02z\x02{\x02|\x02\
}\x02~\x02\x7f\x02\x80\x02\x81\x02\x82\x02\x83\x02\x84\x02\
\x85\x02\x86\x02\x87\x02\x88\x02\x89\x02\x8a\x02\x8b\x02\x8c\x02\
\x8d\x02\x8e\x02\x8f\x02\x90\x02\x91\x02\x92\x02\x93\x02\x94\x02\
\x95\x02\x96\x02\x97\x02\x98\x02\x99\x02\x9a\x02\x9b\x02\x9c\x02\
\x9d\x02\x9e\x02\x9f\x02\xa0\x02\xa1\x02\xa2\x02\xa3\x02\xa4\x02\
\xa5\x02\xa6\x02\xa7\x02\xa8\x00\xbc\x00\xf4\x00\xf5\x00\xf6\x00\
\x0d\x00?\x00\xc3\x00\x87\x00\x1d\x00\x0f\x00\xab\x00\x04\x00\
\xa3\x00\x06\x00\x11\x00\x22\x00\xa2\x00\x05\x00\x0a\x00\x1e\x00\
\x12\x00B\x02\xa9\x00^\x00`\x00>\x00@\x00\x0b\x00\
\x0c\x00\xb3\x00\xb2\x02\xaa\x02\xab\x00\x10\x02\xac\x02\xad\x00\
\xa9\x00\xaa\x00\xbe\x00\xbf\x00\xc5\x00\xb4\x00\xb5\x00\xb6\x00\
\xb7\x00\xc4\x02\xae\x02\xaf\x02\xb0\x02\xb1\x02\xb2\x02\xb3\x02\
\xb4\x00\x84\x02\xb5\x00\xbd\x00\x07\x02\xb6\x02\xb7\x00\xa6\x00\
\xf7\x02\xb8\x02\xb9\x02\xba\x02\xbb\x02\xbc\x02\xbd\x02\xbe\x02\
\xbf\x02\xc0\x02\xc1\x00\x85\x02\xc2\x00\x96\x02\xc3\x02\xc4\x00\
\x0e\x00\xef\x00\xf0\x00\xb8\x00 \x00\x8f\x00!\x00\x1f\x00\
\x95\x00\x94\x00\x93\x00\xa7\x00a\x00\xa4\x02\xc5\x00\x92\x00\
\x9c\x02\xc6\x02\xc7\x00\x9a\x00\x99\x00\xa5\x02\xc8\x00\x98\x00\
\x08\x00\xc6\x00\xb9\x02\xc9\x00#\x00\x09\x00\x88\x00\x86\x00\
\x8b\x00\x8a\x00\x8c\x00\x83\x00_\x00\xe8\x00\x82\x02\xca\x00\
\xc2\x02\xcb\x02\xcc\x00A\x02\xcd\x02\xce\x02\xcf\x02\xd0\x02\
\xd1\x02\xd2\x02\xd3\x02\xd4\x02\xd5\x02\xd6\x02\xd7\x02\xd8\x02\
\xd9\x02\xda\x02\xdb\x02\xdc\x02\xdd\x02\xde\x02\xdf\x02\xe0\x02\
\xe1\x02\xe2\x02\xe3\x02\xe4\x02\xe5\x02\xe6\x02\xe7\x02\xe8\x02\
\xe9\x02\xea\x02\xeb\x02\xec\x02\xed\x02\xee\x02\xef\x02\xf0\x02\
\xf1\x02\xf2\x02\xf3\x02\xf4\x02\xf5\x02\xf6\x02\xf7\x02\xf8\x02\
\xf9\x02\xfa\x02\xfb\x02\xfc\x02\xfd\x02\xfe\x02\xff\x03\x00\x03\
\x01\x00\x8d\x00\xdb\x00\xe1\x00\xde\x00\xd8\x00\x8e\x00\xdc\x00\
C\x00\xdf\x00\xda\x00\xe0\x00\xdd\x00\xd9\x03\x02\x03\x03\x03\
\x04\x03\x05\x03\x06\x03\x07\x03\x08\x03\x09\x03\x0a\x03\x0b\x03\
\x0c\x03\x0d\x03\x0e\x03\x0f\x03\x10\x03\x11\x04NULL\
\x06Abreve\x07uni1EAE\x07\
uni1EB6\x07uni1EB0\x07\
uni1EB2\x07uni1EB4\x07\
uni1EA4\x07uni1EAC\x07\
uni1EA6\x07uni1EA8\x07\
uni1EAA\x07uni0200\x07\
uni1EA0\x07uni1EA2\x07\
uni0202\x07Amacron\x07\
Aogonek\x0aAringacu\
te\x07AEacute\x07uni1E\
08\x0bCcircumflex\x0aC\
dotaccent\x07uni01C\
4\x06Dcaron\x06Dcroat\x07\
uni1E0C\x07uni1E0E\x07\
uni01C5\x06Ebreve\x06E\
caron\x07uni0228\x07un\
i1E1C\x07uni1EBE\x07un\
i1EC6\x07uni1EC0\x07un\
i1EC2\x07uni1EC4\x07un\
i0204\x0aEdotaccent\
\x07uni1EB8\x07uni1EBA\
\x07uni0206\x07Emacron\
\x07uni1E16\x07uni1E14\
\x07Eogonek\x07uni1EBC\
\x06Gcaron\x0bGcircumf\
lex\x0cGcommaaccent\
\x0aGdotaccent\x07uni1\
E20\x04Hbar\x07uni1E2A\
\x0bHcircumflex\x07uni\
1E24\x06Ibreve\x07uni0\
208\x07uni1E2E\x07uni1\
ECA\x07uni1EC8\x07uni0\
20A\x07Imacron\x07Iogo\
nek\x06Itilde\x0bJcirc\
umflex\x0cKcommaacc\
ent\x07uni01C7\x06Lacu\
te\x06Lcaron\x0cLcomma\
accent\x04Ldot\x07uni1\
E36\x07uni01C8\x07uni1\
E3A\x07uni1E42\x07uni0\
1CA\x06Nacute\x06Ncaro\
n\x0cNcommaaccent\x07u\
ni1E44\x07uni1E46\x03E\
ng\x07uni01CB\x07uni1E\
48\x06Obreve\x07uni1ED\
0\x07uni1ED8\x07uni1ED\
2\x07uni1ED4\x07uni1ED\
6\x07uni020C\x07uni022\
A\x07uni0230\x07uni1EC\
C\x07uni1ECE\x05Ohorn\x07\
uni1EDA\x07uni1EE2\x07\
uni1EDC\x07uni1EDE\x07\
uni1EE0\x0dOhungaru\
mlaut\x07uni020E\x07Om\
acron\x07uni1E52\x07un\
i1E50\x07uni01EA\x0bOs\
lashacute\x07uni1E4\
C\x07uni1E4E\x07uni022\
C\x06Racute\x06Rcaron\x0c\
Rcommaaccent\x07uni\
0210\x07uni1E5A\x07uni\
0212\x07uni1E5E\x06Sac\
ute\x07uni1E64\x07uni1\
E66\x0bScircumflex\x0c\
Scommaaccent\x07uni\
1E60\x07uni1E62\x07uni\
1E68\x07uni1E9E\x07uni\
018F\x04Tbar\x06Tcaron\
\x07uni0162\x07uni021A\
\x07uni1E6C\x07uni1E6E\
\x06Ubreve\x07uni0214\x07\
uni1EE4\x07uni1EE6\x05\
Uhorn\x07uni1EE8\x07un\
i1EF0\x07uni1EEA\x07un\
i1EEC\x07uni1EEE\x0dUh\
ungarumlaut\x07uni0\
216\x07Umacron\x07uni1\
E7A\x07Uogonek\x05Urin\
g\x06Utilde\x07uni1E78\
\x06Wacute\x0bWcircumf\
lex\x09Wdieresis\x06Wg\
rave\x0bYcircumflex\
\x07uni1E8E\x07uni1EF4\
\x06Ygrave\x07uni1EF6\x07\
uni0232\x07uni1EF8\x06\
Zacute\x0aZdotaccen\
t\x07uni1E92\x10Iacute\
_J.loclNLD\x06abrev\
e\x07uni1EAF\x07uni1EB\
7\x07uni1EB1\x07uni1EB\
3\x07uni1EB5\x07uni01C\
E\x07uni1EA5\x07uni1EA\
D\x07uni1EA7\x07uni1EA\
9\x07uni1EAB\x07uni020\
1\x07uni0227\x07uni1EA\
1\x07uni1EA3\x07uni020\
3\x07amacron\x07aogone\
k\x0aaringacute\x07aea\
cute\x07uni1E09\x0bcci\
rcumflex\x0acdotacc\
ent\x06dcaron\x07uni1E\
0D\x07uni1E0F\x07uni01\
C6\x06ebreve\x06ecaron\
\x07uni1E1D\x07uni1EBF\
\x07uni1EC7\x07uni1EC1\
\x07uni1EC3\x07uni1EC5\
\x07uni0205\x0aedotacc\
ent\x07uni1EB9\x07uni1\
EBB\x07uni0207\x07emac\
ron\x07uni1E17\x07uni1\
E15\x07eogonek\x07uni1\
EBD\x07uni0259\x06gcar\
on\x0bgcircumflex\x0cg\
commaaccent\x0agdot\
accent\x07uni1E21\x04h\
bar\x07uni1E2B\x0bhcir\
cumflex\x07uni1E25\x06\
ibreve\x07uni0209\x07u\
ni1E2F\x09i.loclTRK\
\x07uni1ECB\x07uni1EC9\
\x07uni020B\x07imacron\
\x07iogonek\x06itilde\x07\
uni0237\x0bjcircumf\
lex\x0ckcommaaccent\
\x0ckgreenlandic\x06la\
cute\x06lcaron\x0clcom\
maaccent\x04ldot\x07un\
i1E37\x07uni01C9\x07un\
i1E3B\x07uni1E43\x06na\
cute\x0bnapostrophe\
\x06ncaron\x0cncommaac\
cent\x07uni1E45\x07uni\
1E47\x03eng\x07uni01CC\
\x07uni1E49\x06obreve\x07\
uni1ED1\x07uni1ED9\x07\
uni1ED3\x07uni1ED5\x07\
uni1ED7\x07uni020D\x07\
uni022B\x07uni0231\x07\
uni1ECD\x07uni1ECF\x05\
ohorn\x07uni1EDB\x07un\
i1EE3\x07uni1EDD\x07un\
i1EDF\x07uni1EE1\x0doh\
ungarumlaut\x07uni0\
20F\x07omacron\x07uni1\
E53\x07uni1E51\x07uni0\
1EB\x0boslashacute\x07\
uni1E4D\x07uni1E4F\x07\
uni022D\x06racute\x06r\
caron\x0crcommaacce\
nt\x07uni0211\x07uni1E\
5B\x07uni0213\x07uni1E\
5F\x06sacute\x07uni1E6\
5\x07uni1E67\x0bscircu\
mflex\x0cscommaacce\
nt\x07uni1E61\x07uni1E\
63\x07uni1E69\x04tbar\x06\
tcaron\x07uni0163\x07u\
ni021B\x07uni1E97\x07u\
ni1E6D\x07uni1E6F\x06u\
breve\x07uni0215\x07un\
i1EE5\x07uni1EE7\x05uh\
orn\x07uni1EE9\x07uni1\
EF1\x07uni1EEB\x07uni1\
EED\x07uni1EEF\x0duhun\
garumlaut\x07uni021\
7\x07umacron\x07uni1E7\
B\x07uogonek\x05uring\x06\
utilde\x07uni1E79\x06w\
acute\x0bwcircumfle\
x\x09wdieresis\x06wgra\
ve\x0bycircumflex\x07u\
ni1E8F\x07uni1EF5\x06y\
grave\x07uni1EF7\x07un\
i0233\x07uni1EF9\x06za\
cute\x0azdotaccent\x07\
uni1E93\x10iacute_j\
.loclNLD\x06a.ss01\x0b\
aacute.ss01\x0babre\
ve.ss01\x0cuni1EAF.\
ss01\x0cuni1EB7.ss0\
1\x0cuni1EB1.ss01\x0cu\
ni1EB3.ss01\x0cuni1\
EB5.ss01\x0cuni01CE\
.ss01\x10acircumfle\
x.ss01\x0cuni1EA5.s\
s01\x0cuni1EAD.ss01\
\x0cuni1EA7.ss01\x0cun\
i1EA9.ss01\x0cuni1E\
AB.ss01\x0cuni0201.\
ss01\x0eadieresis.s\
s01\x0cuni0227.ss01\
\x0cuni1EA1.ss01\x0bag\
rave.ss01\x0cuni1EA\
3.ss01\x0cuni0203.s\
s01\x0camacron.ss01\
\x0caogonek.ss01\x0aar\
ing.ss01\x0faringac\
ute.ss01\x0batilde.\
ss01\x0bI_J.loclNLD\
\x0bi_j.loclNLD\x07uni\
0394\x05Sigma\x07uni03\
A9\x07uni03BC\x08one.s\
s01\x0done.tosf.ss0\
1\x09zero.tosf\x08one.\
tosf\x08two.tosf\x0ath\
ree.tosf\x09four.to\
sf\x09five.tosf\x08six\
.tosf\x0aseven.tosf\
\x0aeight.tosf\x09nine\
.tosf\x07uni2080\x07un\
i2081\x07uni2082\x07un\
i2083\x07uni2084\x07un\
i2085\x07uni2086\x07un\
i2087\x07uni2088\x07un\
i2089\x09zero.dnom\x08\
one.dnom\x08two.dno\
m\x0athree.dnom\x09fou\
r.dnom\x09five.dnom\
\x08six.dnom\x0aseven.\
dnom\x0aeight.dnom\x09\
nine.dnom\x09zero.n\
umr\x08one.numr\x08two\
.numr\x0athree.numr\
\x09four.numr\x09five.\
numr\x08six.numr\x0ase\
ven.numr\x0aeight.n\
umr\x09nine.numr\x07un\
i2070\x07uni00B9\x07un\
i00B2\x07uni00B3\x07un\
i2074\x07uni2075\x07un\
i2076\x07uni2077\x07un\
i2078\x07uni2079\x16pe\
riodcentered.loc\
lCAT\x0afiguredash\x07\
uni2015\x07uni2010\x07\
uni00AD\x07uni2007\x07\
uni200A\x07uni2008\x07\
uni00A0\x07uni2009\x07\
uni200B\x07uni20B5\x0d\
colonmonetary\x04do\
ng\x04Euro\x07uni20B2\x07\
uni20AD\x04lira\x07uni\
20BA\x07uni20BC\x07uni\
20A6\x06peseta\x07uni2\
0B1\x07uni20BD\x07uni2\
0B9\x07uni20A9\x07uni2\
219\x07uni2215\x08empt\
yset\x07uni2126\x07uni\
2206\x07uni00B5\x07uni\
F8FF\x07uni2113\x09est\
imated\x07uni2116\x06m\
inute\x06second\x07uni\
0308\x07uni0307\x09gra\
vecomb\x09acutecomb\
\x07uni030B\x0dcaronco\
mb.alt\x07uni0302\x07u\
ni030C\x07uni0306\x07u\
ni030A\x09tildecomb\
\x07uni0304\x0dhookabo\
vecomb\x07uni030F\x07u\
ni0311\x07uni0312\x07u\
ni031B\x0cdotbelowc\
omb\x07uni0324\x07uni0\
326\x07uni0327\x07uni0\
328\x07uni032E\x07uni0\
331\x07uni0335\x0cuni0\
308.case\x0cuni0307\
.case\x0egravecomb.\
case\x0eacutecomb.c\
ase\x0cuni030B.case\
\x0cuni0302.case\x0cun\
i030C.case\x0cuni03\
06.case\x0cuni030A.\
case\x0etildecomb.c\
ase\x0cuni0304.case\
\x12hookabovecomb.c\
ase\x0cuni030F.case\
\x0cuni0311.case\x0cun\
i0312.case\x07uni02\
BC\x07uni02BB\x07uni02\
C9\x07uni02CB\x07uni02\
BF\x07uni02BE\x07uni02\
CA\x07uni02CC\x07uni02\
C8\x0cuni02BF.case\x0c\
uni02BE.case\x0buni\
03060301\x0buni0306\
0300\x0buni03060309\
\x0buni03060303\x0buni\
03020301\x0buni0302\
0300\x0buni03020309\
\x0buni03020303\x10uni\
03060301.case\x10un\
i03060300.case\x10u\
ni03060309.case\x10\
uni03060303.case\
\x10uni03020301.cas\
e\x10uni03020300.ca\
se\x10uni03020309.c\
ase\x10uni03020303.\
case\x00\x00\x00\x00\x01\x00\x01\xff\xff\x00\x0f\x00\
\x01\x00\x00\x00\x0c\x00\x00\x00\x00\x00\xbe\x00\x02\x00\x1d\x00\
\x04\x00\x18\x00\x01\x00\x1c\x00(\x00\x01\x00*\x00*\x00\
\x01\x00,\x00O\x00\x01\x00Q\x00`\x00\x01\x00b\x00\
g\x00\x01\x00i\x00o\x00\x01\x00q\x00y\x00\x01\x00\
{\x00\xb6\x00\x01\x00\xb8\x00\xb9\x00\x01\x00\xbb\x00\xd2\x00\
\x01\x00\xd4\x01\x04\x00\x01\x01\x06\x01\x06\x00\x01\x01\x08\x01\
\x13\x00\x01\x01\x15\x01\x15\x00\x01\x01\x17\x010\x00\x01\x01\
2\x01:\x00\x01\x01<\x01L\x00\x01\x01N\x01\x5c\x00\
\x01\x01^\x01f\x00\x01\x01h\x01\xa3\x00\x01\x01\xa5\x01\
\xa5\x00\x01\x01\xa7\x01\xbf\x00\x01\x01\xc1\x01\xf1\x00\x01\x01\
\xf3\x01\xf3\x00\x01\x01\xf5\x01\xf5\x00\x01\x02\xb9\x02\xbd\x00\
\x03\x02\xbf\x02\xe0\x00\x03\x02\xf9\x03\x08\x00\x03\x00\x02\x00\
\x06\x02\xb9\x02\xbd\x00\x02\x02\xbf\x02\xc8\x00\x02\x02\xca\x02\
\xcd\x00\x01\x02\xcf\x02\xd0\x00\x01\x02\xd2\x02\xe0\x00\x02\x02\
\xf9\x03\x08\x00\x02\x00\x00\x00\x01\x00\x00\x00\x0a\x008\x00\
v\x00\x02DFLT\x00\x0elatn\x00\x1e\x00\
\x04\x00\x00\x00\x00\xff\xff\x00\x03\x00\x00\x00\x02\x00\x04\x00\
\x04\x00\x00\x00\x00\xff\xff\x00\x03\x00\x01\x00\x03\x00\x05\x00\
\x06kern\x00&kern\x00&mar\
k\x00.mark\x00.mkmk\x004m\
kmk\x004\x00\x00\x00\x02\x00\x00\x00\x01\x00\x00\x00\
\x01\x00\x02\x00\x00\x00\x03\x00\x03\x00\x04\x00\x05\x00\x06\x00\
\x0e\x03\x08\x1a\xe24\x0e4x5.\x00\x02\x00\x08\x00\
\x02\x00\x0a\x02F\x00\x02\x11V\x00\x04\x00\x00\x11\x84\x01\
\x90\x00\x0c\x00\x10\x00\x00\xff\xf6\xff\xf6\xff\xf6\xff\xd5\xff\
\xf3\xff\xc1\xff\xd3\x00\x0a\xff\xce\xff\x92\xff\xef\x00\x00\x00\
\x00\x00\x00\x00\x00\x00\x00\x00\x00\x00\x03\x00\x03\x00\x00\x00\
\x00\x00\x00\x00\x00\x00\x19\x00\x14\x00(\x00+\x00(\x00\
\x03\x00\x0a\x00\x00\x00\x00\x00\x00\x00\x00\x00\x00\x00\x00\x00\
\x00\xff\xf0\x00\x00\xff\xf6\x00\x00\x009\xff\xe1\x00\x00\x00\
\x00\xff\xf5\xff\xf6\x00\x00\x00\x00\x00\x00\x00\x00\x00\x00\x00\
\x00\xff\xf6\x00\x00\xff\xf9\x00\x07\x00\x05\x00\x00\x00\x03\x00\
\x00\x00\x00\xff\xf6\x00\x00\x00\x00\x00\x00\x00\x00\x00\x00\x00\
\x00\xff\xe6\x00\x0a\xff\xf3\x00\x14\x00\x0a\x00\x00\x00\x00\x00\
\x00\x00\x00\xff\xf3\x00\x00\x00\x00\x00\x00\x00\x00\x00\x00\x00\
\x00\x00\x00\xff\xe2\xff\xf1\x00\x00\x00\x00\x00\x00\x00\x00\x00\
\x00\x00\x00\xff\xd5\x00\x00\xff\xf0\xff\xf6\xff\xf6\x00\x00\xff\
\xe6\x00\x00\xff\xd5\xff\xe0\xff\xd3\x00\x00\xff\xce\x00\x00\xff\
\xcb\xff\xd5\xff\xc1\x00\x00\x00\x00\x00\x00\x00\x00\xff\xe2\x00\
\x0a\xff\xd5\x00\x00\xff\xb9\x00\x00\x00C\xff\xcb\x00\x00\xff\
\xc1\xff\xcb\xff\xcb\x00\x00\x00\x00\x00\x00\x00\x00\x00\x07\x00\
\x07\xff\xfb\xff\xa9\x00\x08\xff\xed\xff\xf6\x00\x03\x00\x05\x00\
\x0d\x00\x03\x00\x03\x00\x00\x00\x00\x00\x00\x00\x0f\xff\xf6\x00\
\x05\xff\xce\x00\x00\xff\xd5\x00\x0f\x00<\xff\xce\x00!\xff\
\xd1\xff\xe7\xff\xd9\x00\x00\xff\xf5\x00\x00\x00\x00\x00\x00\x00\
\x00\xff\xd5\xff\xcb\x00\x11\xff\xd8\xff\xab\x00\x00\x00\x0a\x00\
\x00\x00\x00\x00\x00\x00\x00\xff\xec\xff\xf7\xff\xc4\xff\xc1\xff\
\xce\xff\xc1\xff\x95\x002\xff\xc4\xff\xd5\x002\x00(\x00\
\x07\x00%\x00\x00\x00\x02\x00\x1c\x02C\x02C\x00\x0f\x02\
E\x02F\x00\x06\x02G\x02G\x00\x01\x02H\x02I\x00\
\x07\x02J\x02J\x00\x02\x02K\x02K\x00\x03\x02M\x02\
M\x00\x07\x02N\x02N\x00\x08\x02O\x02O\x00\x09\x02\
R\x02R\x00\x01\x02S\x02S\x00\x0a\x02T\x02U\x00\
\x07\x02V\x02V\x00\x06\x02W\x02W\x00\x0c\x02Y\x02\
Y\x00\x0c\x02[\x02[\x00\x0c\x02\x5c\x02b\x00\x06\x02\
c\x02c\x00\x04\x02d\x02d\x00\x05\x02e\x02e\x00\
\x04\x02f\x02f\x00\x05\x02g\x02g\x00\x07\x02h\x02\
k\x00\x0e\x02l\x02l\x00\x07\x02\x89\x02\x89\x00\x06\x02\
\x8a\x02\x8a\x00\x0a\x02\xad\x02\xad\x00\x0b\x02\xae\x02\xae\x00\
\x0d\x00\x02\x16\x96\x00\x04\x00\x00\x16\xa0\x008\x00\x02\x00\
\x0a\x00\x00\x00\x03\xff\xcb\xff\xc1\x00\x1b\xff\xbf\xff\x84\x00\
\x00\x00\x00\x00\x00\x00\x00\x00\x00\x00\x11\x00\x0a\x00\x00\x00\
\x00\xff\xed\x00\x05\x00\x0d\x00\x07\x00\x02\x00\x14\x02C\x02\
C\x00\x09\x02E\x02F\x00\x02\x02G\x02G\x00\x07\x02\
H\x02I\x00\x03\x02K\x02K\x00\x08\x02M\x02M\x00\
\x03\x02N\x02N\x00\x04\x02O\x02O\x00\x05\x02R\x02\
R\x00\x07\x02S\x02S\x00\x06\x02T\x02U\x00\x03\x02\
V\x02V\x00\x02\x02W\x02W\x00\x01\x02Y\x02Y\x00\
\x01\x02[\x02[\x00\x01\x02\x5c\x02b\x00\x02\x02g\x02\
g\x00\x03\x02l\x02l\x00\x03\x02\x89\x02\x89\x00\x02\x02\
\x8a\x02\x8a\x00\x06\x00\x02\x00\x08\x00\x06\x00\x12\x02\xfe\x0c\
.\x10R\x15\x96\x16~\x00\x01\x00f\x00\x04\x00\x00\x00\
.\x00\xc6\x00\xec\x012\x012\x012\x012\x012\x01\
2\x012\x01X\x01X\x01X\x01X\x01X\x01X\x01\
~\x01\xa8\x01\xba\x01\xcc\x01\xde\x01\xde\x01\xf0\x01\xfe\x02\
\x10\x02\x22\x024\x02B\x02p\x02p\x02p\x02p\x02\
p\x02p\x02z\x02\xde\x02\x96\x02\x96\x02\x88\x02\xde\x02\
\x96\x02\x96\x02\xa0\x02\xa0\x02\xa0\x02\xde\x02\xde\x00\x01\x00\
.\x00G\x00j\x00\xb9\x00\xba\x00\xbb\x00\xbc\x00\xbd\x00\
\xbe\x00\xbf\x00\xd7\x00\xd8\x00\xd9\x00\xda\x00\xdb\x00\xdc\x01\
2\x01A\x01B\x01C\x01E\x01F\x01J\x01K\x01\
L\x01N\x01\x5c\x01]\x01{\x01|\x01}\x01~\x01\
\x7f\x01\x80\x01\x92\x02H\x02I\x02M\x02O\x02R\x02\
T\x02U\x02V\x02X\x02Z\x02g\x02l\x00\x09\x01\
B\x00(\x01C\x00\x05\x01D\x00\x1e\x01E\x00\x0d\x01\
F\x00\x0d\x01I\x002\x01K\x00\x1c\x01L\x00+\x01\
N\x00#\x00\x11\x00\xb9\xff\x8b\x00\xba\xff\x8b\x00\xbb\xff\
\x8b\x00\xbc\xff\x8b\x00\xbd\xff\x8b\x00\xbe\xff\x8b\x00\xbf\xff\
\x8b\x00\xde\xff\x97\x00\xdf\xff\x97\x00\xe0\xff\x97\x00\xe1\xff\
\x97\x00\xe2\xff\x97\x00\xe3\xff\x97\x00\xe4\xff\x97\x00\xe5\xff\
\x97\x00\xe6\xff\x97\x00\xe7\xff\x97\x00\x09\x01B\x009\x01\
C\x00\x0b\x01D\x00/\x01E\x00&\x01F\x00&\x01\
I\x00C\x01K\x00-\x01L\x00<\x01N\x005\x00\
\x09\x01B\x007\x01C\x00\x08\x01D\x00/\x01E\x00\
\x1c\x01F\x00\x1c\x01I\x00A\x01K\x00#\x01L\x00\
2\x01N\x00+\x00\x0a\x01;\x00\x13\x01B\x00W\x01\
C\x00\x10\x01D\x00I\x01E\x00=\x01F\x00=\x01\
I\x00a\x01K\x00=\x01L\x00K\x01N\x00K\x00\
\x04\x02N\x00\x17\x02W\x00C\x02Y\x00C\x02[\x00\
C\x00\x04\x02N\x00\x1e\x02W\x009\x02Y\x009\x02\
[\x009\x00\x04\x02N\x00+\x02W\x00\x08\x02Y\x00\
\x08\x02[\x00\x08\x00\x04\x02N\x00#\x02W\x00#\x02\
Y\x00#\x02[\x00#\x00\x03\x02W\x00\x0f\x02Y\x00\
\x0f\x02[\x00\x0f\x00\x04\x02N\x00C\x02W\x00#\x02\
Y\x00#\x02[\x00#\x00\x04\x02N\x00/\x02W\x00\
9\x02Y\x009\x02[\x009\x00\x04\x02N\x00%\x02\
W\x002\x02Y\x002\x02[\x002\x00\x03\x02W\x00\
P\x02Y\x00P\x02[\x00P\x00\x0b\x012\x00\x08\x01\
\xa5\x00\x08\x01\xa6\x00\x08\x01\xa7\x00\x08\x01\xa8\x00\x08\x01\
\xa9\x00\x08\x01\xaa\x00\x08\x01\xab\x00\x08\x01\xac\x00\x08\x01\
\xf6\x00\x08\x01\xf7\x00\x08\x00\x02\x02C\xff\xfa\x02N\x00\
\x03\x00\x03\x02W\x00/\x02Y\x00/\x02[\x00/\x00\
\x03\x01O\x00d\x01P\x00d\x01Q\x00d\x00\x02\x01\
O\x00\x00\x01P\x00\x00\x00\x0f\x01B\x009\x01C\x00\
\x08\x01D\x00/\x01E\x00#\x01F\x00#\x01I\x00\
A\x01K\x00#\x01L\x009\x01M\x00\x0f\x01N\x00\
+\x01O\x00g\x01P\x00g\x01Q\x00g\x01\x5c\x00\
P\x01\x98\x00;\x00\x03\x01O\x00\x0b\x01P\x00\x0b\x01\
Q\x00\x0b\x00\x02\x06Z\x00\x04\x00\x00\x06\xa0\x07\x94\x00\
\x17\x00#\x00\x00\x00\x14\xff\xe8\xff\xfa\xff\xad\xff\xfb\xff\
\xc1\xff\xf1\xff\xb2\xff\xf6\xff\xc3\xff\xb7\xff\xfa\xff\xf0\xff\
\xf1\xff\xaf\x00\x14\xff\xd2\xff\xcb\xff\xfa\x00\x1e\xff\xf5\xff\
\xb0\xff\xe9\xff\xed\xff\xff\xff\xf9\x00\x00\x00\x00\x00\x00\x00\
\x00\x00\x00\x00\x00\x00\x00\x00\x00\x00\x00\xff\xf9\x00\x00\x00\
\x00\xff\xf6\x00\x00\xff\xf6\xff\xf4\xff\xf2\x00\x00\x00\x00\x00\
\x03\x00\x00\x00\x00\x00\x01\x00\x05\xff\xf7\x00\x00\xff\xfc\x00\
\x00\x00\x00\x00\x00\xff\xf9\x00\x00\x00\x00\x00\x00\x00\x00\xff\
\xf9\x00\x00\x00\x00\x00\x00\x00\x00\x00\x00\x00\x00\x00\x00\x00\
\x00\xff\xf9\xff\xf5\xff\xf5\xff\xf6\x00\x00\xff\xf2\xff\xed\xff\
\xef\xff\xfa\x00\x00\x00\x00\xff\xf5\xff\xed\xff\xf0\x00\x03\x00\
\x0a\x00\x14\x00\x00\xff\xf6\x00\x13\xff\xf5\x00\x03\xff\xf0\xff\
\xf6\xff\xf0\x00\x00\xff\xef\xff\xf6\xff\xf6\xff\xf6\x00\x00\x00\
\x00\x00\x00\x00\x00\x00\x00\x00\x07\xff\xfc\xff\xf6\xff\xf4\x00\
\x00\xff\xfa\xff\xf7\xff\xf9\x00\x00\x00\x00\x00\x03\x00\x00\xff\
\xf5\xff\xff\x00\x00\x00\x0a\x00\x03\x00\x00\x00\x00\x00\x22\x00\
\x00\x00\x17\x00\x00\x00\x00\x00\x00\x00\x00\xff\xf2\x00\x00\x00\
\x00\x00\x00\x00\x03\x00\x00\x00\x00\x00\x00\x00\x00\xff\xc8\xff\
\xf0\xff\xea\x00\x02\x00\x00\x00\x04\xff\xef\xff\xfb\xff\xf6\x00\
\x00\x00\x0f\x00\x00\xff\xeb\xff\xfa\x00\x03\xff\xe4\x00\x0a\x00\
\x0a\xff\xf6\xff\xe5\x00\x00\x00/\x00\x00\xff\xf5\xff\xf1\xff\
\xf1\xff\xc2\xff\xf1\xff\xf6\xff\xf6\x00\x0f\x00\x03\xff\xf6\x00\
\x00\x00\x00\x00\x00\x00\x00\x00\x00\xff\xf5\x00\x00\xff\xf6\xff\
\xfb\xff\xf1\x00\x00\x00\x00\x00\x04\x00\x00\x00\x00\x00\x00\xff\
\xf7\x00\x00\x00\x00\xff\xf6\x00\x00\x00\x07\x00\x00\xff\xf6\x00\
\x00\x00\x00\x00\x00\x00\x00\x00\x00\x00\x00\x00\x00\x00\x00\xff\
\xf9\x00\x00\x00\x00\x00\x00\x00\x00\x00\x00\x00\x00\x00\x00\xff\
\xe6\x00\x00\xff\xea\x00\x00\xff\xea\xff\xf9\xff\xf4\x00\x00\x00\
\x00\x00\x00\x00\x00\x00\x00\xff\xf9\xff\xf3\xff\xe7\x00\x00\x00\
\x00\x00\x00\x00\x00\x00\x00\x00\x00\x00\x00\x00\x00\x00\x00\x00\
\x00\x00\x00\x00\x00\xff\xf1\x00\x00\x00\x00\x00\x00\x00\x00\xff\
\xec\x00\x00\x00\x00\x00\x00\x00\x00\x00\x00\x00\x00\x00\x00\x00\
\x00\x00\x00\x00\x00\x00\x00\x00\x00\x00\x00\x00\x00\xff\xf1\x00\
\x00\x00\x00\x00\x00\x00\x00\x00\x00\x00\x00\x00\x00\x00\x00\x00\
\x00\x00\x00\x00\x00\x00\x00\x00\x00\x00\x00\x00\x00\x00\x00\x00\
\x00\x00\x00\x00\x00\x00\x1e\xff\xe3\xff\xe6\x00\x00\xff\xf6\xff\
\xf6\xff\xf6\xff\xf4\x00\x00\xff\xed\x00\x00\xff\xf5\xff\xe1\xff\
\xe1\xff\xf9\x00\x0a\x00\x00\xff\xfd\xff\xf6\x00%\xff\xf0\x00\
\x14\xff\xe8\xff\xed\xff\xef\xff\xf6\xff\xef\x00\x00\xff\xfb\xff\
\xf6\x00\x03\x00\x00\x00\x00\x00\x00\x00\x00\x00(\xff\xdc\xff\
\xef\xff\x83\xff\xe6\xff\xa2\x00\x00\xff\x87\x00\x00\xff\xcf\xff\
\xb7\xff\xf5\xff\xec\xff\xdb\xff\xc1\x00\x0b\xff\xb4\xff\xc1\xff\
\xf9\x00,\xff\xe9\xff\xc5\xff\xdc\x00\x00\x00\x00\x00\x00\xff\
\xf1\x00\x00\xff\xff\xff\xf6\x00\x00\x00\x00\x00\x00\x00\x07\x00\
\x00\xff\xe1\x00\x00\x00\x00\xff\xd4\x00\x00\xff\xf0\xff\xe7\xff\
\xd4\xff\xf1\x00\x00\x00\x00\x00\x00\xff\xfd\x00\x00\x00\x07\xff\
\xe1\x00\x00\xff\xf9\x00\x00\xff\xf6\x00\x00\xff\xf2\x00\x00\x00\
\x00\x00\x00\x00\x00\xff\xf0\x00\x00\x00\x00\x00\x00\xff\xf7\x00\
\x00\x00\x00\x00\x00\x00\x00\xff\xc1\xff\xf9\x00\x00\xff\xed\x00\
\x00\x00\x00\xff\xe2\xff\xfc\xff\xec\x00\x03\x00+\x00\x00\xff\
\xde\xff\xe3\x00\x18\xff\xcd\x00\x03\x00\x18\xff\xf0\xff\xc5\x00\
\x0d\x00\x0a\x00\x01\xff\xf6\xff\xf6\xff\xef\xff\xb5\xff\xf5\xff\
\xf0\xff\xfa\xff\xf6\x00\x05\xff\xf6\xff\xf9\x00\x00\x00\x03\xff\
\xfb\xff\xff\xff\xec\x00\x00\xff\xf6\xff\xf6\xff\xfa\xff\xff\x00\
\x00\x00\x16\x00\x00\xff\xf0\xff\xf0\x00\x04\x00\x07\x00\x00\x00\
\x07\xff\xf6\x00\x1a\x00\x00\x00\x00\xff\xff\xff\xff\xff\xff\xff\
\xf6\xff\xfa\xff\xff\x00\x00\x00\x00\x00\x00\x00\x00\x00\x00\x00\
\x00\x00\x00\xff\xf7\x00\x00\x00\x00\xff\xf1\x00\x00\xff\xf5\xff\
\xf6\xff\xf0\xff\xfa\xff\xfd\x00\x07\xff\xfd\x00\x00\x00\x03\x00\
\x07\xff\xf6\x00\x07\x00\x00\xff\xff\x00\x05\xff\xfd\x00\x00\xff\
\xfa\xff\xff\xff\xff\x00\x00\xff\xfd\x00\x00\x00\x00\x00\x00\x00\
\x00\x00\x00\x00\x00\x00\x00\x00\x00\xff\xc8\xff\xd4\xff\xe8\x00\
\x00\x00\x00\x00\x14\x00\x00\x00\x09\xff\xfc\x00\x00\x00\x0d\xff\
\xd9\xff\xc5\xff\xd2\x00\x0d\xff\xc5\x00\x0f\x00\x01\xff\xb4\xff\
\xce\xff\xdc\x002\xff\xb7\xff\xb4\xff\xb4\xff\xc4\xff\xad\xff\
\xb4\xff\xb4\xff\xb7\x00!\x00\x03\xff\xb4\xff\xe6\x00\x00\xff\
\xd2\x00\x00\xff\xfd\xff\xad\x00\x00\xff\xec\xff\xd8\xff\xd9\xff\
\xe2\xff\xf9\x00\x00\x00\x00\x00\x00\x00\x01\x00\x00\xff\xd9\xff\
\xe7\xff\xfc\x00\x00\xff\xf2\x00\x05\xff\xf6\x00\x00\x00\x00\x00\
\x00\x00\x00\xff\xe6\x00\x00\x00\x00\x00\x00\xff\xef\x00\x00\x00\
\x00\x00\x00\x00\x00\xff\xe5\x00\x00\x00\x00\x00\x00\x00\x00\x00\
\x00\xff\xf7\x00\x00\x00\x00\x00\x00\x00\x00\x00\x00\x00\x00\x00\
\x00\x00\x00\xff\xec\x00\x00\x00\x00\x00\x00\xff\xf6\x00\x00\x00\
\x00\x00\x00\x00\x00\x00\x00\x00\x00\xff\xfb\x00\x00\x00\x00\x00\
\x00\x00\x00\x00\x00\x00\x00\x00\x00\x00\x00\xff\xe5\x00\x00\x00\
\x00\x00!\x00\x00\x00\x08\x00\x03\x00(\x00\x14\x00\x0f\x00\
\x0a\x00\x00\x00\x00\x00\x00\x00\x0a\xff\xec\x00\x14\x00\x14\x00\
\x00\xff\xf6\x00\x00\x00<\x00\x00\x00\x00\x00\x00\x00\x00\xff\
\xff\x00\x00\x00\x00\x00\x00\x00\x19\x00\x14\x00\x00\x00\x00\x00\
\x00\xff\xc8\xff\xf0\xff\xf5\x00\x14\x00\x00\x00\x00\xff\xf5\x00\
\x0d\x00\x00\x00\x0a\x00\x14\xff\xf0\xff\xcb\xff\xd7\x00\x1b\xff\
\xd2\x00\x0d\x00\x0d\xff\xc8\xff\xec\xff\xf5\x00(\xff\xe4\xff\
\xcd\xff\xc9\xff\xd5\xff\xc1\xff\xc8\xff\xc8\xff\xce\x00\x1e\x00\
\x03\xff\xc8\xff\xf1\x00\x00\x00\x14\xff\xe7\xff\xf6\x00\x00\xff\
\xf7\xff\xf5\x00\x00\xff\xfc\x00\x00\xff\xf5\x00\x00\xff\xf0\xff\
\xdf\xff\xe5\x00\x03\x00\x0a\x00\x03\x00\x00\xff\xfa\x00\x14\xff\
\xed\x00\x1b\xff\xe9\xff\xe7\xff\xf5\xff\xf6\xff\xf1\x00\x00\xff\
\xfa\x00\x00\x00\x0a\x00\x00\x00\x00\x00\x00\x00\x00\xff\xc8\xff\
\xd4\xff\xe8\x00\x10\x00\x00\x00\x0d\xff\xfc\x00\x03\x00\x00\x00\
\x0a\x00\x10\xff\xe2\xff\xc4\xff\xd2\x00\x10\xff\xc5\x00\x05\x00\
\x0a\xff\xb4\xff\xe5\xff\xdc\x002\xff\xbc\xff\xb4\xff\xb4\xff\
\xc4\xff\xb2\xff\xb4\xff\xb4\xff\xb7\x00!\x00\x03\xff\xb4\xff\
\xe6\x00\x00\x00\x14\xff\xf1\xff\xfa\xff\xfc\x00\x00\x00\x00\x00\
\x00\x00\x00\x00\x00\xff\xfd\xff\xf9\xff\xf6\xff\xd9\xff\xec\x00\
\x00\x00\x0a\x00\x03\x00\x03\xff\xf6\x00\x1b\xff\xf2\x002\xff\
\xe4\xff\xf1\xff\xeb\xff\xf6\xff\xf6\xff\xf6\xff\xfa\xff\xf6\x00\
\x14\x00\x00\x00\x00\x00\x00\x00\x00\x00\x0f\x00\x00\x00\x00\x00\
\x00\x00\x00\x00\x00\x00\x00\x00\x00\x00\x00\x00\x00\xff\xfd\x00\
\x00\xff\xde\xff\xe1\x00\x00\x00\x00\xff\xe9\xff\xfd\xff\xfb\x00\
\x00\x00\x00\xff\xee\xff\xfa\xff\xfb\x00\x00\xff\xf6\x00\x00\xff\
\xfb\xff\xf5\x00\x00\x00\x00\x00\x00\x00\x00\x00\x00\x00\x02\x00\
\x0b\x00\x04\x00N\x00\x00\x00c\x00m\x00K\x00o\x00\
p\x00V\x00t\x00t\x00X\x00~\x00\xed\x00Y\x01\
\x19\x01\x19\x00\xc9\x01\xd5\x01\xd9\x00\xca\x01\xf8\x01\xf8\x00\
\xcf\x01\xfc\x01\xfc\x00\xd0\x02\xa7\x02\xa7\x00\xd1\x02\xab\x02\
\xac\x00\xd2\x00\x02\x00(\x00\x1d\x00\x1e\x00\x03\x00\x1f\x00\
\x1f\x00\x01\x00 \x00&\x00\x02\x00'\x00'\x00\x0a\x00\
(\x00(\x00\x15\x00)\x00-\x00\x0a\x00.\x00.\x00\
\x16\x00/\x00F\x00\x03\x00G\x00G\x00\x04\x00H\x00\
N\x00\x05\x00c\x00d\x00\x07\x00e\x00f\x00\x08\x00\
g\x00g\x00\x09\x00h\x00h\x00\x07\x00i\x00m\x00\
\x09\x00o\x00p\x00\x09\x00t\x00t\x00\x07\x00~\x00\
\x9f\x00\x0a\x00\xa0\x00\xa0\x00\x03\x00\xa1\x00\xa1\x00\x0b\x00\
\xa2\x00\xa2\x00\x0f\x00\xa3\x00\xa3\x00\x0a\x00\xa4\x00\xab\x00\
\x0c\x00\xac\x00\xb6\x00\x0d\x00\xb7\x00\xb7\x00\x06\x00\xb8\x00\
\xb8\x00\x0a\x00\xb9\x00\xbf\x00\x0e\x00\xc0\x00\xc8\x00\x10\x00\
\xc9\x00\xce\x00\x11\x00\xcf\x00\xd6\x00\x10\x00\xd7\x00\xdc\x00\
\x12\x00\xdd\x00\xdd\x00\x13\x00\xde\x00\xe7\x00\x14\x00\xe8\x00\
\xec\x00\x15\x00\xed\x00\xed\x00\x07\x01\x19\x01\x19\x00\x16\x01\
\xd5\x01\xd9\x00\x16\x01\xf8\x01\xf8\x00\x07\x02\xa7\x02\xa7\x00\
\x0a\x02\xab\x02\xac\x00\x0a\x00\x02\x00D\x00\x04\x00\x1e\x00\
\x1b\x00 \x00&\x00\x02\x00H\x00N\x00\x02\x00c\x00\
d\x00\x01\x00~\x00\xa0\x00\x02\x00\xa3\x00\xa3\x00\x02\x00\
\xac\x00\xb6\x00\x03\x00\xb8\x00\xb8\x00\x02\x00\xb9\x00\xbf\x00\
\x04\x00\xc0\x00\xd6\x00\x05\x00\xd7\x00\xdc\x00\x06\x00\xdd\x00\
\xdd\x00\x07\x00\xde\x00\xe7\x00\x08\x00\xe8\x00\xec\x00\x09\x00\
\xee\x01\x0a\x00\x1c\x01\x0c\x011\x00\x1d\x012\x012\x00\
\x0c\x013\x019\x00\x1d\x01@\x01@\x00!\x01P\x01\
P\x00!\x01T\x01T\x00!\x01^\x01a\x00!\x01\
c\x01j\x00!\x01k\x01\x8d\x00\x1d\x01\x8e\x01\x8e\x00\
!\x01\x90\x01\x90\x00\x1d\x01\x91\x01\x98\x00!\x01\x99\x01\
\xa3\x00\x13\x01\xa5\x01\xac\x00\x15\x01\xad\x01\xc3\x00\x1e\x01\
\xc4\x01\xc9\x00\x17\x01\xca\x01\xca\x00\x18\x01\xcb\x01\xd4\x00\
\x17\x01\xd5\x01\xd9\x00\x19\x01\xdb\x01\xf5\x00\x1d\x01\xf6\x01\
\xf7\x00\x0c\x01\xfa\x01\xfb\x00\x0f\x01\xfc\x01\xfc\x00\x1b\x01\
\xff\x01\xff\x00!\x02C\x02C\x00\x0a\x02E\x02F\x00\
\x0e\x02G\x02G\x00\x22\x02H\x02I\x00\x10\x02J\x02\
J\x00 \x02M\x02M\x00\x10\x02N\x02N\x00\x11\x02\
R\x02R\x00\x22\x02S\x02S\x00\x14\x02T\x02U\x00\
\x10\x02V\x02V\x00\x0e\x02W\x02W\x00\x1f\x02Y\x02\
Y\x00\x1f\x02[\x02[\x00\x1f\x02\x5c\x02b\x00\x0e\x02\
c\x02c\x00\x0d\x02d\x02d\x00\x1a\x02e\x02e\x00\
\x0d\x02f\x02f\x00\x1a\x02g\x02g\x00\x10\x02h\x02\
k\x00\x12\x02l\x02l\x00\x10\x02\x89\x02\x89\x00\x0e\x02\
\x8a\x02\x8a\x00\x14\x02\xa1\x02\xa1\x00!\x02\xa7\x02\xa7\x00\
\x02\x02\xab\x02\xac\x00\x02\x02\xad\x02\xad\x00\x16\x02\xae\x02\
\xae\x00\x0b\x00\x02\x028\x00\x04\x00\x00\x02f\x02\xf4\x00\
\x0c\x00\x17\x00\x00\xff\xc3\xff\xc9\x00\x0a\xff\xf5\x00\x0a\xff\
\xfd\x00\x14\xff\xf2\x00\x14\xff\xfd\x00\x14\x00\x0a\x00\x00\x00\
\x00\x00\x00\x00\x00\x00\x00\x00\x00\x00\x00\x00\x00\x00\x00\x00\
\x00\x00\x00\x00\x00\x00\x00\x00\x1e\x00\x0a\x00!\x00\x14\x00\
\x00\xff\xf9\x00\x0a\x00\x00\x00\x00\x00\x00\xff\xf7\x00!\x00\
\x00\x00\x00\x00\x00\x00\x00\x00\x00\x00\x00\x00\x00\x00\x00\x00\
\x00\x00\x00\x00\x0f\xff\xf1\x00\x00\xff\xe6\x00\x00\x00\x03\x00\
\x00\x00\x00\x00\x00\x00\x00\x00\x00\x00\x00\xff\xe6\x00\x00\x00\
\x00\x00\x00\x00\x00\x00\x00\x00\x00\x00\x00\x00\x00\x00\x00\x00\
\x00\x00\x1e\xff\xf6\x00\x00\xff\xf6\x00\x00\x00\x00\x00\x00\x00\
\x00\x00\x00\x00\x00\x00\x00\x00\x00\xff\xf6\x00\x00\x00\x00\x00\
\x00\x00\x00\x00\x00\x00\x00\x00\x00\x00\x00\x00\x00\xff\xf9\x00\
\x00\xff\xd5\xff\xf6\xff\xc4\xff\xff\x00\x00\x00\x0a\x00\x00\x00\
\x00\x00\x00\xff\xf6\x00\x00\xff\xc4\xff\xf6\xff\xf6\x00\x04\x00\
\x00\x00\x00\x00\x00\x00\x00\x00\x00\x00\x00\xff\xf0\xff\xef\xff\
\xcb\xff\xdf\xff\xc4\xff\xf6\x00\x00\x00\x04\x00\x00\x00\x00\x00\
\x00\xff\xf0\xff\xfd\xff\xc5\xff\xe3\xff\xef\x00\x04\xff\xf6\x00\
\x00\x00\x00\x00\x00\x00\x00\x00\x00\xff\xf1\xff\xe6\xff\xd7\xff\
\xe5\xff\xd2\x00\x00\x00\x00\x00\x0f\xff\xd3\x00\x03\x00\x00\xff\
\xf1\x00\x00\xff\xd2\xff\xe2\xff\xf6\x00\x00\xff\xec\x00\x00\x00\
\x00\x00\x00\x00\x00\x00\x00\x00\x14\x00!\xff\xd2\x00\x0a\xff\
\xc5\x00\x0a\xff\xec\xff\xef\xff\xcb\x00\x04\xff\xe2\xff\xdc\xff\
\xe1\xff\xc5\x00\x0d\x00\x00\xff\xfc\x00\x0a\xff\xec\xff\xfb\x00\
\x00\x00\x00\x00\x00\x00\x00\x00\x00\x00\x00\x00\x00\x00\x00\x00\
\x00\x00\x00\x00\x00\x00\x17\x00\x00\x00\x00\x00\x00\x00\x00\x00\
\x00\x00\x00\x00\x00\x00\x00\x00\x00\x00\x00\x00\x00\x00\x00\x00\
\x00\x00\x00\x00\x00\x00(\xff\xc0\x00\x00\xff\xc0\xff\xfd\xff\
\xf6\xff\xf6\xff\xdd\xff\xf6\xff\xf6\xff\xec\xff\xd8\xff\xc0\xff\
\xfc\xff\xfc\x00\x00\xff\xf0\xff\xf0\x00\x00\x00\x00\x00\x00\x00\
\x00\xff\xcb\xff\xbf\x00\x0d\x00\x00\x00\x0a\x00\x00\x00\x03\xff\
\xdb\x00\x00\xff\xe3\x00\x03\x00\x03\xff\xf9\x00\x01\xff\xf6\x00\
\x00\x00\x00\x00\x00\x00\x00\x00\x00\x00\x00\x00\x00\x00\x00\xff\
\xec\xff\xd8\x00(\x00\x0a\x00%\x00\x11\x00\x00\xff\xc4\x00\
\x19\xff\xc4\xff\xf6\xff\xe2\xff\xf6\x00(\xff\xce\xff\xc4\xff\
\xc4\x00\x00\x00\x00\xff\xc4\xff\xc4\xff\xfc\x00\x02\x00\x07\x02\
C\x02C\x00\x00\x02E\x02K\x00\x01\x02M\x02O\x00\
\x08\x02R\x02X\x00\x0b\x02Z\x02Z\x00\x12\x02\x5c\x02\
k\x00\x13\x02\x89\x02\x8a\x00#\x00\x02\x00\x17\x02E\x02\
F\x00\x06\x02G\x02G\x00\x02\x02H\x02I\x00\x07\x02\
J\x02K\x00\x03\x02M\x02M\x00\x07\x02N\x02N\x00\
\x08\x02O\x02O\x00\x09\x02R\x02R\x00\x02\x02S\x02\
S\x00\x0b\x02T\x02U\x00\x07\x02V\x02V\x00\x01\x02\
W\x02W\x00\x06\x02X\x02X\x00\x01\x02Z\x02Z\x00\
\x01\x02\x5c\x02b\x00\x06\x02c\x02c\x00\x04\x02d\x02\
d\x00\x05\x02e\x02e\x00\x04\x02f\x02f\x00\x05\x02\
g\x02g\x00\x07\x02h\x02k\x00\x0a\x02\x89\x02\x89\x00\
\x06\x02\x8a\x02\x8a\x00\x0b\x00\x02\x002\x00\x04\x00\x1e\x00\
\x01\x00 \x00&\x00\x0d\x00H\x00N\x00\x0d\x00c\x00\
d\x00\x02\x00~\x00\xa0\x00\x0d\x00\xa3\x00\xa3\x00\x0d\x00\
\xac\x00\xb6\x00\x12\x00\xb8\x00\xb8\x00\x0d\x00\xb9\x00\xbf\x00\
\x0e\x00\xc0\x00\xd6\x00\x13\x00\xd7\x00\xdc\x00\x03\x00\xdd\x00\
\xdd\x00\x04\x00\xde\x00\xe7\x00\x05\x00\xe8\x00\xec\x00\x06\x00\
\xee\x01\x0a\x00\x11\x01\x0b\x01\x0b\x00\x16\x01\x0c\x011\x00\
\x08\x012\x012\x00\x07\x013\x019\x00\x08\x01:\x01\
?\x00\x16\x01@\x01@\x00\x15\x01A\x01O\x00\x16\x01\
P\x01P\x00\x15\x01Q\x01S\x00\x16\x01T\x01T\x00\
\x15\x01U\x01\x5c\x00\x16\x01^\x01a\x00\x15\x01c\x01\
j\x00\x15\x01k\x01\x8d\x00\x08\x01\x8e\x01\x8e\x00\x15\x01\
\x8f\x01\x8f\x00\x16\x01\x90\x01\x90\x00\x08\x01\x91\x01\x98\x00\
\x15\x01\x99\x01\xa3\x00\x0a\x01\xa4\x01\xa4\x00\x16\x01\xa5\x01\
\xac\x00\x0b\x01\xad\x01\xc3\x00\x14\x01\xc4\x01\xc9\x00\x0c\x01\
\xca\x01\xca\x00\x0f\x01\xcb\x01\xd4\x00\x0c\x01\xd5\x01\xd9\x00\
\x10\x01\xdb\x01\xf5\x00\x08\x01\xf6\x01\xf7\x00\x07\x01\xf9\x01\
\xf9\x00\x16\x01\xfa\x01\xfb\x00\x09\x01\xfc\x01\xfc\x00\x01\x01\
\xff\x01\xff\x00\x15\x02\xa1\x02\xa1\x00\x15\x02\xa7\x02\xa7\x00\
\x0d\x02\xab\x02\xac\x00\x0d\x00\x02\x03\x10\x00\x04\x00\x00\x03\
V\x04\x1a\x00\x10\x00\x18\x00\x00\x00\x0a\x00\x03\x00\x01\xff\
\xfd\x00\x01\x00\x0b\x00\x0a\x00\x03\x00\x05\x00\x01\xff\xef\x00\
\x07\x00\x00\x00\x00\x00\x00\x00\x00\x00\x00\x00\x00\x00\x00\x00\
\x00\x00\x00\x00\x00\x00\x00\x00\x00\xff\xf9\x00\x00\xff\xff\x00\
\x04\x00\x03\xff\xf4\x00\x00\xff\xe3\x00\x05\xff\xfd\xff\xee\xff\
\xec\xff\xf2\x00\x0b\xff\xf6\xff\xfa\xff\xfc\xff\xf9\x00\x00\x00\
\x00\x00\x00\x00\x00\x00\x00\x00\x00\x003\x00\x03\x00\x00\xff\
\xf6\xff\xf6\x00F\xff\xe9\x00%\x00\x00\xff\xe9\x00<\x00\
!\x00\x1a\xff\xf6\x002\x00\x0e\x00\x00\x00\x00\xff\xfb\x00\
\x0e\xff\xfb\xff\xfb\x00\x00\x00\x00\xff\xf9\x00\x00\xff\xf9\x00\
\x00\x00\x00\x00\x00\x00\x0a\xff\xc9\x00\x03\xff\xf0\x00\x00\x00\
\x00\xff\xd2\x00\x03\xff\xd8\xff\xe6\x00\x00\xff\xfd\x00\x00\xff\
\xfd\x00\x00\xff\xf9\x00\x00\x00\x00\x00\x00\x00\x00\x00\x00\xff\
\xec\xff\xfa\x00\x07\x00\x0b\xff\xf1\x00\x14\xff\xfc\xff\xf1\x00\
\x00\xff\xf6\xff\xec\xff\xf3\xff\xf6\xff\xfb\xff\xf6\xff\xfc\x00\
\x00\xff\xf7\xff\xf7\x00\x00\x00\x00\x007\x00\x00\x00\x00\x00\
\x00\x00\x00\x00\x00\x00\x00\x00\x0f\x00\x00\x00\x00\x00\x00\x00\
\x00\x00!\x00\x00\x00?\x00\x00\x00\x00\x00\x00\x00\x00\x00\
\x00\x00\x00\x00\x00\x00\x05\x00\x00\x00\x00\x00\x00\x00\x00\x00\
\x00\x00\x00\xff\xee\x00\x00\xff\xed\x00\x00\x00\x00\xff\xe9\xff\
\xe6\xff\xf3\x00\x00\xff\xf6\x00\x00\x00\x00\x00\x00\x00\x00\x00\
\x00\x00\x00\x00\x00\x00\x00\x00\x00\xff\xf9\x00\x00\xff\xff\x00\
\x04\x00\x0a\xff\xed\xff\xef\xff\xdb\x00\x00\xff\xff\xff\xe2\xff\
\xe3\xff\xf2\x00\x0f\xff\xf6\xff\xfa\xff\xf5\xff\xf6\x00\x00\x00\
\x00\x00\x00\x00\x00\x00\x00\x00\x00\x00\x00\x00\x00\x00\x00\x00\
\x00\x00\x00\x00\x00\x00\x00\x00\x00\x00\x00\x00\x00\x00\x00\x00\
\x00\x00\x00\x00\x00\xff\xf9\x00\x00\x00\x00\x00\x00\x00\x00\x00\
\x00\x00\x00\x00\x00\x00&\x00\x00\x00\x11\x00\x0d\x00'\xff\
\xec\xff\xfc\x00/\xff\xeb\x00\x1d\xff\xf3\x00'\x00\x00\x00\
(\x00$\xff\xea\x00\x00\x00\x1e\x00\x03\x00\x05\xff\xfc\x00\
\x08\xff\xf6\xff\xfb\x00\x00\x00\x00\x00\x00\x00\x00\x00\x00\x00\
\x00\x00\x00\xff\xfa\xff\xfb\xff\xe3\x00\x00\xff\xfb\xff\xec\xff\
\xf6\xff\xfd\x00\x00\xff\xf6\xff\xf7\xff\xfb\xff\xfb\x00\x00\x00\
\x00\x00\x00\x00\x00\x00\x00\x00\x00\x00P\x00\x01\x00\x0b\xff\
\xf1\x00\x00\x00\x1f\x00\x0e\xff\xfb\x002\x00\x03\xff\xfc\x00\
\x00\x00\x10\xff\xf2\x00\x03\x00\x06\x00\x01\x00\x00\x00\x00\x00\
\x01\x00\x00\x00\x00\x00\x00\x00\x00\x00\x00\x00\x00\x00\x00\x00\
\x00\x00\x00\x00\x00\x00\x00\x00\x00\x00\x00\x00\x00\xff\xf1\x00\
\x00\x00\x00\x00\x00\xff\xf6\x00\x00\x00\x00\x00\x00\x00\x00\x00\
\x00\x00\x00\x00\x00\x00\x00\x00\x00\x00\x1c\x00\x00\x00\x14\xff\
\xf9\x00\x00\x00\x18\xff\xf9\x00\x0b\x00\x00\x00\x08\x00\x0d\x00\
\x0d\x005\xff\xf2\x00K\x00\x03\x00\x00\x00\x00\x00\x00\x00\
\x1e\x00\x00\x00\x00\x00\x00\x00\x00\x00\x00\x00\x00\x00\x0d\xff\
\xf0\xff\xf6\x00\x14\xff\xdc\x00\x03\xff\xe5\x00\x0b\xff\xfb\x00\
\x0a\x00\x0a\xff\xf1\xff\xed\x00\x00\xff\xfa\xff\xfa\xff\xf7\x00\
\x00\xff\xfa\xff\xf7\x00\x00\x00\x00\x00\x00\x00\x00\x00\x00\xff\
\xe3\xff\xf6\x00\x07\x00\x0d\xff\xf6\x00\x0d\x00\x00\xff\xf1\xff\
\xfd\x00\x00\xff\xe2\xff\xe9\xff\xfa\xff\xfb\x00\x00\xff\xfc\x00\
\x00\xff\xf6\xff\xfb\x00\x00\x00\x02\x00\x0b\x00\xee\x01\x12\x00\
\x00\x01\x14\x01\x15\x00%\x01\x1a\x01>\x00'\x01@\x01\
@\x00L\x01R\x01T\x00M\x01W\x01W\x00P\x01\
^\x01g\x00Q\x01i\x01\xd4\x00[\x01\xdb\x01\xf5\x00\
\xc7\x01\xff\x01\xff\x00\xe2\x02\xa1\x02\xa1\x00\xe3\x00\x02\x00\
 \x00\xee\x01\x08\x00\x06\x01\x09\x01\x0a\x00\x01\x01\x0b\x01\
\x0b\x00\x07\x01\x14\x01\x14\x00\x07\x01\x15\x01\x15\x00\x05\x01\
\x1a\x010\x00\x01\x011\x011\x00\x07\x012\x012\x00\
\x02\x013\x019\x00\x0c\x01:\x01>\x00\x06\x01@\x01\
@\x00\x0c\x01R\x01T\x00\x04\x01W\x01W\x00\x05\x01\
^\x01g\x00\x06\x01i\x01j\x00\x06\x01k\x01\x8c\x00\
\x07\x01\x8d\x01\x8d\x00\x01\x01\x8e\x01\x8f\x00\x07\x01\x90\x01\
\x90\x00\x08\x01\x91\x01\x98\x00\x09\x01\x99\x01\xa3\x00\x0a\x01\
\xa4\x01\xa4\x00\x03\x01\xa5\x01\xac\x00\x0b\x01\xad\x01\xb5\x00\
\x0c\x01\xb6\x01\xbb\x00\x0d\x01\xbc\x01\xc3\x00\x0c\x01\xc4\x01\
\xc9\x00\x0e\x01\xca\x01\xca\x00\x0f\x01\xcb\x01\xd4\x00\x0e\x01\
\xdb\x01\xf5\x00\x0c\x01\xff\x01\xff\x00\x0c\x02\xa1\x02\xa1\x00\
\x0c\x00\x02\x001\x00\xee\x01\x0a\x00\x13\x01\x0b\x01\x0b\x00\
\x17\x01\x0c\x011\x00\x15\x012\x012\x00\x03\x013\x01\
9\x00\x15\x01:\x01?\x00\x17\x01A\x01O\x00\x17\x01\
Q\x01S\x00\x17\x01U\x01\x5c\x00\x17\x01k\x01\x8d\x00\
\x15\x01\x8f\x01\x8f\x00\x17\x01\x90\x01\x90\x00\x15\x01\x99\x01\
\xa3\x00\x16\x01\xa4\x01\xa4\x00\x17\x01\xa5\x01\xac\x00\x0a\x01\
\xc4\x01\xc9\x00\x10\x01\xca\x01\xca\x00\x12\x01\xcb\x01\xd4\x00\
\x10\x01\xd5\x01\xd9\x00\x11\x01\xdb\x01\xf5\x00\x15\x01\xf6\x01\
\xf7\x00\x03\x01\xf9\x01\xf9\x00\x17\x01\xfa\x01\xfb\x00\x06\x02\
C\x02C\x00\x0d\x02E\x02F\x00\x0e\x02G\x02G\x00\
\x02\x02H\x02I\x00\x07\x02J\x02J\x00\x14\x02M\x02\
M\x00\x07\x02N\x02N\x00\x0f\x02R\x02R\x00\x02\x02\
S\x02S\x00\x09\x02T\x02U\x00\x07\x02V\x02V\x00\
\x0e\x02W\x02W\x00\x01\x02Y\x02Y\x00\x01\x02[\x02\
[\x00\x01\x02\x5c\x02b\x00\x0e\x02c\x02c\x00\x04\x02\
d\x02d\x00\x05\x02e\x02e\x00\x04\x02f\x02f\x00\
\x05\x02g\x02g\x00\x07\x02h\x02k\x00\x08\x02l\x02\
l\x00\x07\x02\x89\x02\x89\x00\x0e\x02\x8a\x02\x8a\x00\x09\x02\
\xad\x02\xad\x00\x0b\x02\xae\x02\xae\x00\x0c\x00\x02\x00L\x00\
\x04\x00\x00\x00V\x00f\x00\x02\x00\x0f\x00\x00\xff\xb7\xff\
\xc1\x00\x0d\x00\x14\x00\x10\xff\xfd\x00\x0a\xff\xe3\xff\xf1\x00\
\x0e\x00\x0a\xff\xfd\x00\x07\xff\xf9\x00\x00\xff\xf6\xff\xe4\x00\
\x00\x00\x0d\x00\x00\x00\x00\x00\x00\x00\x00\x00\x00\x00\x00\x00\
\x00\x00\x00\x00\x0a\x00\x00\x00\x01\x00\x03\x02\xad\x02\xae\x02\
\xb5\x00\x02\x00\x02\x02\xad\x02\xad\x00\x01\x02\xb5\x02\xb5\x00\
\x01\x00\x02\x00\x15\x00\x04\x00\x1e\x00\x01\x00c\x00d\x00\
\x02\x00\xac\x00\xb6\x00\x0d\x00\xb9\x00\xbf\x00\x03\x00\xd7\x00\
\xdc\x00\x04\x00\xde\x00\xe7\x00\x05\x00\xe8\x00\xec\x00\x0e\x00\
\xee\x01\x0a\x00\x06\x01\x0c\x011\x00\x08\x012\x012\x00\
\x07\x013\x019\x00\x08\x01k\x01\x8d\x00\x08\x01\x90\x01\
\x90\x00\x08\x01\x99\x01\xa3\x00\x09\x01\xa5\x01\xac\x00\x0a\x01\
\xc4\x01\xc9\x00\x0b\x01\xca\x01\xca\x00\x0c\x01\xcb\x01\xd4\x00\
\x0b\x01\xdb\x01\xf5\x00\x08\x01\xf6\x01\xf7\x00\x07\x01\xfc\x01\
\xfc\x00\x01\x00\x02\x00>\x00\x04\x00\x00\x00F\x00J\x00\
\x01\x00\x17\x00\x00\xff\xaf\xff\xc4\x00\x0d\x00\x1b\x00\x03\x00\
\x10\xff\xfc\x00\x14\x00\x0a\x00/\xff\xd3\xff\xed\xff\xcb\x00\
(\xff\xce\xff\xfa\xff\x97\x00/\x00\x14\x00\x07\x00\x07\x00\
\x07\x00\x01\x00\x02\x01\xfa\x01\xfb\x00\x02\x00\x00\x00\x02\x00\
-\x00\x04\x00\x1e\x00\x01\x00 \x00&\x00\x14\x00H\x00\
N\x00\x14\x00c\x00d\x00\x02\x00~\x00\xa0\x00\x14\x00\
\xa3\x00\xa3\x00\x14\x00\xac\x00\xb6\x00\x15\x00\xb8\x00\xb8\x00\
\x14\x00\xb9\x00\xbf\x00\x03\x00\xd7\x00\xdc\x00\x04\x00\xdd\x00\
\xdd\x00\x05\x00\xde\x00\xe7\x00\x06\x00\xee\x01\x0a\x00\x07\x01\
\x0c\x011\x00\x0c\x012\x012\x00\x0a\x013\x019\x00\
\x0c\x01k\x01\x8d\x00\x0c\x01\x90\x01\x90\x00\x0c\x01\x99\x01\
\xa3\x00\x10\x01\xa5\x01\xac\x00\x12\x01\xc4\x01\xc9\x00\x13\x01\
\xca\x01\xca\x00\x16\x01\xcb\x01\xd4\x00\x13\x01\xdb\x01\xf5\x00\
\x0c\x01\xf6\x01\xf7\x00\x0a\x01\xfc\x01\xfc\x00\x01\x02C\x02\
C\x00\x08\x02E\x02F\x00\x0b\x02H\x02I\x00\x0d\x02\
M\x02M\x00\x0d\x02N\x02N\x00\x0e\x02O\x02O\x00\
\x0f\x02S\x02S\x00\x11\x02T\x02U\x00\x0d\x02V\x02\
V\x00\x0b\x02W\x02W\x00\x09\x02Y\x02Y\x00\x09\x02\
[\x02[\x00\x09\x02\x5c\x02b\x00\x0b\x02g\x02g\x00\
\x0d\x02l\x02l\x00\x0d\x02\x89\x02\x89\x00\x0b\x02\x8a\x02\
\x8a\x00\x11\x02\xa7\x02\xa7\x00\x14\x02\xab\x02\xac\x00\x14\x00\
\x04\x00\x00\x00\x01\x00\x08\x00\x01\x00\x0c\x00\x22\x00\x05\x00\
\xc2\x01\xac\x00\x02\x00\x03\x02\xb9\x02\xbd\x00\x00\x02\xbf\x02\
\xe0\x00\x05\x02\xf9\x03\x08\x00'\x00\x02\x00\x1a\x00\x04\x00\
\x18\x00\x00\x00\x1c\x00(\x00\x15\x00*\x00*\x00\x22\x00\
,\x00O\x00#\x00Q\x00`\x00G\x00b\x00g\x00\
W\x00i\x00o\x00]\x00q\x00y\x00d\x00{\x00\
\xb6\x00m\x00\xb8\x00\xb9\x00\xa9\x00\xbb\x00\xd2\x00\xab\x00\
\xd4\x01\x04\x00\xc3\x01\x06\x01\x06\x00\xf4\x01\x08\x01\x13\x00\
\xf5\x01\x15\x01\x15\x01\x01\x01\x17\x010\x01\x02\x012\x01\
:\x01\x1c\x01<\x01L\x01%\x01N\x01\x5c\x016\x01\
^\x01f\x01E\x01h\x01\xa3\x01N\x01\xa5\x01\xa5\x01\
\x8a\x01\xa7\x01\xbf\x01\x8b\x01\xc1\x01\xf1\x01\xa4\x01\xf3\x01\
\xf3\x01\xd5\x01\xf5\x01\xf5\x01\xd6\x007\x00\x02\x1av\x00\
\x02\x1av\x00\x02\x1av\x00\x02\x1av\x00\x02\x1av\x00\
\x02\x1av\x00\x02\x1av\x00\x02\x1av\x00\x02\x1av\x00\
\x02\x1av\x00\x02\x1av\x00\x02\x1av\x00\x02\x1av\x00\
\x02\x1av\x00\x02\x1av\x00\x04\x1av\x00\x00\x18\xb4\x00\
\x00\x18\xb4\x00\x00\x18\xb4\x00\x00\x18\xae\x00\x01\x00\xde\x00\
\x00\x18\xb4\x00\x00\x18\xb4\x00\x03\x00\xe4\x00\x02\x1a|\x00\
\x02\x1a|\x00\x02\x1a|\x00\x02\x1a|\x00\x02\x1a|\x00\
\x02\x1a|\x00\x02\x1a|\x00\x02\x1a|\x00\x02\x1a|\x00\
\x02\x1a|\x00\x02\x1a|\x00\x02\x1a|\x00\x02\x1a|\x00\
\x02\x1a|\x00\x02\x1a|\x00\x02\x1av\x00\x02\x1av\x00\
\x02\x1av\x00\x02\x1av\x00\x02\x1av\x00\x02\x1av\x00\
\x02\x1av\x00\x02\x1av\x00\x02\x1a|\x00\x02\x1a|\x00\
\x02\x1a|\x00\x02\x1a|\x00\x02\x1a|\x00\x02\x1a|\x00\
\x02\x1a|\x00\x02\x1a|\x00\x01\xffj\x00\x0a\x00\x01\xff\
j\x00\xf6\x01\xd7\x12t\x12z\x12n\x17r\x17r\x12\
t\x12z\x12\x80\x17r\x17r\x12t\x12z\x12\x80\x17\
r\x17r\x12t\x12z\x12\x80\x17r\x17r\x12h\x12\
z\x12\x80\x17r\x17r\x12t\x12z\x12\x80\x17r\x17\
r\x12t\x12z\x12\x80\x17r\x17r\x12t\x12z\x12\
\x80\x17r\x17r\x12t\x12z\x12\x80\x17r\x17r\x12\
t\x12z\x12\x80\x17r\x17r\x12h\x12z\x12\x80\x17\
r\x17r\x12t\x12z\x12\x80\x17r\x17r\x12t\x12\
z\x12\x80\x17r\x17r\x12t\x12z\x12\x80\x17r\x17\
r\x12t\x12z\x12\x80\x17r\x17r\x12t\x12z\x12\
\x80\x17r\x17r\x12h\x12z\x12n\x17r\x17r\x12\
t\x12z\x12\x80\x17r\x17r\x12t\x12z\x12\x80\x17\
r\x17r\x12t\x12z\x12\x80\x17r\x17r\x12t\x12\
z\x12\x80\x17r\x17r\x12t\x12z\x12\x80\x17r\x17\
r\x12\x8c\x17r\x12\x86\x17r\x17r\x12\x8c\x17r\x12\
\x92\x17r\x17r\x14\x1e\x17r\x12\x98\x17r\x17r\x12\
\xa4\x17r\x12\x9e\x17r\x17r\x12\xa4\x17r\x12\xaa\x17\
r\x17r\x12\xa4\x17r\x12\xaa\x17r\x17r\x12\xa4\x17\
r\x12\x9e\x17r\x17r\x12\xa4\x17r\x12\xaa\x17r\x17\
r\x12\xa4\x17r\x12\xaa\x17r\x17r\x12\xa4\x17r\x12\
\xaa\x17r\x17r\x13\xc4\x17r\x13\xbe\x12\xc8\x17r\x12\
\xb0\x17r\x12\xb6\x12\xc8\x17r\x13\xc4\x17r\x13\xca\x12\
\xc8\x17r\x13\xb8\x17r\x13\xbe\x12\xc8\x17r\x13\xb8\x17\
r\x13\xbe\x12\xc8\x17r\x12\xbc\x17r\x12\xc2\x12\xc8\x17\
r\x14\xc0\x12\xe0\x12\xda\x17r\x17r\x14\xc0\x12\xe0\x12\
\xe6\x17r\x17r\x14\xc0\x12\xe0\x12\xe6\x17r\x17r\x14\
\xc0\x12\xe0\x12\xe6\x17r\x17r\x14\xc0\x12\xe0\x12\xda\x17\
r\x17r\x14\xc0\x12\xe0\x12\xe6\x17r\x17r\x14\xc0\x12\
\xe0\x12\xe6\x17r\x17r\x14\xc0\x12\xe0\x12\xe6\x17r\x17\
r\x12\xce\x12\xe0\x12\xe6\x17r\x17r\x14\xc0\x12\xe0\x12\
\xe6\x17r\x17r\x14\xc0\x12\xe0\x12\xe6\x17r\x17r\x14\
\xc0\x12\xe0\x12\xe6\x17r\x17r\x14\xc0\x12\xe0\x12\xe6\x17\
r\x17r\x14\xc0\x12\xe0\x12\xe6\x17r\x17r\x14\xc0\x12\
\xe0\x12\xe6\x17r\x17r\x12\xce\x12\xe0\x12\xda\x17r\x17\
r\x14\xc0\x12\xe0\x12\xe6\x17r\x17r\x14\xc0\x12\xe0\x12\
\xe6\x17r\x17r\x14\xc0\x12\xe0\x12\xe6\x17r\x17r\x14\
\xc0\x12\xe0\x12\xe6\x17r\x17r\x14\xc0\x12\xe0\x12\xd4\x17\
r\x17r\x14\xc0\x12\xe0\x12\xd4\x17r\x17r\x17r\x17\
r\x12\xda\x17r\x17r\x14\xc0\x12\xe0\x12\xe6\x17r\x17\
r\x13d\x17r\x12\xec\x17r\x17r\x12\xfe\x17r\x12\
\xf8\x17r\x17r\x12\xfe\x17r\x13\x04\x17r\x17r\x12\
\xfe\x17r\x13\x04\x17r\x17r\x12\xfe\x17r\x13\x04\x17\
r\x17r\x12\xf2\x17r\x12\xf8\x17r\x17r\x12\xfe\x17\
r\x13\x04\x17r\x17r\x12\xfe\x17r\x13\x04\x17r\x17\
r\x13\x0a\x17r\x13\x1c\x13\x22\x17r\x13\x16\x17r\x13\
\x1c\x13\x22\x17r\x13\x0a\x17r\x13\x10\x13\x22\x17r\x13\
\x16\x17r\x13\x1c\x13\x22\x17r\x134\x15\x02\x13|\x17\
r\x17r\x134\x15\x02\x13^\x17r\x17r\x134\x15\
\x02\x13^\x17r\x17r\x134\x15\x02\x13^\x17r\x17\
r\x134\x15\x02\x13^\x17r\x17r\x134\x15\x02\x13\
^\x17r\x17r\x134\x15\x02\x13(\x17r\x17r\x13\
4\x15\x02\x13^\x17r\x17r\x13.\x15\x02\x13|\x17\
r\x17r\x134\x15\x02\x13^\x17r\x17r\x134\x15\
\x02\x13^\x17r\x17r\x134\x15\x02\x13^\x17r\x17\
r\x134\x15\x02\x13^\x17r\x17r\x134\x15\x02\x13\
^\x17r\x17r\x13@\x17r\x13:\x17r\x17r\x13\
@\x17r\x13F\x17r\x17r\x13L\x17r\x13X\x17\
r\x17r\x13R\x17r\x13X\x17r\x17r\x13d\x17\
r\x13|\x13\x82\x13\x88\x13d\x17r\x13^\x13\x82\x13\
\x88\x13d\x17r\x13|\x13\x82\x13\x88\x13v\x17r\x13\
|\x13\x82\x13\x88\x13d\x17r\x13|\x13\x82\x13\x88\x13\
v\x17r\x13|\x13\x82\x13\x88\x13j\x17r\x13p\x13\
\x82\x13\x88\x13v\x17r\x13|\x13\x82\x13\x88\x13\x8e\x17\
r\x13\x9a\x17r\x17r\x13\x94\x17r\x13\x9a\x17r\x17\
r\x13\xc4\x17r\x13\xbe\x17r\x17r\x13\xa0\x17r\x13\
\xa6\x17r\x17r\x13\xc4\x17r\x13\xca\x17r\x17r\x13\
\xc4\x17r\x13\xca\x17r\x17r\x13\xb8\x17r\x13\xbe\x17\
r\x17r\x13\xc4\x17r\x13\xca\x17r\x17r\x13\xb8\x17\
r\x13\xbe\x17r\x17r\x13\xac\x17r\x13\xb2\x17r\x17\
r\x13\xb8\x17r\x13\xbe\x17r\x17r\x13\xc4\x17r\x13\
\xca\x17r\x17r\x14\x12\x13\xe8\x14\x18\x13\xf4\x13\xfa\x14\
\x12\x13\xe8\x13\xe2\x13\xf4\x13\xfa\x14\x12\x13\xe8\x13\xe2\x13\
\xf4\x13\xfa\x14\x12\x13\xe8\x13\xe2\x13\xf4\x13\xfa\x14\x12\x13\
\xe8\x13\xe2\x13\xf4\x13\xfa\x13\xd0\x13\xe8\x13\xe2\x13\xf4\x13\
\xfa\x14\x12\x13\xe8\x13\xe2\x13\xf4\x13\xfa\x14\x12\x13\xe8\x13\
\xe2\x13\xf4\x13\xfa\x14\x12\x13\xe8\x13\xe2\x13\xf4\x13\xfa\x14\
\x12\x13\xe8\x13\xe2\x13\xf4\x13\xfa\x14\x12\x13\xe8\x13\xe2\x13\
\xf4\x13\xfa\x14\x12\x13\xe8\x13\xee\x13\xf4\x13\xfa\x14\x12\x13\
\xe8\x13\xee\x13\xf4\x13\xfa\x13\xd0\x13\xe8\x14\x18\x13\xf4\x13\
\xfa\x14\x12\x13\xe8\x13\xe2\x13\xf4\x13\xfa\x14\x12\x13\xe8\x13\
\xe2\x13\xf4\x13\xfa\x13\xdc\x17r\x14\x18\x17r\x17r\x13\
\xdc\x17r\x13\xe2\x17r\x17r\x13\xd6\x17r\x14\x18\x17\
r\x17r\x13\xdc\x17r\x13\xe2\x17r\x17r\x13\xdc\x17\
r\x13\xe2\x17r\x17r\x13\xdc\x17r\x13\xe2\x17r\x17\
r\x14\x12\x13\xe8\x13\xe2\x13\xf4\x13\xfa\x14\x12\x13\xe8\x13\
\xe2\x13\xf4\x13\xfa\x14\x12\x13\xe8\x13\xe2\x13\xf4\x13\xfa\x14\
\x12\x13\xe8\x13\xee\x13\xf4\x13\xfa\x14\x12\x13\xe8\x13\xee\x13\
\xf4\x13\xfa\x17r\x17r\x14\x18\x17r\x17r\x14\x12\x17\
r\x14\x18\x17r\x17r\x14\x12\x17r\x13\xe2\x17r\x17\
r\x14\x12\x13\xe8\x13\xe2\x13\xf4\x13\xfa\x14\x12\x13\xe8\x13\
\xee\x13\xf4\x13\xfa\x14\x12\x13\xe8\x13\xee\x13\xf4\x13\xfa\x14\
\x12\x13\xe8\x13\xee\x13\xf4\x13\xfa\x14\x00\x17r\x14\x06\x17\
r\x17r\x14\x0c\x17r\x14\xc6\x17r\x17r\x14\x0c\x17\
r\x14\xc6\x17r\x17r\x14\x12\x17r\x14\x18\x17r\x17\
r\x14\x1e\x17r\x140\x17r\x17r\x14\x1e\x17r\x14\
$\x17r\x17r\x14\x1e\x17r\x14$\x17r\x17r\x14\
*\x17r\x140\x17r\x17r\x14\x1e\x17r\x14$\x17\
r\x17r\x14*\x17r\x140\x17r\x17r\x14\x1e\x17\
r\x14$\x17r\x17r\x14*\x17r\x140\x17r\x17\
r\x14B\x17r\x14H\x17r\x17r\x14B\x17r\x14\
T\x17r\x17r\x14B\x17r\x146\x17r\x17r\x14\
B\x17r\x14T\x17r\x17r\x14B\x17r\x14<\x17\
r\x17r\x14B\x17r\x14H\x17r\x17r\x14B\x17\
r\x14T\x17r\x17r\x14N\x17r\x14H\x17r\x17\
r\x14B\x17r\x14T\x17r\x17r\x14N\x17r\x14\
H\x17r\x17r\x14N\x17r\x14T\x17r\x17r\x14\
Z\x17r\x14`\x17r\x17r\x14\xe4\x17r\x14l\x14\
r\x17r\x14\xe4\x17r\x14f\x14r\x17r\x14\xe4\x17\
r\x14l\x14r\x17r\x14\xf0\x17r\x14l\x14r\x17\
r\x14\xf0\x17r\x14l\x14r\x17r\x14\xf0\x17r\x14\
l\x14r\x17r\x14\x8a\x14\x90\x14~\x17r\x14\x9c\x14\
\x8a\x14\x90\x14\x84\x17r\x14\x9c\x14\x8a\x14\x90\x14\x84\x17\
r\x14\x9c\x14\x8a\x14\x90\x14\x84\x17r\x14\x9c\x14\x8a\x14\
\x90\x14\x84\x17r\x14\x9c\x14\x8a\x14\x90\x14\x84\x17r\x14\
\x9c\x14x\x14\x90\x14~\x17r\x14\x9c\x14\x8a\x14\x90\x14\
\x84\x17r\x14\x9c\x14\x8a\x14\x90\x14\x84\x17r\x14\x9c\x14\
\x8a\x17r\x14~\x17r\x17r\x14\x8a\x17r\x14\x84\x17\
r\x17r\x14x\x17r\x14~\x17r\x17r\x14\x8a\x17\
r\x14\x84\x17r\x17r\x14\x8a\x17r\x14\x84\x17r\x17\
r\x14\x8a\x17r\x14\x84\x17r\x17r\x14\x8a\x14\x90\x14\
\x84\x17r\x14\x9c\x14\x8a\x14\x90\x14\x84\x17r\x14\x9c\x14\
\x8a\x14\x90\x14\x84\x17r\x14\x9c\x14\x8a\x14\x90\x14\x96\x17\
r\x14\x9c\x14\x8a\x14\x90\x14\x84\x17r\x14\x9c\x14\x8a\x14\
\x90\x14\x84\x17r\x14\x9c\x14\x8a\x14\x90\x14\x96\x17r\x14\
\x9c\x14\xa2\x17r\x14\xa8\x17r\x17r\x14\xb4\x17r\x14\
\xae\x17r\x17r\x14\xb4\x17r\x14\xba\x17r\x17r\x14\
\xb4\x17r\x14\xba\x17r\x17r\x14\xb4\x17r\x14\xba\x17\
r\x17r\x14\xb4\x17r\x14\xba\x17r\x17r\x14\xc0\x17\
r\x14\xc6\x17r\x17r\x14\xd8\x17r\x14\xd2\x17r\x17\
r\x14\xd8\x17r\x14\xde\x17r\x17r\x14\xd8\x17r\x14\
\xde\x17r\x17r\x14\xd8\x17r\x14\xde\x17r\x17r\x14\
\xd8\x17r\x14\xde\x17r\x17r\x14\xcc\x17r\x14\xd2\x17\
r\x17r\x14\xd8\x17r\x14\xde\x17r\x17r\x14\xd8\x17\
r\x14\xde\x17r\x17r\x14\xd8\x17r\x14\xde\x17r\x17\
r\x14\xd8\x17r\x14\xde\x17r\x17r\x14\xe4\x17r\x14\
\xf6\x17r\x17r\x14\xe4\x17r\x14\xea\x17r\x17r\x14\
\xe4\x17r\x14\xea\x17r\x17r\x14\xe4\x17r\x14\xea\x17\
r\x17r\x14\xf0\x17r\x14\xf6\x17r\x17r\x14\xfc\x15\
\x02\x15\x08\x17r\x17r\x15\x1a\x15 \x15\x14\x17r\x17\
r\x15\x1a\x15 \x15&\x17r\x17r\x15\x1a\x15 \x15\
&\x17r\x17r\x15\x1a\x15 \x15&\x17r\x17r\x15\
\x0e\x15 \x15&\x17r\x17r\x15\x1a\x15 \x15&\x17\
r\x17r\x15\x1a\x15 \x15&\x17r\x17r\x15\x1a\x15\
 \x15&\x17r\x17r\x15\x1a\x15 \x15&\x17r\x17\
r\x15\x1a\x15 \x15&\x17r\x17r\x15\x1a\x15 \x15\
&\x17r\x17r\x15\x0e\x15 \x15&\x17r\x17r\x15\
\x1a\x15 \x15&\x17r\x17r\x15\x1a\x15 \x15&\x17\
r\x17r\x15\x1a\x15 \x15&\x17r\x17r\x15\x1a\x15\
 \x15&\x17r\x17r\x15\x1a\x15 \x15&\x17r\x17\
r\x15\x1a\x15 \x15&\x17r\x17r\x15\x0e\x15 \x15\
\x14\x17r\x17r\x15\x1a\x15 \x15&\x17r\x17r\x15\
\x1a\x15 \x15&\x17r\x17r\x15\x1a\x15 \x15&\x17\
r\x17r\x15\x1a\x15 \x15&\x17r\x17r\x15\x1a\x15\
 \x15&\x17r\x17r\x15\x1a\x15 \x15&\x17r\x17\
r\x16\xfa\x17r\x16\xf4\x17r\x17r\x16\xfa\x17r\x17\
\x00\x17r\x17r\x15,\x17r\x152\x17r\x17r\x15\
8\x17r\x16\xca\x17r\x17r\x158\x17r\x16\xd0\x17\
r\x17r\x158\x17r\x16\xd0\x17r\x17r\x158\x17\
r\x16\xca\x17r\x17r\x158\x17r\x16\xd0\x17r\x17\
r\x158\x17r\x16\xd0\x17r\x17r\x158\x17r\x16\
\xd0\x17r\x17r\x15>\x17r\x15J\x15\x5c\x15b\x15\
>\x17r\x15J\x15\x5c\x15b\x15D\x17r\x15J\x15\
\x5c\x15b\x15D\x17r\x15J\x15\x5c\x15b\x15P\x17\
r\x15V\x15\x5c\x15b\x16X\x15z\x15t\x17r\x17\
r\x16X\x15z\x15\x80\x17r\x17r\x16X\x15z\x15\
\x80\x17r\x17r\x16X\x15z\x15\x80\x17r\x17r\x16\
X\x15z\x15\x80\x17r\x17r\x16X\x15z\x15\x80\x17\
r\x17r\x16X\x15z\x15\x80\x17r\x17r\x15h\x15\
z\x15\x80\x17r\x17r\x16X\x15z\x15\x80\x17r\x17\
r\x16X\x15z\x15\x80\x17r\x17r\x16X\x15z\x15\
\x80\x17r\x17r\x16X\x15z\x15\x80\x17r\x17r\x16\
X\x15z\x15\x80\x17r\x17r\x16X\x15z\x15\x80\x17\
r\x17r\x15h\x15z\x15t\x17r\x17r\x16X\x15\
z\x15\x80\x17r\x17r\x16X\x15z\x15\x80\x17r\x17\
r\x16X\x15z\x15\x80\x17r\x17r\x16X\x15z\x15\
\x80\x17r\x17r\x16X\x15z\x15n\x17r\x17r\x16\
X\x15z\x15n\x17r\x17r\x17r\x17r\x15t\x17\
r\x17r\x16X\x15z\x15\x80\x17r\x17r\x15\x86\x17\
r\x15\x8c\x17r\x17r\x15\x98\x17r\x15\x92\x17r\x17\
r\x15\x98\x17r\x15\x9e\x17r\x17r\x15\x98\x17r\x15\
\x9e\x17r\x17r\x15\x98\x17r\x15\x9e\x17r\x17r\x15\
\x98\x17r\x15\x9e\x17r\x17r\x15\x98\x17r\x15\x9e\x17\
r\x17r\x15\x98\x17r\x15\x9e\x17r\x17r\x16\x10\x17\
r\x15\xd4\x15\xa4\x17r\x16\x04\x17r\x15\xd4\x15\xa4\x17\
r\x16\x10\x17r\x15\xce\x15\xa4\x17r\x16\x04\x17r\x15\
\xd4\x15\xa4\x17r\x15\xaa\x17H\x15\xc2\x17r\x17r\x16\
d\x17H\x15\xbc\x17r\x17r\x16d\x17H\x15\xc2\x17\
r\x17r\x16d\x17H\x15\xc2\x17r\x17r\x16d\x17\
H\x15\xc2\x17r\x17r\x16d\x17H\x15\xc2\x17r\x17\
r\x16d\x17H\x15\xc2\x17r\x17r\x16d\x17H\x15\
\xb0\x17r\x17r\x16d\x17H\x15\xc2\x17r\x17r\x15\
\xb6\x17H\x15\xc2\x17r\x17r\x16d\x17H\x15\xc2\x17\
r\x17r\x16d\x17H\x15\xc2\x17r\x17r\x16d\x17\
H\x15\xc2\x17r\x17r\x16d\x17H\x15\xc2\x17r\x17\
r\x16d\x17H\x15\xc2\x17r\x17r\x16d\x17r\x15\
\xc2\x17r\x17r\x16d\x17r\x15\xbc\x17r\x17r\x16\
d\x17r\x15\xc2\x17r\x17r\x17*\x17r\x15\xc8\x17\
r\x17r\x176\x17r\x15\xc8\x17r\x17r\x17*\x17\
r\x15\xc8\x17r\x17r\x16d\x17r\x15\xd4\x15\xda\x15\
\xe0\x16d\x17r\x15\xce\x15\xda\x15\xe0\x16d\x17r\x15\
\xd4\x15\xda\x15\xe0\x16p\x17r\x15\xd4\x15\xda\x15\xe0\x16\
d\x17r\x15\xd4\x15\xda\x15\xe0\x16p\x17r\x15\xd4\x15\
\xda\x15\xe0\x17B\x17r\x17N\x15\xda\x15\xe0\x16p\x17\
r\x15\xd4\x15\xda\x15\xe0\x15\xe6\x17r\x15\xf2\x17r\x17\
r\x15\xec\x17r\x15\xf2\x17r\x17r\x16\x10\x17r\x16\
\x0a\x17r\x17r\x16\x10\x17r\x16\x16\x17r\x17r\x16\
\x10\x17r\x16\x0a\x17r\x17r\x16\x10\x17r\x16\x16\x17\
r\x17r\x16\x04\x17r\x16\x0a\x17r\x17r\x16\x10\x17\
r\x16\x16\x17r\x17r\x16\x04\x17r\x16\x0a\x17r\x17\
r\x15\xf8\x17r\x15\xfe\x17r\x17r\x16\x04\x17r\x16\
\x0a\x17r\x17r\x16\x10\x17r\x16\x16\x17r\x17r\x16\
.\x164\x16\x22\x16@\x16F\x16.\x164\x16(\x16\
@\x16F\x16.\x164\x16(\x16@\x16F\x16.\x16\
4\x16(\x16@\x16F\x16.\x164\x16(\x16@\x16\
F\x16\x1c\x164\x16(\x16@\x16F\x16.\x164\x16\
(\x16@\x16F\x16.\x164\x16(\x16@\x16F\x16\
.\x164\x16(\x16@\x16F\x16.\x164\x16(\x16\
@\x16F\x16.\x164\x16(\x16@\x16F\x16.\x16\
4\x16:\x16@\x16F\x16.\x164\x16:\x16@\x16\
F\x16\x1c\x164\x16\x22\x16@\x16F\x16.\x164\x16\
(\x16@\x16F\x16.\x164\x16(\x16@\x16F\x16\
.\x17r\x16\x22\x17r\x17r\x16.\x17r\x16(\x17\
r\x17r\x16\x1c\x17r\x16\x22\x17r\x17r\x16.\x17\
r\x16(\x17r\x17r\x16.\x17r\x16(\x17r\x17\
r\x16.\x17r\x16(\x17r\x17r\x16.\x164\x16\
(\x16@\x16F\x16.\x164\x16(\x16@\x16F\x16\
.\x164\x16(\x16@\x16F\x16.\x164\x16:\x16\
@\x16F\x16.\x164\x16:\x16@\x16F\x17r\x17\
r\x16\x22\x17r\x17r\x17r\x17r\x16\x22\x17r\x17\
r\x17r\x17r\x16(\x17r\x17r\x16.\x164\x16\
(\x16@\x16F\x16.\x164\x16:\x16@\x16F\x16\
.\x164\x16:\x16@\x16F\x16.\x164\x16:\x16\
@\x16F\x16L\x17r\x16R\x17r\x17r\x16X\x17\
r\x16^\x17r\x17r\x16X\x17r\x16^\x17r\x17\
r\x16X\x17r\x16^\x17r\x17r\x16d\x17r\x16\
v\x17r\x17r\x16d\x17r\x16j\x17r\x17r\x16\
d\x17r\x16j\x17r\x17r\x16p\x17r\x16v\x17\
r\x17r\x16d\x17r\x16j\x17r\x17r\x16p\x17\
r\x16v\x17r\x17r\x16d\x17r\x16j\x17r\x17\
r\x16p\x17r\x16v\x17r\x17r\x16\x88\x17r\x16\
\x8e\x17r\x17r\x16\x88\x17r\x16\x9a\x17r\x17r\x16\
\x88\x17r\x16|\x17r\x17r\x16\x88\x17r\x16\x9a\x17\
r\x17r\x16\x88\x17r\x16\x82\x17r\x17r\x16\x88\x17\
r\x16\x8e\x17r\x17r\x16\x88\x17r\x16\x9a\x17r\x17\
r\x16\x94\x17r\x16\x8e\x17r\x17r\x16\x88\x17r\x16\
\x9a\x17r\x17r\x16\x94\x17r\x16\x8e\x17r\x17r\x16\
\x94\x17r\x16\x9a\x17r\x17r\x16\xa0\x17r\x16\xb2\x16\
\xb8\x16\xbe\x16\xa0\x17r\x16\xb2\x16\xb8\x16\xbe\x16\xa0\x17\
r\x16\xb2\x16\xb8\x16\xbe\x16\xac\x17r\x16\xb2\x16\xb8\x16\
\xbe\x16\xa0\x17r\x16\xa6\x16\xb8\x16\xbe\x16\xac\x17r\x16\
\xb2\x16\xb8\x16\xbe\x16\xac\x17r\x16\xb2\x16\xb8\x16\xbe\x16\
\xd6\x16\xdc\x16\xca\x17r\x16\xe8\x16\xd6\x16\xdc\x16\xd0\x17\
r\x16\xe8\x16\xd6\x16\xdc\x16\xd0\x17r\x16\xe8\x16\xd6\x16\
\xdc\x16\xd0\x17r\x16\xe8\x16\xd6\x16\xdc\x16\xd0\x17r\x16\
\xe8\x16\xd6\x16\xdc\x16\xd0\x17r\x16\xe8\x16\xc4\x16\xdc\x16\
\xca\x17r\x16\xe8\x16\xd6\x16\xdc\x16\xd0\x17r\x16\xe8\x16\
\xd6\x16\xdc\x16\xd0\x17r\x16\xe8\x16\xd6\x17r\x16\xca\x17\
r\x17r\x16\xd6\x17r\x16\xd0\x17r\x17r\x16\xc4\x17\
r\x16\xca\x17r\x17r\x16\xd6\x17r\x16\xd0\x17r\x17\
r\x16\xd6\x17r\x16\xd0\x17r\x17r\x16\xd6\x17r\x16\
\xd0\x17r\x17r\x16\xd6\x16\xdc\x16\xd0\x17r\x16\xe8\x16\
\xd6\x16\xdc\x16\xd0\x17r\x16\xe8\x16\xd6\x16\xdc\x16\xd0\x17\
r\x16\xe8\x16\xd6\x16\xdc\x16\xe2\x17r\x16\xe8\x16\xd6\x16\
\xdc\x16\xd0\x17r\x16\xe8\x16\xd6\x16\xdc\x16\xd0\x17r\x16\
\xe8\x16\xd6\x16\xdc\x16\xe2\x17r\x16\xe8\x16\xee\x17r\x17\
\x18\x17r\x17r\x16\xfa\x17r\x16\xf4\x17r\x17r\x16\
\xfa\x17r\x17\x00\x17r\x17r\x16\xfa\x17r\x17\x00\x17\
r\x17r\x16\xfa\x17r\x17\x00\x17r\x17r\x16\xfa\x17\
r\x17\x00\x17r\x17r\x17\x06\x17r\x17\x0c\x17r\x17\
r\x17\x1e\x17r\x17\x18\x17r\x17r\x17\x1e\x17r\x17\
$\x17r\x17r\x17\x1e\x17r\x17$\x17r\x17r\x17\
\x1e\x17r\x17$\x17r\x17r\x17\x1e\x17r\x17$\x17\
r\x17r\x17\x12\x17r\x17\x18\x17r\x17r\x17\x1e\x17\
r\x17$\x17r\x17r\x17\x1e\x17r\x17$\x17r\x17\
r\x17\x1e\x17r\x17$\x17r\x17r\x17\x1e\x17r\x17\
$\x17r\x17r\x17*\x17r\x17<\x17r\x17r\x17\
*\x17r\x170\x17r\x17r\x17*\x17r\x170\x17\
r\x17r\x17*\x17r\x170\x17r\x17r\x176\x17\
r\x17<\x17r\x17r\x17B\x17H\x17N\x17r\x17\
r\x17`\x17f\x17Z\x17r\x17r\x17`\x17f\x17\
l\x17r\x17r\x17`\x17f\x17l\x17r\x17r\x17\
`\x17f\x17l\x17r\x17r\x17T\x17f\x17l\x17\
r\x17r\x17`\x17f\x17l\x17r\x17r\x17`\x17\
f\x17l\x17r\x17r\x17`\x17f\x17l\x17r\x17\
r\x17`\x17f\x17l\x17r\x17r\x17`\x17f\x17\
l\x17r\x17r\x17`\x17f\x17l\x17r\x17r\x17\
T\x17f\x17l\x17r\x17r\x17`\x17f\x17l\x17\
r\x17r\x17`\x17f\x17l\x17r\x17r\x17`\x17\
f\x17l\x17r\x17r\x17`\x17f\x17l\x17r\x17\
r\x17`\x17f\x17l\x17r\x17r\x17`\x17f\x17\
l\x17r\x17r\x17T\x17f\x17Z\x17r\x17r\x17\
`\x17f\x17l\x17r\x17r\x17`\x17f\x17l\x17\
r\x17r\x17`\x17f\x17l\x17r\x17r\x17`\x17\
f\x17l\x17r\x17r\x17`\x17f\x17l\x17r\x17\
r\x17`\x17f\x17l\x17r\x17r\x00\x01\x01l\xff\
V\x00\x01\x01l\x02\xc1\x00\x01\x01l\x00\x00\x00\x01\x02\
\xb0\x00\x0a\x00\x01\x01l\x03a\x00\x01\x01\xf2\x02\xc1\x00\
\x01\x01\xf3\x00\x00\x00\x01\x01\xf2\x03a\x00\x01\x01T\x02\
\xc1\x00\x01\x01\x82\x02\xc1\x00\x01\x01\x81\x00\x00\x00\x01\x01\
\x82\x03a\x00\x01\x03\xff\x00\x00\x00\x01\x03\xfb\x03a\x00\
\x01\x03\xdd\x00\x00\x00\x01\x03\xe3\x02\xad\x00\x01\x01r\x01\
a\x00\x01\x01D\xffV\x00\x01\x01D\x04\x01\x00\x01\x01\
D\x02\xc1\x00\x01\x02\x01\x00\x0a\x00\x01\x01D\x03a\x00\
\x01\x01\x1e\x02\xc1\x00\x01\x01\x8f\xffV\x00\x01\x01\x88\x02\
\xc1\x00\x01\x01\x8f\x00\x00\x00\x01\x01\x88\x03a\x00\x01\x01\
{\x00\x00\x00\x01\x01{\x03a\x00\x01\x01{\xffV\x00\
\x01\x01{\x02\xc1\x00\x01\x01{\x01f\x00\x01\x00\x80\x04\
\x01\x00\x01\x00\x80\xffV\x00\x01\x00\x80\x00\x00\x00\x01\x00\
\xc6\x02\xc1\x00\x01\x00\xc6\x00\x00\x00\x01\x00\xc6\x03a\x00\
\x01\x01<\x00\x00\x00\x01\x01<\xffV\x00\x01\x01;\x02\
\xc1\x00\x01\x00\x80\x03a\x00\x01\x015\x00\x00\x00\x01\x02\
\x90\x00\x00\x00\x01\x02\x90\x02\xad\x00\x01\x015\xffV\x00\
\x01\x00\x80\x02\xc1\x00\x01\x01^\x01a\x00\x01\x01\x03\x02\
\xc1\x00\x01\x01\xa4\x00\x00\x00\x01\x01\xa4\xffV\x00\x01\x01\
\xa4\x02\xc1\x00\x01\x03\xa9\x00\x00\x00\x01\x03\xa9\x02\xc1\x00\
\x01\x03W\x00\x00\x00\x01\x03W\x02\xad\x00\x01\x01r\xff\
V\x00\x01\x01q\x02\xc1\x00\x01\x01r\x00\x00\x00\x01\x01\
q\x03a\x00\x01\x01~\xffV\x00\x01\x01\x7f\xffV\x00\
\x01\x01\x7f\x00\x00\x00\x01\x01~\x03a\x00\x01\x01\xea\x00\
\x0a\x00\x01\x01~\x04\x01\x00\x01\x01\x7f\x01a\x00\x01\x01\
\x9c\x02\xc1\x00\x01\x02\x13\x00\x00\x00\x01\x02\x12\x02\xc1\x00\
\x01\x01C\x00\x00\x00\x01\x01~\x00\x00\x00\x01\x01~\x02\
\xc1\x00\x01\x01U\x00\x00\x00\x01\x01U\x03a\x00\x01\x01\
U\xffV\x00\x01\x01U\x02\xc1\x00\x01\x00\xc5\x03~\x00\
\x01\x015\x04\x01\x00\x01\x018\x00\x00\x00\x01\x015\x02\
\xc1\x00\x01\x018\xffV\x00\x01\x015\x03a\x00\x01\x01\
s\x00\x00\x00\x01\x01s\x02\xc1\x00\x01\x01+\x03a\x00\
\x01\x01+\x02\xc1\x00\x01\x01+\x01a\x00\x01\x01j\xff\
V\x00\x01\x01j\x02\xc1\x00\x01\x01j\x03a\x00\x01\x01\
j\x00\x00\x00\x01\x01\xdd\x00\x0a\x00\x01\x01j\x04\x01\x00\
\x01\x02Y\x02\xc1\x00\x01\x01Z\x00\x00\x00\x01\x01Y\x02\
\xc1\x00\x01\x02&\x02\xc1\x00\x01\x02'\x00\x00\x00\x01\x02\
&\x03a\x00\x01\x01D\x00\x00\x00\x01\x01C\x02\xc1\x00\
\x01\x01,\xffV\x00\x01\x01,\x02\xc1\x00\x01\x01,\x00\
\x00\x00\x01\x01,\x03a\x00\x01\x01+\x00\x00\x00\x01\x01\
'\x03a\x00\x01\x01+\xffV\x00\x01\x01'\x02\xc1\x00\
\x01\x01\xc6\x00\x00\x00\x01\x00\x9f\x00\x0a\x00\x01\x01\xc6\x03\
a\x00\x01\x01\x0f\xffV\x00\x01\x01\x12\x01\xeb\x00\x01\x01\
\x0f\x00\x00\x00\x01\x01\xc0\x00\x0a\x00\x01\x01\x12\x02\xad\x00\
\x01\x01/\x00\x00\x00\x01\x01@\x01\xeb\x00\x01\x01\x14\x00\
\x00\x00\x01\x01%\x00\x00\x00\x01\x01%\xffV\x00\x01\x01\
%\x01\xeb\x00\x01\x03@\x00\x00\x00\x01\x03F\x02\xad\x00\
\x01\x01%\x00\xf6\x00\x01\x02\x1f\x02\xc1\x00\x01\x01\x22\xff\
V\x00\x01\x01\x14\x03n\x00\x01\x01\x14\x01\xeb\x00\x01\x01\
\x7f\x00\x0a\x00\x01\x01\x14\x02\xad\x00\x01\x00\x8f\x00\x00\x00\
\x01\x00\x8f\x01\xeb\x00\x01\x01'\x01\xeb\x00\x01\x01'\x00\
\x00\x00\x01\x01'\x02\xad\x00\x01\x01\x1d\x00\xf6\x00\x01\x00\
s\x00\x00\x00\x01\x00t\x03n\x00\x01\x00s\xffV\x00\
\x01\x00t\x01\xeb\x00\x01\x00t\x02\xad\x00\x01\x00\xfa\x01\
\xeb\x00\x01\x00t\x03a\x00\x01\x00t\x02\xc1\x00\x01\x00\
t\x00\xf6\x00\x01\x00\xc0\x02\xc1\x00\x01\x01\xab\x00\x00\x00\
\x01\x01\xab\xffV\x00\x01\x01\xab\x01\xeb\x00\x01\x02\xac\x00\
\x00\x00\x01\x02\xac\x02\xad\x00\x01\x01\x1d\xffV\x00\x01\x01\
\x1d\x01\xeb\x00\x01\x01\x1d\x00\x00\x00\x01\x01\x1d\x02\xad\x00\
\x01\x01\x15\xffV\x00\x01\x01\x15\x01\xeb\x00\x01\x01\x15\x02\
\xad\x00\x01\x01\x15\x00\x00\x00\x01\x01m\x00\x0a\x00\x01\x01\
\x15\x03n\x00\x01\x01\x15\x00\xf6\x00\x01\x01J\x01\xeb\x00\
\x01\x01\xd3\x00\x00\x00\x01\x01\xd3\x01\xeb\x00\x01\x01\x22\x00\
\x00\x00\x01\x01\x22\x01\xeb\x00\x01\x00t\x00\x00\x00\x01\x00\
\xd6\x02\xad\x00\x01\x00t\xffV\x00\x01\x00\xd6\x01\xeb\x00\
\x01\x00\x9a\x02\xe4\x00\x01\x00\xf9\x03n\x00\x01\x00\xef\x00\
\x00\x00\x01\x00\xf9\x01\xeb\x00\x01\x00\xef\xffV\x00\x01\x00\
\xf9\x02\xad\x00\x01\x00\xdb\x00\x00\x00\x01\x00\x8f\x03\x1b\x00\
\x01\x00\xdb\xffV\x00\x01\x00\x8f\x02{\x00\x01\x00\xa4\x00\
\xf6\x00\x01\x00\xee\x02\xc1\x00\x01\x01\x18\xffV\x00\x01\x01\
\x18\x01\xeb\x00\x01\x01\x18\x02\xad\x00\x01\x01\x18\x00\x00\x00\
\x01\x01\xdc\x00\x0a\x00\x01\x01\x18\x03n\x00\x01\x01\xb1\x01\
\xeb\x00\x01\x01\x02\x00\x00\x00\x01\x01\xa5\x01\xeb\x00\x01\x01\
\xa5\x00\x00\x00\x01\x01\xa5\x02\xad\x00\x01\x01\x03\x00\x00\x00\
\x01\x01\x03\x01\xeb\x00\x01\x01\x86\xffV\x00\x01\x01\x02\x01\
\xeb\x00\x01\x01\x86\x00\x00\x00\x01\x01\x02\x02\xad\x00\x01\x00\
\xfa\x00\x00\x00\x01\x01\x00\x02\xad\x00\x01\x00\xfa\xffV\x00\
\x01\x01\x00\x01\xeb\x00\x01\x01\x5c\x00\x00\x00\x01\x00\x93\x00\
\x0a\x00\x01\x01\x5c\x02\xad\x00\x01\x01$\xffV\x00\x01\x01\
$\x01\xeb\x00\x01\x01$\x00\x00\x00\x01\x01\xf1\x00\x0a\x00\
\x01\x01$\x02\xad\x00\x01\x00\x00\x00\x00\x00\x06\x01\x00\x00\
\x01\x00\x08\x00\x01\x00\x0c\x00\x1c\x00\x01\x00*\x00P\x00\
\x01\x00\x06\x02\xca\x02\xcb\x02\xcc\x02\xcd\x02\xcf\x02\xd0\x00\
\x01\x00\x05\x02\xca\x02\xcb\x02\xcc\x02\xcf\x02\xd0\x00\x06\x00\
\x00\x00 \x00\x00\x00 \x00\x00\x00 \x00\x00\x00\x1a\x00\
\x00\x00 \x00\x00\x00 \x00\x01\xffm\x00\x00\x00\x01\xff\
j\x00\x00\x00\x05\x00\x0c\x00\x0c\x00\x0c\x00\x0c\x00\x0c\x00\
\x01\xffj\xffV\x00\x06\x02\x00\x00\x01\x00\x08\x00\x01\x00\
\xc2\x00\x0c\x00\x01\x00\xe8\x00@\x00\x02\x00\x08\x02\xb9\x02\
\xbd\x00\x00\x02\xbf\x02\xc8\x00\x05\x02\xd2\x02\xe0\x00\x0f\x02\
\xe2\x02\xe2\x00\x1e\x02\xe4\x02\xe7\x00\x1f\x02\xea\x02\xee\x00\
#\x02\xf0\x02\xf5\x00(\x02\xf7\x02\xf8\x00.\x000\x01\
\x90\x01\x90\x01\x90\x01\x90\x01\x90\x01\x90\x01\x90\x01\x90\x01\
\x90\x01\x90\x01\x90\x01\x90\x01\x90\x01\x90\x01\x90\x01\x96\x01\
\x96\x01\x96\x01\x96\x01\x96\x01\x96\x01\x96\x01\x96\x01\x96\x01\
\x96\x01\x96\x01\x96\x01\x96\x01\x96\x01\x96\x00h\x00h\x00\
h\x00h\x00h\x00b\x00b\x00h\x00h\x00h\x00\
h\x00h\x00h\x00h\x00h\x00h\x00h\x00h\x00\
\x01\x00\x96\x03a\x00\x01\x00\x96\x02\xad\x00\x06\x02\x00\x00\
\x01\x00\x08\x00\x01\x00\x0c\x00(\x00\x01\x002\x00\xf8\x00\
\x02\x00\x04\x02\xb9\x02\xbd\x00\x00\x02\xbf\x02\xc8\x00\x05\x02\
\xd2\x02\xe0\x00\x0f\x02\xf9\x03\x08\x00\x1e\x00\x02\x00\x01\x02\
\xf9\x03\x08\x00\x00\x00.\x00\x00\x00\xba\x00\x00\x00\xba\x00\
\x00\x00\xba\x00\x00\x00\xba\x00\x00\x00\xba\x00\x00\x00\xba\x00\
\x00\x00\xba\x00\x00\x00\xba\x00\x00\x00\xba\x00\x00\x00\xba\x00\
\x00\x00\xba\x00\x00\x00\xba\x00\x00\x00\xba\x00\x00\x00\xba\x00\
\x00\x00\xba\x00\x00\x00\xc0\x00\x00\x00\xc0\x00\x00\x00\xc0\x00\
\x00\x00\xc0\x00\x00\x00\xc0\x00\x00\x00\xc0\x00\x00\x00\xc0\x00\
\x00\x00\xc0\x00\x00\x00\xc0\x00\x00\x00\xc0\x00\x00\x00\xc0\x00\
\x00\x00\xc0\x00\x00\x00\xc0\x00\x00\x00\xc0\x00\x00\x00\xc0\x00\
\x00\x00\xba\x00\x00\x00\xba\x00\x00\x00\xba\x00\x00\x00\xba\x00\
\x00\x00\xba\x00\x00\x00\xba\x00\x00\x00\xba\x00\x00\x00\xba\x00\
\x00\x00\xc0\x00\x00\x00\xc0\x00\x00\x00\xc0\x00\x00\x00\xc0\x00\
\x00\x00\xc0\x00\x00\x00\xc0\x00\x00\x00\xc0\x00\x00\x00\xc0\x00\
\x01\xffj\x01\xeb\x00\x01\xffj\x02\xc1\x00\x10\x00\x22\x00\
\x22\x00\x22\x00\x22\x00\x22\x00\x22\x00\x22\x00\x22\x00(\x00\
(\x00(\x00(\x00(\x00(\x00(\x00(\x00\x01\xff\
j\x02\xad\x00\x01\xffj\x03a\x00\x00\x00\x01\x00\x00\x00\
\x0a\x01\xc8\x05\xf2\x00\x02DFLT\x00\x0elat\
n\x002\x00\x04\x00\x00\x00\x00\xff\xff\x00\x0d\x00\x00\x00\
\x0b\x00\x16\x00!\x00,\x007\x00K\x00V\x00a\x00\
l\x00w\x00\x82\x00\x8d\x00:\x00\x09AZE \x00\
ZCAT \x00|CRT \x00\x9eKAZ\
 \x00\xc0MOL \x00\xe2NLD \x01\x04R\
OM \x01&TAT \x01HTRK \x01\
j\x00\x00\xff\xff\x00\x0d\x00\x01\x00\x0c\x00\x17\x00\x22\x00\
-\x008\x00L\x00W\x00b\x00m\x00x\x00\x83\x00\
\x8e\x00\x00\xff\xff\x00\x0e\x00\x02\x00\x0d\x00\x18\x00#\x00\
.\x009\x00B\x00M\x00X\x00c\x00n\x00y\x00\
\x84\x00\x8f\x00\x00\xff\xff\x00\x0e\x00\x03\x00\x0e\x00\x19\x00\
$\x00/\x00:\x00C\x00N\x00Y\x00d\x00o\x00\
z\x00\x85\x00\x90\x00\x00\xff\xff\x00\x0e\x00\x04\x00\x0f\x00\
\x1a\x00%\x000\x00;\x00D\x00O\x00Z\x00e\x00\
p\x00{\x00\x86\x00\x91\x00\x00\xff\xff\x00\x0e\x00\x05\x00\
\x10\x00\x1b\x00&\x001\x00<\x00E\x00P\x00[\x00\
f\x00q\x00|\x00\x87\x00\x92\x00\x00\xff\xff\x00\x0e\x00\
\x06\x00\x11\x00\x1c\x00'\x002\x00=\x00F\x00Q\x00\
\x5c\x00g\x00r\x00}\x00\x88\x00\x93\x00\x00\xff\xff\x00\
\x0e\x00\x07\x00\x12\x00\x1d\x00(\x003\x00>\x00G\x00\
R\x00]\x00h\x00s\x00~\x00\x89\x00\x94\x00\x00\xff\
\xff\x00\x0e\x00\x08\x00\x13\x00\x1e\x00)\x004\x00?\x00\
H\x00S\x00^\x00i\x00t\x00\x7f\x00\x8a\x00\x95\x00\
\x00\xff\xff\x00\x0e\x00\x09\x00\x14\x00\x1f\x00*\x005\x00\
@\x00I\x00T\x00_\x00j\x00u\x00\x80\x00\x8b\x00\
\x96\x00\x00\xff\xff\x00\x0e\x00\x0a\x00\x15\x00 \x00+\x00\
6\x00A\x00J\x00U\x00`\x00k\x00v\x00\x81\x00\
\x8c\x00\x97\x00\x98aalt\x03\x92aalt\x03\
\x92aalt\x03\x92aalt\x03\x92aal\
t\x03\x92aalt\x03\x92aalt\x03\x92a\
alt\x03\x92aalt\x03\x92aalt\x03\
\x92aalt\x03\x92case\x03\x9acas\
e\x03\x9acase\x03\x9acase\x03\x9ac\
ase\x03\x9acase\x03\x9acase\x03\
\x9acase\x03\x9acase\x03\x9acas\
e\x03\x9acase\x03\x9accmp\x03\xaac\
cmp\x03\xa0ccmp\x03\xaaccmp\x03\
\xaaccmp\x03\xaaccmp\x03\xaaccm\
p\x03\xaaccmp\x03\xaaccmp\x03\xaac\
cmp\x03\xaaccmp\x03\xaadnom\x03\
\xb2dnom\x03\xb2dnom\x03\xb2dno\
m\x03\xb2dnom\x03\xb2dnom\x03\xb2d\
nom\x03\xb2dnom\x03\xb2dnom\x03\
\xb2dnom\x03\xb2dnom\x03\xb2fra\
c\x03\xb8frac\x03\xb8frac\x03\xb8f\
rac\x03\xb8frac\x03\xb8frac\x03\
\xb8frac\x03\xb8frac\x03\xb8fra\
c\x03\xb8frac\x03\xb8frac\x03\xb8l\
iga\x03\xc2liga\x03\xc2liga\x03\
\xc2liga\x03\xc2liga\x03\xc2lig\
a\x03\xc2liga\x03\xc2liga\x03\xc2l\
iga\x03\xc2liga\x03\xc2liga\x03\
\xc2locl\x03\xc8locl\x03\xceloc\
l\x03\xd4locl\x03\xdalocl\x03\xe0l\
ocl\x03\xe6locl\x03\xeclocl\x03\
\xf2locl\x03\xf8numr\x03\xfenum\
r\x03\xfenumr\x03\xfenumr\x03\xfen\
umr\x03\xfenumr\x03\xfenumr\x03\
\xfenumr\x03\xfenumr\x03\xfenum\
r\x03\xfenumr\x03\xfeonum\x04\x04o\
num\x04\x04onum\x04\x04onum\x04\
\x04onum\x04\x04onum\x04\x04onu\
m\x04\x04onum\x04\x04onum\x04\x04o\
num\x04\x04onum\x04\x04ordn\x04\
\x0aordn\x04\x0aordn\x04\x0aord\
n\x04\x0aordn\x04\x0aordn\x04\x0ao\
rdn\x04\x0aordn\x04\x0aordn\x04\
\x0aordn\x04\x0aordn\x04\x0asal\
t\x04\x12salt\x04\x12salt\x04\x12s\
alt\x04\x12salt\x04\x12salt\x04\
\x12salt\x04\x12salt\x04\x12sal\
t\x04\x12salt\x04\x12salt\x04\x12s\
s01\x04\x18ss01\x04\x18ss01\x04\
\x18ss01\x04\x18ss01\x04\x18ss0\
1\x04\x18ss01\x04\x18ss01\x04\x18s\
s01\x04\x18ss01\x04\x18ss01\x04\
\x18subs\x04\x1esubs\x04\x1esub\
s\x04\x1esubs\x04\x1esubs\x04\x1es\
ubs\x04\x1esubs\x04\x1esubs\x04\
\x1esubs\x04\x1esubs\x04\x1esub\
s\x04\x1esups\x04$sups\x04$s\
ups\x04$sups\x04$sups\x04\
$sups\x04$sups\x04$sup\
s\x04$sups\x04$sups\x04$s\
ups\x04$\x00\x00\x00\x02\x00\x00\x00\x01\x00\x00\x00\
\x01\x00\x18\x00\x00\x00\x03\x00\x02\x00\x03\x00\x04\x00\x00\x00\
\x02\x00\x02\x00\x03\x00\x00\x00\x01\x00\x11\x00\x00\x00\x03\x00\
\x12\x00\x13\x00\x14\x00\x00\x00\x01\x00\x19\x00\x00\x00\x01\x00\
\x0d\x00\x00\x00\x01\x00\x06\x00\x00\x00\x01\x00\x0c\x00\x00\x00\
\x01\x00\x09\x00\x00\x00\x01\x00\x08\x00\x00\x00\x01\x00\x05\x00\
\x00\x00\x01\x00\x07\x00\x00\x00\x01\x00\x0a\x00\x00\x00\x01\x00\
\x0b\x00\x00\x00\x01\x00\x10\x00\x00\x00\x01\x00\x17\x00\x00\x00\
\x02\x00\x15\x00\x16\x00\x00\x00\x01\x00\x1a\x00\x00\x00\x01\x00\
\x1b\x00\x00\x00\x01\x00\x0e\x00\x00\x00\x01\x00\x0f\x00\x1d\x00\
<\x01D\x02\x06\x02\x96\x02\xda\x03\x84\x03\xce\x04\x12\x04\
\x12\x044\x044\x044\x044\x044\x04H\x04V\x04\
\x86\x04d\x04r\x04\x86\x04\x94\x04\xdc\x05\x1a\x05<\x05\
T\x05\xb0\x05\xd8\x05\xd8\x066\x00\x01\x00\x00\x00\x01\x00\
\x08\x00\x02\x00\x96\x00H\x01\xfa\x01\xfb\x00\xb3\x00\xbd\x01\
\xdc\x01\xdd\x01\xde\x01\xdf\x01\xe0\x01\xe1\x01\xe2\x01\xe3\x01\
\xe4\x01\xe5\x01\xe6\x01\xe7\x01\xe8\x01\xe9\x01\xea\x01\xeb\x01\
\xec\x01\xed\x01\xee\x01\xef\x01\xf0\x01\xf1\x01\xf2\x01\xf3\x01\
\xf4\x01\xf5\x01P\x01\xfb\x01\xa0\x01\xa9\x02\x0c\x02!\x02\
\x22\x02#\x02$\x02%\x02&\x02'\x02(\x02)\x02\
*\x02U\x02?\x02\xd2\x02\xd3\x02\xd4\x02\xd5\x02\xd6\x02\
\xd7\x02\xd8\x02\xd9\x02\xda\x02\xdb\x02\xdc\x02\xdd\x02\xde\x02\
\xdf\x02\xe0\x02\xea\x02\xeb\x03\x01\x03\x02\x03\x03\x03\x04\x03\
\x05\x03\x06\x03\x07\x03\x08\x00\x02\x00\x11\x00\x04\x00\x04\x00\
\x00\x00~\x00~\x00\x01\x00\xb1\x00\xb1\x00\x02\x00\xbc\x00\
\xbc\x00\x03\x00\xef\x01\x08\x00\x04\x01O\x01O\x00\x1e\x01\
k\x01k\x00\x1f\x01\x9e\x01\x9e\x00 \x01\xa8\x01\xa8\x00\
!\x02\x0e\x02\x0e\x00\x22\x02+\x024\x00#\x02E\x02\
E\x00-\x02S\x02S\x00.\x02\xb9\x02\xbd\x00/\x02\
\xbf\x02\xc8\x004\x02\xe5\x02\xe6\x00>\x02\xf9\x03\x00\x00\
@\x00\x03\x00\x00\x00\x01\x00\x08\x00\x01\x00\xa4\x00\x0c\x00\
\x1e\x00$\x00*\x006\x00D\x00P\x00\x5c\x00h\x00\
t\x00\x80\x00\x8c\x00\x98\x00\x02\x01\xfa\x01\xdb\x00\x02\x01\
@\x01G\x00\x05\x02\x17\x025\x02+\x02!\x02\x0d\x00\
\x06\x02\x18\x026\x02,\x02\x22\x02\x0e\x02\x0b\x00\x05\x02\
\x19\x027\x02-\x02#\x02\x0f\x00\x05\x02\x1a\x028\x02\
.\x02$\x02\x10\x00\x05\x02\x1b\x029\x02/\x02%\x02\
\x11\x00\x05\x02\x1c\x02:\x020\x02&\x02\x12\x00\x05\x02\
\x1d\x02;\x021\x02'\x02\x13\x00\x05\x02\x1e\x02<\x02\
2\x02(\x02\x14\x00\x05\x02\x1f\x02=\x023\x02)\x02\
\x15\x00\x05\x02 \x02>\x024\x02*\x02\x16\x00\x02\x00\
\x03\x00\xee\x00\xee\x00\x00\x01?\x01?\x00\x01\x02\x01\x02\
\x0a\x00\x02\x00\x06\x00\x00\x00\x04\x00\x0e\x00 \x00\x5c\x00\
n\x00\x03\x00\x00\x00\x01\x00&\x00\x01\x00>\x00\x01\x00\
\x00\x00\x1c\x00\x03\x00\x00\x00\x01\x00\x14\x00\x02\x00\x1c\x00\
,\x00\x01\x00\x00\x00\x1c\x00\x01\x00\x02\x01?\x01O\x00\
\x02\x00\x02\x02\xc9\x02\xcb\x00\x00\x02\xcd\x02\xd1\x00\x03\x00\
\x02\x00\x02\x02\xb9\x02\xbd\x00\x00\x02\xbf\x02\xc8\x00\x05\x00\
\x03\x00\x01\x032\x00\x01\x032\x00\x00\x00\x01\x00\x00\x00\
\x1c\x00\x03\x00\x01\x00\x12\x00\x01\x03 \x00\x00\x00\x01\x00\
\x00\x00\x1c\x00\x02\x00\x02\x00\x04\x00\xed\x00\x00\x01\xfc\x01\
\xfe\x00\xea\x00\x06\x00\x00\x00\x02\x00\x0a\x00\x1c\x00\x03\x00\
\x00\x00\x01\x02\xf4\x00\x01\x00$\x00\x01\x00\x00\x00\x1c\x00\
\x03\x00\x01\x00\x12\x00\x01\x02\xe2\x00\x00\x00\x01\x00\x00\x00\
\x1c\x00\x02\x00\x03\x02\xd2\x02\xe0\x00\x00\x02\xea\x02\xeb\x00\
\x0f\x03\x01\x03\x08\x00\x11\x00\x04\x00\x00\x00\x01\x00\x08\x00\
\x01\x00\x96\x00\x04\x00\x0e\x000\x00R\x00t\x00\x04\x00\
\x0a\x00\x10\x00\x16\x00\x1c\x02\xfe\x00\x02\x02\xbb\x02\xfd\x00\
\x02\x02\xbc\x03\x00\x00\x02\x02\xc3\x02\xff\x00\x02\x02\xc5\x00\
\x04\x00\x0a\x00\x10\x00\x16\x00\x1c\x02\xfa\x00\x02\x02\xbb\x02\
\xf9\x00\x02\x02\xbc\x02\xfc\x00\x02\x02\xc3\x02\xfb\x00\x02\x02\
\xc5\x00\x04\x00\x0a\x00\x10\x00\x16\x00\x1c\x03\x06\x00\x02\x02\
\xd4\x03\x05\x00\x02\x02\xd5\x03\x08\x00\x02\x02\xdb\x03\x07\x00\
\x02\x02\xdd\x00\x04\x00\x0a\x00\x10\x00\x16\x00\x1c\x03\x02\x00\
\x02\x02\xd4\x03\x01\x00\x02\x02\xd5\x03\x04\x00\x02\x02\xdb\x03\
\x03\x00\x02\x02\xdd\x00\x01\x00\x04\x02\xbf\x02\xc1\x02\xd7\x02\
\xd9\x00\x04\x00\x00\x00\x01\x00\x08\x00\x01\x006\x00\x04\x00\
\x0e\x00\x18\x00\x22\x00,\x00\x01\x00\x04\x01\xf8\x00\x02\x00\
c\x00\x01\x00\x04\x00\xed\x00\x02\x00c\x00\x01\x00\x04\x01\
\xf9\x00\x02\x01O\x00\x01\x00\x04\x01\xda\x00\x02\x01O\x00\
\x01\x00\x04\x00T\x00U\x01?\x01A\x00\x06\x00\x00\x00\
\x02\x00\x0a\x00$\x00\x03\x00\x01\x00\x14\x00\x01\x00.\x00\
\x01\x00\x14\x00\x01\x00\x00\x00\x1c\x00\x01\x00\x01\x01U\x00\
\x03\x00\x01\x00\x1a\x00\x01\x00\x14\x00\x01\x00\x1a\x00\x01\x00\
\x00\x00\x1c\x00\x01\x00\x01\x02E\x00\x01\x00\x01\x00g\x00\
\x01\x00\x00\x00\x01\x00\x08\x00\x02\x00\x0e\x00\x04\x00\xb3\x00\
\xbd\x01\xa0\x01\xa9\x00\x01\x00\x04\x00\xb1\x00\xbc\x01\x9e\x01\
\xa8\x00\x01\x00\x00\x00\x01\x00\x08\x00\x01\x00\x06\x00\x08\x00\
\x01\x00\x01\x01?\x00\x01\x00\x00\x00\x01\x00\x08\x00\x01\x00\
\xfa\x00\x16\x00\x01\x00\x00\x00\x01\x00\x08\x00\x01\x00\xec\x00\
4\x00\x01\x00\x00\x00\x01\x00\x08\x00\x01\x00\xde\x00 \x00\
\x01\x00\x00\x00\x01\x00\x08\x00\x01\x00\x06\xff\xec\x00\x01\x00\
\x01\x02S\x00\x01\x00\x00\x00\x01\x00\x08\x00\x01\x00\xbc\x00\
*\x00\x06\x00\x00\x00\x02\x00\x0a\x00\x22\x00\x03\x00\x01\x00\
\x12\x00\x01\x004\x00\x00\x00\x01\x00\x00\x00\x1c\x00\x01\x00\
\x01\x02?\x00\x03\x00\x01\x00\x12\x00\x01\x00\x1c\x00\x00\x00\
\x01\x00\x00\x00\x1c\x00\x02\x00\x01\x02!\x02*\x00\x00\x00\
\x02\x00\x01\x02+\x024\x00\x00\x00\x06\x00\x00\x00\x02\x00\
\x0a\x00$\x00\x03\x00\x01\x00d\x00\x01\x00\x12\x00\x00\x00\
\x01\x00\x00\x00\x1c\x00\x01\x00\x02\x00\x04\x00\xee\x00\x03\x00\
\x01\x00J\x00\x01\x00\x12\x00\x00\x00\x01\x00\x00\x00\x1c\x00\
\x01\x00\x02\x00~\x01k\x00\x04\x00\x00\x00\x01\x00\x08\x00\
\x01\x00\x14\x00\x01\x00\x08\x00\x01\x00\x04\x02\xb5\x00\x03\x01\
k\x02M\x00\x01\x00\x01\x00s\x00\x01\x00\x00\x00\x01\x00\
\x08\x00\x01\x00\x06\x00\x0c\x00\x02\x00\x01\x02\x01\x02\x0a\x00\
\x00\x00\x01\x00\x00\x00\x01\x00\x08\x00\x02\x008\x00\x19\x02\
\xd2\x02\xd3\x02\xd4\x02\xd5\x02\xd6\x02\xd7\x02\xd8\x02\xd9\x02\
\xda\x02\xdb\x02\xdc\x02\xdd\x02\xde\x02\xdf\x02\xe0\x02\xea\x02\
\xeb\x03\x01\x03\x02\x03\x03\x03\x04\x03\x05\x03\x06\x03\x07\x03\
\x08\x00\x02\x00\x04\x02\xb9\x02\xbd\x00\x00\x02\xbf\x02\xc8\x00\
\x05\x02\xe5\x02\xe6\x00\x0f\x02\xf9\x03\x00\x00\x11\x00\x04\x00\
\x00\x00\x01\x00\x08\x00\x01\x00\x1a\x00\x01\x00\x08\x00\x02\x00\
\x06\x00\x0c\x01\xf6\x00\x02\x01?\x01\xf7\x00\x02\x01U\x00\
\x01\x00\x01\x012\x00\x01\x00\x00\x00\x01\x00\x08\x00\x02\x00\
@\x00\x1d\x01\xdb\x01\xdc\x01\xdd\x01\xde\x01\xdf\x01\xe0\x01\
\xe1\x01\xe2\x01\xe3\x01\xe4\x01\xe5\x01\xe6\x01\xe7\x01\xe8\x01\
\xe9\x01\xea\x01\xeb\x01\xec\x01\xed\x01\xee\x01\xef\x01\xf0\x01\
\xf1\x01\xf2\x01\xf3\x01\xf4\x01\xf5\x02\x0b\x02\x0c\x00\x02\x00\
\x03\x00\xee\x01\x08\x00\x00\x02\x02\x02\x02\x00\x1b\x02\x0e\x02\
\x0e\x00\x1c\x00\x01\x00\x00\x00\x01\x00\x08\x00\x02\x00Z\x00\
*\x01\xfa\x01\xfb\x01\xfa\x01@\x01P\x01\xfb\x02!\x02\
\x22\x02#\x02$\x02%\x02&\x02'\x02(\x02)\x02\
*\x02U\x02\xd2\x02\xd3\x02\xd4\x02\xd5\x02\xd6\x02\xd7\x02\
\xd8\x02\xd9\x02\xda\x02\xdb\x02\xdc\x02\xdd\x02\xde\x02\xdf\x02\
\xe0\x02\xea\x02\xeb\x03\x01\x03\x02\x03\x03\x03\x04\x03\x05\x03\
\x06\x03\x07\x03\x08\x00\x02\x00\x0c\x00\x04\x00\x04\x00\x00\x00\
~\x00~\x00\x01\x00\xee\x00\xee\x00\x02\x01?\x01?\x00\
\x03\x01O\x01O\x00\x04\x01k\x01k\x00\x05\x02+\x02\
4\x00\x06\x02E\x02E\x00\x10\x02\xb9\x02\xbd\x00\x11\x02\
\xbf\x02\xc8\x00\x16\x02\xe5\x02\xe6\x00 \x02\xf9\x03\x00\x00\
\x22\x00\x00\
\x00\x01bT\
\x00\
\x01\x00\x00\x00\x11\x01\x00\x00\x04\x00\x10GDEF2\
\xff3\xc5\x00\x01\x1d`\x00\x00\x00\xe6GPOS\xfb\
u\xc6R\x00\x01\x1eH\x00\x0072GSUB\x83\
&\x1cA\x00\x01U|\x00\x00\x0c\xd6OS/2j\
\xab\xa4T\x00\x00\xe9\xf4\x00\x00\x00`cmap0\
jKB\x00\x00\xeaT\x00\x00\x08\x0ccvt :\
}\x05\x22\x00\x01\x00\x1c\x00\x00\x00\x98fpgmv\
d\x7fz\x00\x00\xf2`\x00\x00\x0d\x16gasp\x00\
\x00\x00\x10\x00\x01\x1dX\x00\x00\x00\x08glyf\x0f\
`\x81\xe6\x00\x00\x01\x1c\x00\x00\xd6>head\x0b\
\x86\xe2e\x00\x00\xdd\x90\x00\x00\x006hhea\x07\
\xaf\x068\x00\x00\xe9\xd0\x00\x00\x00$hmtx'\
jL\x99\x00\x00\xdd\xc8\x00\x00\x0c\x06loca8\
#m\xa1\x00\x00\xd7|\x00\x00\x06\x14maxp\x04\
Z\x0d\xeb\x00\x00\xd7\x5c\x00\x00\x00 nameY\
 \x83M\x00\x01\x00\xb4\x00\x00\x03\xb4postd\
\x88\xa3\xa8\x00\x01\x04h\x00\x00\x18\xedprep9\
6No\x00\x00\xffx\x00\x00\x00\xa3\x00\x0a\x00R\xff\
L\x01k\x02\xc1\x00\x03\x00\x0f\x00\x15\x00\x19\x00#\x00\
)\x005\x009\x00=\x00H\x00\x19@\x16C>;\
:864*($ \x1a\x17\x16\x12\x10\x0a\x04\x01\
\x00\x0a0+\x01\x11!\x11\x17#\x153\x15#\x153\
5#53\x07#\x1535#'\x15#5\x17#\
\x153\x15#\x15353\x15#\x15#\x153\x15#\
\x15353\x15#5#\x153\x15#\x153'\x15\
#5\x17#\x153\x07\x1535#73\x01k\xfe\
\xe7\xd5\x929:\x93;;;X\x93;\x1e\x1dv\x93\
::X;\x1dv\x93Y\x1e\x1eY\x1d\x93\x93\x93\x1d\
Yv\x93>>\x93[>\x1d\x02\xc1\xfc\x8b\x03u;\
\x1d!\x1d\x1d!U\x5c\x1e\x1f\x1f\x1fU\x1e \x1e>\
\x17;\x1e\x132\x14)Gd6dG))[\x1d\
*\x1d\x1d*\x00\x00\x02\x00\x0a\x00\x00\x02\xd4\x02\xc1\x00\
\x07\x00\x0a\x00,@)\x0a\x01\x04\x02\x01J\x00\x04\x00\
\x00\x01\x04\x00f\x00\x02\x02\x14K\x05\x03\x02\x01\x01\x15\
\x01L\x00\x00\x09\x08\x00\x07\x00\x07\x11\x11\x11\x06\x07\x17\
+!'!\x07#\x013\x01\x01!\x03\x02mK\xfe\
\x9bKh\x01:V\x01:\xfe\x0c\x01\x1f\x8f\xae\xae\x02\
\xc1\xfd?\x01\x00\x01N\xff\xff\x00\x0a\x00\x00\x02\xd4\x03\
\x96\x00\x22\x00\x04\x00\x00\x00\x03\x02\xd5\x02\x05\x00\x00\xff\
\xff\x00\x0a\x00\x00\x02\xd4\x03\x8b\x00\x22\x00\x04\x00\x00\x00\
\x03\x02\xd9\x02\x05\x00\x00\xff\xff\x00\x0a\x00\x00\x02\xd4\x03\
\xf2\x00\x22\x00\x04\x00\x00\x00\x03\x03\x01\x02\x05\x00\x00\xff\
\xff\x00\x0a\xffE\x02\xd4\x03\x8b\x00\x22\x00\x04\x00\x00\x00\
#\x02\xca\x02\x05\x00\x00\x00\x03\x02\xd9\x02\x05\x00\x00\xff\
\xff\x00\x0a\x00\x00\x02\xd4\x03\xf2\x00\x22\x00\x04\x00\x00\x00\
\x03\x03\x02\x02\x05\x00\x00\xff\xff\x00\x0a\x00\x00\x02\xd4\x03\
\xf8\x00\x22\x00\x04\x00\x00\x00\x03\x03\x03\x02\x05\x00\x00\xff\
\xff\x00\x0a\x00\x00\x02\xd4\x03\xf9\x00\x22\x00\x04\x00\x00\x00\
\x03\x03\x04\x02\x05\x00\x00\xff\xff\x00\x0a\x00\x00\x02\xd4\x03\
\x96\x00\x22\x00\x04\x00\x00\x00\x03\x02\xd7\x02\x05\x00\x00\xff\
\xff\x00\x0a\x00\x00\x02\xd4\x03\xf2\x00\x22\x00\x04\x00\x00\x00\
\x03\x03\x05\x02\x05\x00\x00\xff\xff\x00\x0a\xffE\x02\xd4\x03\
\x96\x00\x22\x00\x04\x00\x00\x00#\x02\xca\x02\x05\x00\x00\x00\
\x03\x02\xd7\x02\x05\x00\x00\xff\xff\x00\x0a\x00\x00\x02\xd4\x03\
\xf2\x00\x22\x00\x04\x00\x00\x00\x03\x03\x06\x02\x05\x00\x00\xff\
\xff\x00\x0a\x00\x00\x02\xd4\x03\xf8\x00\x22\x00\x04\x00\x00\x00\
\x03\x03\x07\x02\x05\x00\x00\xff\xff\x00\x0a\x00\x00\x02\xd4\x04\
\x02\x00\x22\x00\x04\x00\x00\x00\x03\x03\x08\x02\x05\x00\x00\xff\
\xff\x00\x0a\x00\x00\x02\xd4\x03\x96\x00\x22\x00\x04\x00\x00\x00\
\x03\x02\xde\x02\x05\x00\x00\xff\xff\x00\x0a\x00\x00\x02\xd4\x03\
|\x00\x22\x00\x04\x00\x00\x00\x03\x02\xd2\x02\x05\x00\x00\xff\
\xff\x00\x0a\xffE\x02\xd4\x02\xc1\x00\x22\x00\x04\x00\x00\x00\
\x03\x02\xca\x02\x05\x00\x00\xff\xff\x00\x0a\x00\x00\x02\xd4\x03\
\x96\x00\x22\x00\x04\x00\x00\x00\x03\x02\xd4\x02\x05\x00\x00\xff\
\xff\x00\x0a\x00\x00\x02\xd4\x03\x9a\x00\x22\x00\x04\x00\x00\x00\
\x03\x02\xdd\x02\x05\x00\x00\xff\xff\x00\x0a\x00\x00\x02\xd4\x03\
\x8c\x00\x22\x00\x04\x00\x00\x00\x03\x02\xdf\x02\x05\x00\x00\xff\
\xff\x00\x0a\x00\x00\x02\xd4\x03m\x00\x22\x00\x04\x00\x00\x00\
\x03\x02\xdc\x02\x05\x00\x00\x00\x02\x00\x0a\xff>\x02\xee\x02\
\xc1\x00\x18\x00\x1b\x009@6\x1b\x01\x06\x03\x08\x01\x02\
\x01\x18\x01\x05\x02\x03J\x00\x06\x00\x01\x02\x06\x01f\x00\
\x03\x03\x14K\x04\x01\x02\x02\x15K\x00\x05\x05\x00_\x00\
\x00\x00!\x00L\x12$!\x11\x11\x16!\x07\x07\x1b+\
\x05\x06#\x22&5467'!\x07#\x013\x01\
#\x22\x06\x15\x14\x16327\x01!\x03\x02\xee)1\
5C%\x22A\xfe\x9bKh\x01:V\x01:\x1c(\
+!\x1e\x1c\x1d\xfe\x03\x01\x1f\x8f\xac\x16;/#:\
\x12\x97\xae\x02\xc1\xfd?* \x1d\x1f\x10\x01v\x01N\
\x00\x00\x03\x00\x0a\x00\x00\x02\xd4\x03l\x00\x12\x00\x1e\x00\
!\x00d\xb7!\x10\x04\x03\x06\x04\x01JK\xb0)P\
X@\x1d\x00\x02\x07\x01\x05\x04\x02\x05g\x00\x06\x00\x00\
\x01\x06\x00f\x00\x04\x04\x1cK\x03\x01\x01\x01\x15\x01L\
\x1b@ \x00\x04\x05\x06\x05\x04\x06~\x00\x02\x07\x01\x05\
\x04\x02\x05g\x00\x06\x00\x00\x01\x06\x00f\x03\x01\x01\x01\
\x15\x01LY@\x10\x13\x13 \x1f\x13\x1e\x13\x1d%\x16\
&\x11\x10\x08\x07\x19+%!\x07#\x01&&54\
632\x16\x15\x14\x06\x07\x01#\x00\x06\x15\x14\x163\
2654&#\x03!\x03\x02\x22\xfe\x9bKh\x01\
2\x18\x1c<+,<\x1c\x18\x011g\xfe\xee\x1a\x1a\
\x14\x14\x1b\x1b\x14\x8f\x01\x1f\x8f\xae\xae\x02\xae\x0d/\x1c\
+;;+\x1c/\x0d\xfdR\x037\x1c\x15\x15\x1c\x1d\
\x14\x14\x1d\xfd\xc9\x01N\x00\x03\x00\x0a\x00\x00\x02\xd4\x03\
\xae\x00\x16\x00\x22\x00%\x00u@\x0d\x0f\x0c\x02\x06\x02\
%\x14\x04\x03\x07\x05\x02JK\xb0)PX@\x22\x00\
\x03\x02\x03\x83\x00\x02\x08\x01\x06\x05\x02\x06g\x00\x07\x00\
\x00\x01\x07\x00f\x00\x05\x05\x1cK\x04\x01\x01\x01\x15\x01\
L\x1b@%\x00\x03\x02\x03\x83\x00\x05\x06\x07\x06\x05\x07\
~\x00\x02\x08\x01\x06\x05\x02\x06g\x00\x07\x00\x00\x01\x07\
\x00f\x04\x01\x01\x01\x15\x01LY@\x11\x17\x17$#\
\x17\x22\x17!%\x17\x12&\x11\x10\x09\x07\x1a+%!\
\x07#\x01&&54632\x1773\x07\x16\x15\
\x14\x06\x07\x01#\x00\x06\x15\x14\x1632654&\
#\x03!\x03\x02\x22\xfe\x9bKh\x012\x18\x1c<+\
\x1b\x18Ki\x8c\x0d\x1c\x18\x011g\xfe\xee\x1a\x1a\x14\
\x14\x1b\x1b\x14\x8f\x01\x1f\x8f\xae\xae\x02\xae\x0d/\x1c+\
;\x0dOv\x18\x1a\x1c/\x0d\xfdR\x037\x1c\x15\x15\
\x1c\x1d\x14\x14\x1d\xfd\xc9\x01N\xff\xff\x00\x0a\x00\x00\x02\
\xd4\x03\x8a\x00\x22\x00\x04\x00\x00\x00\x03\x02\xdb\x02\x05\x00\
\x00\x00\x02\xff\xf6\x00\x00\x03\xb4\x02\xc1\x00\x0f\x00\x12\x00\
;@8\x12\x01\x01\x00\x01J\x00\x01\x00\x02\x08\x01\x02\
e\x00\x08\x00\x05\x03\x08\x05e\x00\x00\x00\x07]\x00\x07\
\x07\x14K\x00\x03\x03\x04]\x06\x01\x04\x04\x15\x04L\x11\
\x11\x11\x11\x11\x11\x11\x11\x10\x09\x07\x1d+\x01!\x17!\
\x15!\x17!\x15!'!\x07#\x01!\x01!\x03\x03\
\xb4\xfe_0\x01]\xfe\xb52\x01-\xfe\x87%\xfe\xb7\
gp\x01\xb1\x02\x0d\xfdI\x01\x07F\x02m\xddT\xe8\
T\xae\xae\x02\xc1\xfe?\x01E\xff\xff\xff\xf6\x00\x00\x03\
\xb4\x03\x96\x00\x22\x00\x1d\x00\x00\x00\x03\x02\xd5\x02\x8a\x00\
\x00\x00\x03\x00R\x00\x00\x02q\x02\xc1\x00\x0e\x00\x16\x00\
\x1f\x005@2\x0e\x01\x04\x02\x01J\x00\x02\x00\x04\x05\
\x02\x04e\x00\x03\x03\x01]\x00\x01\x01\x14K\x06\x01\x05\
\x05\x00]\x00\x00\x00\x15\x00L\x17\x17\x17\x1f\x17\x1e%\
#&!$\x07\x07\x19+\x00\x16\x15\x14\x06#!\x11\
!2\x16\x15\x14\x06\x07%3254&##\x00\
654&##\x153\x02.C}p\xfe\xce\x01\
'm{;5\xfe\xc6\xb2\x94IK\xb2\x01\x0fHI\
L\xc2\xc2\x01ZXB[e\x02\xc1aW8R\x14\
%p86\xfd\xe58;<;\xea\x00\x01\x00:\xff\
\xf8\x02w\x02\xc9\x00\x1b\x00.@+\x18\x17\x0b\x0a\x04\
\x02\x01\x01J\x00\x01\x01\x00_\x00\x00\x00\x1cK\x00\x02\
\x02\x03_\x04\x01\x03\x03\x1d\x03L\x00\x00\x00\x1b\x00\x1a\
$%&\x05\x07\x17+\x04&&546632\
\x16\x17\x07&&#\x22\x06\x15\x14\x163267\x17\
\x06\x06#\x01\x22\x97QQ\x97fH|+$1a\
8nwwn8a1$+|H\x08X\xa3n\
n\xa3W-*L)$\x8e\x84\x84\x8f$)L*\
-\xff\xff\x00:\xff\xf8\x02w\x03\x96\x00\x22\x00 \x00\
\x00\x00\x03\x02\xd5\x02\x1b\x00\x00\xff\xff\x00:\xff\xf8\x02\
w\x03\x96\x00\x22\x00 \x00\x00\x00\x03\x02\xd8\x02\x1b\x00\
\x00\x00\x01\x00:\xff>\x02w\x02\xc9\x003\x00L@\
I32&%\x04\x07\x06\x19\x03\x02\x04\x01\x18\x0f\x02\
\x03\x04\x0e\x01\x02\x03\x04J\x00\x01\x00\x04\x03\x01\x04g\
\x00\x06\x06\x05_\x00\x05\x05\x1cK\x00\x07\x07\x00_\x00\
\x00\x00 K\x00\x03\x03\x02_\x00\x02\x02!\x02L$\
%*#$$\x22\x11\x08\x07\x1c+$\x06\x07\x076\
32\x16\x15\x14\x06#\x22&'7\x163265\
4#\x22\x07'7.\x02546632\x16\x17\
\x07&&#\x22\x06\x15\x14\x163267\x17\x02O\
rC\x05\x0e\x07\x22,@9\x152\x13\x0d%'\x19\
\x1c#\x12\x18\x14\x08Y\x82EQ\x97fH|+$\
1a8nwwn8a1$(-\x03#\x02\
#\x22%/\x0a\x09/\x0e\x10\x10\x19\x08\x11F\x0a\x5c\
\x9bfn\xa3W-*L)$\x8e\x84\x84\x8f$)\
L\x00\x02\x00:\xff>\x02w\x03\x96\x00\x03\x007\x00\
f@c76*)\x04\x09\x08\x1d\x07\x02\x06\x03\x1c\
\x13\x02\x05\x06\x12\x01\x04\x05\x04J\x0a\x01\x01\x00\x01\x83\
\x00\x00\x07\x00\x83\x00\x03\x00\x06\x05\x03\x06g\x00\x08\x08\
\x07_\x00\x07\x07\x1cK\x00\x09\x09\x02_\x00\x02\x02 \
K\x00\x05\x05\x04_\x00\x04\x04!\x04L\x00\x0042\
.,'%\x1b\x19\x16\x14\x10\x0e\x0a\x08\x06\x05\x00\x03\
\x00\x03\x11\x0b\x07\x15+\x01\x07#7\x12\x06\x07\x076\
32\x16\x15\x14\x06#\x22&'7\x163265\
4#\x22\x07'7.\x02546632\x16\x17\
\x07&&#\x22\x06\x15\x14\x163267\x17\x020\
\x8aBe\x86rC\x05\x0e\x07\x22,@9\x152\x13\
\x0d%'\x19\x1c#\x12\x18\x14\x08Y\x82EQ\x97f\
H|+$1a8nwwn8a1$\x03\
\x96\x99\x99\xfc\x92-\x03#\x02#\x22%/\x0a\x09/\
\x0e\x10\x10\x19\x08\x11F\x0a\x5c\x9bfn\xa3W-*\
L)$\x8e\x84\x84\x8f$)L\x00\xff\xff\x00:\xff\
\xf8\x02w\x03\x96\x00\x22\x00 \x00\x00\x00\x03\x02\xd7\x02\
\x1b\x00\x00\xff\xff\x00:\xff\xf8\x02w\x03\x7f\x00\x22\x00\
 \x00\x00\x00\x03\x02\xd3\x02\x1b\x00\x00\x00\x02\x00R\x00\
\x00\x02\xb0\x02\xc1\x00\x08\x00\x0f\x00&@#\x00\x03\x03\
\x00]\x00\x00\x00\x14K\x04\x01\x02\x02\x01]\x00\x01\x01\
\x15\x01L\x0a\x09\x0e\x0c\x09\x0f\x0a\x0f$ \x05\x07\x16\
+\x1332\x16\x15\x14\x06##7 \x11\x10!#\
\x11R\xf7\xab\xbc\xbc\xab\xf7\xf1\x01\x04\xfe\xfc\x8a\x02\xc1\
\xb8\xa8\xa8\xb9V\x01\x0b\x01\x0a\xfd\xeb\xff\xff\x00R\x00\
\x00\x05\x0a\x03\x96\x00\x22\x00'\x00\x00\x00#\x00\xe8\x02\
\xdb\x00\x00\x00\x03\x02\xd8\x04\x9b\x00\x00\x00\x02\x00\x0a\x00\
\x00\x02\xc2\x02\xc1\x00\x0c\x00\x17\x00<@9\x05\x01\x02\
\x06\x01\x01\x07\x02\x01e\x00\x04\x04\x03]\x08\x01\x03\x03\
\x14K\x09\x01\x07\x07\x00]\x00\x00\x00\x15\x00L\x0d\x0d\
\x00\x00\x0d\x17\x0d\x16\x15\x14\x13\x12\x11\x0f\x00\x0c\x00\x0b\
\x11\x11$\x0a\x07\x17+\x00\x16\x15\x14\x06##\x11#\
53\x113\x12\x11\x10!#\x153\x15#\x153\x02\
\x06\xbc\xbc\xab\xf7ZZ\xf7\xfe\xfe\xfc\x8a\xbf\xbf\x8a\x02\
\xc1\xb8\xa8\xa8\xb9\x01=Q\x013\xfd\x95\x01\x0b\x01\x0a\
\xddQ\xe7\xff\xff\x00R\x00\x00\x02\xb0\x03\x96\x00\x22\x00\
'\x00\x00\x00\x03\x02\xd8\x02\x0a\x00\x00\xff\xff\x00\x0a\x00\
\x00\x02\xc2\x02\xc1\x00\x02\x00)\x00\x00\xff\xff\x00R\xff\
E\x02\xb0\x02\xc1\x00\x22\x00'\x00\x00\x00\x03\x02\xca\x02\
\x0b\x00\x00\xff\xff\x00R\xffV\x02\xb0\x02\xc1\x00\x22\x00\
'\x00\x00\x00\x03\x02\xd0\x02\x0b\x00\x00\xff\xff\x00R\x00\
\x00\x04\xbc\x02\xf3\x00\x22\x00'\x00\x00\x00#\x01\xd5\x02\
\xea\x00\x00\x00\x03\x02\xc0\x04\x82\x00\x00\x00\x01\x00R\x00\
\x00\x02\x1c\x02\xc1\x00\x0b\x00/@,\x00\x02\x00\x03\x04\
\x02\x03e\x00\x01\x01\x00]\x00\x00\x00\x14K\x00\x04\x04\
\x05]\x06\x01\x05\x05\x15\x05L\x00\x00\x00\x0b\x00\x0b\x11\
\x11\x11\x11\x11\x07\x07\x19+3\x11!\x15!\x15!\x15\
!\x15!\x15R\x01\xca\xfe\x9b\x01Q\xfe\xaf\x01e\x02\
\xc1S\xdeT\xe9S\x00\xff\xff\x00R\x00\x00\x02\x1c\x03\
\x96\x00\x22\x00/\x00\x00\x00\x03\x02\xd5\x01\xdc\x00\x00\xff\
\xff\x00R\x00\x00\x02\x1c\x03\x8b\x00\x22\x00/\x00\x00\x00\
\x03\x02\xd9\x01\xdc\x00\x00\xff\xff\x00R\x00\x00\x02\x1c\x03\
\x96\x00\x22\x00/\x00\x00\x00\x03\x02\xd8\x01\xdc\x00\x00\x00\
\x01\x00R\xff>\x02\x1c\x02\xc1\x00$\x00X@U\x1f\
\x09\x02\x07\x04\x1e\x15\x02\x06\x07\x14\x01\x05\x06\x03J\x00\
\x00\x00\x01\x02\x00\x01e\x00\x04\x00\x07\x06\x04\x07g\x0b\
\x01\x0a\x0a\x09]\x00\x09\x09\x14K\x00\x02\x02\x03]\x08\
\x01\x03\x03\x15K\x00\x06\x06\x05_\x00\x05\x05!\x05L\
\x00\x00\x00$\x00$#\x22\x13#$$\x22\x11\x11\x11\
\x11\x0c\x07\x1d+\x13\x15!\x15!\x15!\x15#\x076\
32\x16\x15\x14\x06#\x22&'7\x163265\
4#\x22\x07'7#\x11!\x15\xb7\x01Q\xfe\xaf\x01\
e\xbf\x06\x0e\x07\x22,@9\x152\x13\x0d%'\x19\
\x1c#\x12\x18\x14\x09\xcb\x01\xca\x02n\xdeT\xe9S+\
\x02#\x22%/\x0a\x09/\x0e\x10\x10\x19\x08\x11L\x02\
\xc1S\x00\x00\x02\x00R\xff>\x02\x1c\x03\x8b\x00\x0d\x00\
2\x00x@u-\x17\x02\x09\x06,#\x02\x08\x09\x22\
\x01\x07\x08\x03J\x0a\x09\x03\x02\x04\x00H\x00\x00\x0d\x01\
\x01\x0b\x00\x01g\x00\x02\x00\x03\x04\x02\x03e\x00\x06\x00\
\x09\x08\x06\x09g\x0e\x01\x0c\x0c\x0b]\x00\x0b\x0b\x14K\
\x00\x04\x04\x05]\x0a\x01\x05\x05\x15K\x00\x08\x08\x07_\
\x00\x07\x07!\x07L\x0e\x0e\x00\x00\x0e2\x0e210\
/.+)&$ \x1e\x1a\x18\x16\x15\x14\x13\x12\x11\
\x10\x0f\x00\x0d\x00\x0c%\x0f\x07\x15+\x00&'7\x16\
\x163267\x17\x06\x06#\x07\x15!\x15!\x15!\
\x15#\x07632\x16\x15\x14\x06#\x22&'7\x16\
32654#\x22\x07'7#\x11!\x15\x01\x0b\
W\x158\x156$$6\x158\x16W:\x8f\x01Q\
\xfe\xaf\x01e\xbf\x06\x0e\x07\x22,@9\x152\x13\x0d\
%'\x19\x1c#\x12\x18\x14\x09\xcb\x01\xca\x03\x0847\
\x18$\x1c\x1c$\x1874\x9a\xdeT\xe9S+\x02#\
\x22%/\x0a\x09/\x0e\x10\x10\x19\x08\x11L\x02\xc1S\
\x00\xff\xff\x00R\x00\x00\x02\x1c\x03\x96\x00\x22\x00/\x00\
\x00\x00\x03\x02\xd7\x01\xdc\x00\x00\xff\xff\x00R\x00\x00\x02\
S\x03\xf2\x00\x22\x00/\x00\x00\x00\x03\x03\x05\x01\xdc\x00\
\x00\xff\xff\x00R\xffE\x02\x1c\x03\x96\x00\x22\x00/\x00\
\x00\x00#\x02\xca\x01\xdc\x00\x00\x00\x03\x02\xd7\x01\xdc\x00\
\x00\xff\xff\x00R\x00\x00\x02\x1c\x03\xf2\x00\x22\x00/\x00\
\x00\x00\x03\x03\x06\x01\xdc\x00\x00\xff\xff\x00R\x00\x00\x02\
'\x03\xf8\x00\x22\x00/\x00\x00\x00\x03\x03\x07\x01\xdc\x00\
\x00\xff\xff\x00R\x00\x00\x02\x1c\x04\x02\x00\x22\x00/\x00\
\x00\x00\x03\x03\x08\x01\xdc\x00\x00\xff\xff\x00R\x00\x00\x02\
\x1c\x03\x96\x00\x22\x00/\x00\x00\x00\x03\x02\xde\x01\xdc\x00\
\x00\xff\xff\x00R\x00\x00\x02\x1c\x03|\x00\x22\x00/\x00\
\x00\x00\x03\x02\xd2\x01\xdc\x00\x00\xff\xff\x00R\x00\x00\x02\
\x1c\x03\x7f\x00\x22\x00/\x00\x00\x00\x03\x02\xd3\x01\xdc\x00\
\x00\xff\xff\x00R\xffE\x02\x1c\x02\xc1\x00\x22\x00/\x00\
\x00\x00\x03\x02\xca\x01\xdc\x00\x00\xff\xff\x00R\x00\x00\x02\
\x1c\x03\x96\x00\x22\x00/\x00\x00\x00\x03\x02\xd4\x01\xdc\x00\
\x00\xff\xff\x00R\x00\x00\x02\x1c\x03\x9a\x00\x22\x00/\x00\
\x00\x00\x03\x02\xdd\x01\xdc\x00\x00\xff\xff\x00R\x00\x00\x02\
\x1c\x03\x8c\x00\x22\x00/\x00\x00\x00\x03\x02\xdf\x01\xdc\x00\
\x00\xff\xff\x00R\x00\x00\x02\x1c\x03m\x00\x22\x00/\x00\
\x00\x00\x03\x02\xdc\x01\xdc\x00\x00\xff\xff\x00R\x00\x00\x02\
\x1c\x046\x00\x22\x00/\x00\x00\x00#\x02\xdc\x01\xdc\x00\
\x00\x01\x07\x02\xd5\x01\xdc\x00\xa0\x00\x08\xb1\x02\x01\xb0\xa0\
\xb03+\xff\xff\x00R\x00\x00\x02\x1c\x046\x00\x22\x00\
/\x00\x00\x00#\x02\xdc\x01\xdc\x00\x00\x01\x07\x02\xd4\x01\
\xdc\x00\xa0\x00\x08\xb1\x02\x01\xb0\xa0\xb03+\x00\x01\x00\
R\xff>\x02?\x02\xc1\x00\x1c\x00=@:\x1c\x01\x08\
\x01\x01J\x00\x04\x00\x05\x06\x04\x05e\x00\x03\x03\x02]\
\x00\x02\x02\x14K\x00\x06\x06\x01_\x07\x01\x01\x01\x15K\
\x00\x08\x08\x00_\x00\x00\x00!\x00L$!\x11\x11\x11\
\x11\x11\x14!\x09\x07\x1d+\x05\x06#\x22&547\
!\x11!\x15!\x15!\x15!\x15!\x15#\x22\x06\x15\
\x14\x16327\x02?)15C(\xfe\xbd\x01\xca\
\xfe\x9b\x01Q\xfe\xaf\x01e\x11(-\x22\x1e\x1b\x1d\xac\
\x16<.6\x22\x02\xc1S\xdeT\xe9S)!\x1d\x1f\
\x10\xff\xff\x00R\x00\x00\x02\x1c\x03\x8a\x00\x22\x00/\x00\
\x00\x00\x03\x02\xdb\x01\xdc\x00\x00\x00\x01\x00R\x00\x00\x02\
\x12\x02\xc1\x00\x09\x00)@&\x00\x02\x00\x03\x04\x02\x03\
e\x00\x01\x01\x00]\x00\x00\x00\x14K\x05\x01\x04\x04\x15\
\x04L\x00\x00\x00\x09\x00\x09\x11\x11\x11\x11\x06\x07\x18+\
3\x11!\x15!\x15!\x15!\x11R\x01\xc0\xfe\xa6\x01\
F\xfe\xba\x02\xc1T\xddT\xfe\xc4\x00\x00\x01\x00:\xff\
\xf8\x02\x8e\x02\xc9\x00\x1e\x00>@;\x10\x0f\x02\x05\x02\
\x1b\x01\x03\x04\x01\x01\x00\x03\x03J\x06\x01\x05\x00\x04\x03\
\x05\x04e\x00\x02\x02\x01_\x00\x01\x01\x1cK\x00\x03\x03\
\x00_\x00\x00\x00\x1d\x00L\x00\x00\x00\x1e\x00\x1e\x12$\
%&#\x07\x07\x19+\x01\x11\x06\x06#\x22&&5\
46632\x16\x17\x07&&#\x22\x06\x15\x14\x16\
3275#5\x02\x8e-\x88Fk\x9cRR\x99\
hK~,%2b;ry|wNL\xa4\x01\
v\xfe\xb4\x17\x1bV\xa2qo\xa3V,*L)$\
\x8d\x86\x89\x8d\x17\xc6N\xff\xff\x00:\xff\xf8\x02\x8e\x03\
\x8b\x00\x22\x00H\x00\x00\x00\x03\x02\xd9\x02\x22\x00\x00\xff\
\xff\x00:\xff\xf8\x02\x8e\x03\x96\x00\x22\x00H\x00\x00\x00\
\x03\x02\xd8\x02\x22\x00\x00\xff\xff\x00:\xff\xf8\x02\x8e\x03\
\x96\x00\x22\x00H\x00\x00\x00\x03\x02\xd7\x02\x22\x00\x00\xff\
\xff\x00:\xfe\xf8\x02\x8e\x02\xc9\x00\x22\x00H\x00\x00\x00\
\x03\x02\xcc\x02)\x00\x00\xff\xff\x00:\xff\xf8\x02\x8e\x03\
\x7f\x00\x22\x00H\x00\x00\x00\x03\x02\xd3\x02\x22\x00\x00\xff\
\xff\x00:\xff\xf8\x02\x8e\x03m\x00\x22\x00H\x00\x00\x00\
\x03\x02\xdc\x02\x22\x00\x00\x00\x01\x00R\x00\x00\x02\xa8\x02\
\xc1\x00\x0b\x00!@\x1e\x00\x05\x00\x02\x01\x05\x02e\x04\
\x01\x00\x00\x14K\x03\x01\x01\x01\x15\x01L\x11\x11\x11\x11\
\x11\x10\x06\x07\x1a+\x013\x11#\x11!\x11#\x113\
\x11!\x02Bff\xfevff\x01\x8a\x02\xc1\xfd?\
\x01<\xfe\xc4\x02\xc1\xfe\xcf\x00\x00\x02\x00\x0a\x00\x00\x03\
\x14\x02\xc1\x00\x13\x00\x17\x00@@=\x0c\x09\x07\x03\x05\
\x0a\x04\x02\x00\x0b\x05\x00e\x0d\x01\x0b\x00\x02\x01\x0b\x02\
e\x08\x01\x06\x06\x14K\x03\x01\x01\x01\x15\x01L\x14\x14\
\x00\x00\x14\x17\x14\x17\x16\x15\x00\x13\x00\x13\x11\x11\x11\x11\
\x11\x11\x11\x11\x11\x0e\x07\x1d+\x01\x15#\x11#\x11!\
\x11#\x11#5353\x15!53\x15\x075!\
\x15\x03\x14Zf\xfevfZZf\x01\x8aff\xfe\
v\x02TO\xfd\xfb\x01<\xfe\xc4\x02\x05Ommm\
m\xc4uu\x00\xff\xff\x00R\xff(\x02\xa8\x02\xc1\x00\
\x22\x00O\x00\x00\x00\x03\x02\xcf\x02\x13\x00\x00\xff\xff\x00\
R\x00\x00\x02\xa8\x03\x96\x00\x22\x00O\x00\x00\x00\x03\x02\
\xd7\x02\x13\x00\x00\xff\xff\x00R\xffE\x02\xa8\x02\xc1\x00\
\x22\x00O\x00\x00\x00\x03\x02\xca\x02\x13\x00\x00\x00\x01\x00\
R\x00\x00\x00\xb9\x02\xc1\x00\x03\x00\x19@\x16\x00\x00\x00\
\x14K\x02\x01\x01\x01\x15\x01L\x00\x00\x00\x03\x00\x03\x11\
\x03\x07\x15+3\x113\x11Rg\x02\xc1\xfd?\x00\xff\
\xff\x00R\x00\x00\x010\x03\x96\x00\x22\x00T\x00\x00\x00\
\x03\x02\xd5\x01\x1b\x00\x00\xff\xff\xff\xde\x00\x00\x01,\x03\
\x8b\x00\x22\x00T\x00\x00\x00\x03\x02\xd9\x01\x1b\x00\x00\xff\
\xff\xff\xeb\x00\x00\x01\x1f\x03\x96\x00\x22\x00T\x00\x00\x00\
\x03\x02\xd7\x01\x1b\x00\x00\xff\xff\xff\xca\x00\x00\x00\xde\x03\
\x96\x00\x22\x00T\x00\x00\x00\x03\x02\xde\x01\x1b\x00\x00\xff\
\xff\xff\xf9\x00\x00\x01\x11\x03|\x00\x22\x00T\x00\x00\x00\
\x03\x02\xd2\x01\x1b\x00\x00\xff\xff\xff\xf9\x00\x00\x010\x04\
6\x00\x22\x00T\x00\x00\x00#\x02\xd2\x01\x1b\x00\x00\x01\
\x07\x02\xd5\x01\x1b\x00\xa0\x00\x08\xb1\x03\x01\xb0\xa0\xb03\
+\xff\xff\x00K\x00\x00\x00\xbf\x03\x7f\x00\x22\x00T\x00\
\x00\x00\x03\x02\xd3\x01\x1b\x00\x00\xff\xff\x00P\xffE\x00\
\xba\x02\xc1\x00\x22\x00T\x00\x00\x00\x03\x02\xca\x01\x1b\x00\
\x00\xff\xff\xff\xda\x00\x00\x00\xb9\x03\x96\x00\x22\x00T\x00\
\x00\x00\x03\x02\xd4\x01\x1b\x00\x00\xff\xff\x008\x00\x00\x00\
\xf2\x03\x9a\x00\x22\x00T\x00\x00\x00\x03\x02\xdd\x01\x1b\x00\
\x00\xff\xff\xff\xde\x00\x00\x01,\x03\x8c\x00\x22\x00T\x00\
\x00\x00\x03\x02\xdf\x01\x1b\x00\x00\xff\xff\xff\xed\x00\x00\x01\
\x1d\x03m\x00\x22\x00T\x00\x00\x00\x03\x02\xdc\x01\x1b\x00\
\x00\x00\x01\x00\x10\xff>\x00\xe1\x02\xc1\x00\x14\x00)@\
&\x08\x01\x02\x01\x14\x01\x03\x02\x02J\x00\x01\x01\x14K\
\x00\x02\x02\x15K\x00\x03\x03\x00_\x00\x00\x00!\x00L\
$!\x16!\x04\x07\x18+\x17\x06#\x22&546\
7\x113\x11#\x22\x06\x15\x14\x16327\xe1)0\
5C!!g\x09(0\x22\x1e\x1c\x1d\xac\x16;0\
!7\x12\x02\xae\xfd?* \x1d\x1f\x10\x00\xff\xff\xff\
\xe0\x00\x00\x01*\x03\x8a\x00\x22\x00T\x00\x00\x00\x03\x02\
\xdb\x01\x1b\x00\x00\x00\x01\xff\xf9\xff\xf8\x01\x03\x02\xc1\x00\
\x0b\x00\x19@\x16\x00\x01\x01\x14K\x00\x00\x00\x02^\x00\
\x02\x02\x15\x02L#\x14\x10\x03\x07\x17+'766\
5\x113\x11\x14\x06\x07\x07\x07@02h_[I\
M\x04\x0493\x02\x00\xfd\xffZd\x05\x05\xff\xff\xff\
\xf9\xff\xf8\x01i\x03\x96\x00\x22\x00c\x00\x00\x00\x03\x02\
\xd7\x01e\x00\x00\x00\x01\x00R\x00\x00\x02\x95\x02\xc1\x00\
\x0a\x00\x1f@\x1c\x0a\x07\x02\x03\x00\x02\x01J\x03\x01\x02\
\x02\x14K\x01\x01\x00\x00\x15\x00L\x12\x11\x12\x10\x04\x07\
\x18+!#\x01\x11#\x113\x11\x013\x01\x02\x95\x81\
\xfe\xa5gg\x01L\x7f\xfe\x9c\x01L\xfe\xb4\x02\xc1\xfe\
\xbf\x01A\xfe\xab\xff\xff\x00R\xfe\xf8\x02\x95\x02\xc1\x00\
\x22\x00e\x00\x00\x00\x03\x02\xcc\x01\xd9\x00\x00\x00\x01\x00\
R\x00\x00\x02\x0f\x02\xc1\x00\x05\x00\x1f@\x1c\x00\x00\x00\
\x14K\x00\x01\x01\x02^\x03\x01\x02\x02\x15\x02L\x00\x00\
\x00\x05\x00\x05\x11\x11\x04\x07\x16+3\x113\x11!\x15\
Rg\x01V\x02\xc1\xfd\x95V\x00\x02\x00R\xff\xf8\x03\
&\x02\xc1\x00\x05\x00\x11\x00RK\xb0!PX@\x14\
\x04\x01\x00\x00\x14K\x03\x01\x01\x01\x02^\x05\x06\x02\x02\
\x02\x15\x02L\x1b@\x1f\x04\x01\x00\x00\x14K\x00\x01\x01\
\x02^\x05\x06\x02\x02\x02\x15K\x00\x03\x03\x02]\x05\x06\
\x02\x02\x02\x15\x02LY@\x11\x00\x00\x11\x0f\x0c\x0b\x07\
\x06\x00\x05\x00\x05\x11\x11\x07\x07\x16+3\x113\x11!\
\x1577665\x113\x11\x14\x06\x07\x07Rg\x01\
8+@20h^\x5cI\x02\xc1\xfd\x95VM\x04\
\x0431\x02\x08\xfd\xfbYa\x05\x05\xff\xff\x00R\x00\
\x00\x02\x0f\x03\x96\x00\x22\x00g\x00\x00\x00\x03\x02\xd5\x01\
\x1b\x00\x00\xff\xff\x00R\x00\x00\x02\x0f\x02\xc1\x00\x22\x00\
g\x00\x00\x00\x03\x02\xbe\x01\xa4\x00\x00\xff\xff\x00R\xfe\
\xf8\x02\x0f\x02\xc1\x00\x22\x00g\x00\x00\x00\x03\x02\xcc\x01\
\xcc\x00\x00\xff\xff\x00R\x00\x00\x02\x0f\x02\xc1\x00\x22\x00\
g\x00\x00\x01\x07\x02U\x00\xd4\x00b\x00\x08\xb1\x01\x01\
\xb0b\xb03+\xff\xff\x00R\xffE\x02\x0f\x02\xc1\x00\
\x22\x00g\x00\x00\x00\x03\x02\xca\x01\xcc\x00\x00\xff\xff\x00\
R\xffH\x02\xd6\x02\xc2\x00\x22\x00g\x00\x00\x00#\x01\
P\x02#\x00\x00\x00\x03\x02\xba\x032\x00\x00\xff\xff\x00\
R\xffV\x02\x0f\x02\xc1\x00\x22\x00g\x00\x00\x00\x03\x02\
\xd0\x01\xcc\x00\x00\x00\x01\xff\xf6\x00\x00\x02\x22\x02\xc1\x00\
\x0d\x00&@#\x0d\x0c\x0b\x0a\x07\x06\x05\x04\x08\x00\x02\
\x01J\x00\x02\x02\x14K\x00\x00\x00\x01^\x00\x01\x01\x15\
\x01L\x15\x11\x10\x03\x07\x17+7!\x15!\x11\x07'\
7\x113\x117\x17\x07\xcb\x01W\xfeBF(ng\
\xa5(\xcdVV\x01\x18(F?\x01L\xfe\xf0_F\
v\x00\x01\x00S\x00\x00\x02\xf6\x02\xc1\x00\x0c\x00(@\
%\x0c\x07\x04\x03\x02\x00\x01J\x00\x02\x00\x01\x00\x02\x01\
~\x04\x01\x00\x00\x14K\x03\x01\x01\x01\x15\x01L\x11\x12\
\x12\x11\x10\x05\x07\x19+\x013\x11#\x13\x03#\x03\x13\
#\x113\x01\x02\xa4R]\x01\xd2F\xd3\x01]S\x01\
\x00\x02\xc1\xfd?\x01\xfe\xfes\x01\x88\xfe\x07\x02\xc1\xfe\
\x18\xff\xff\x00S\xffE\x02\xf6\x02\xc1\x00\x22\x00q\x00\
\x00\x00\x03\x02\xca\x02:\x00\x00\x00\x01\x00R\x00\x00\x02\
\x95\x02\xc1\x00\x09\x00\x1e@\x1b\x09\x04\x02\x01\x00\x01J\
\x03\x01\x00\x00\x14K\x02\x01\x01\x01\x15\x01L\x11\x12\x11\
\x10\x04\x07\x18+\x013\x11#\x01\x11#\x113\x01\x02\
4aO\xfemaN\x01\x94\x02\xc1\xfd?\x02\x14\xfd\
\xec\x02\xc1\xfd\xeb\xff\xff\x00R\xff\xf8\x03\xea\x02\xc1\x00\
\x22\x00s\x00\x00\x00\x03\x00c\x02\xe7\x00\x00\xff\xff\x00\
R\x00\x00\x02\x95\x03\x96\x00\x22\x00s\x00\x00\x00\x03\x02\
\xd5\x02\x09\x00\x00\xff\xff\x00R\x00\x00\x02\x95\x03\x96\x00\
\x22\x00s\x00\x00\x00\x03\x02\xd8\x02\x09\x00\x00\xff\xff\x00\
R\xfe\xf8\x02\x95\x02\xc1\x00\x22\x00s\x00\x00\x00\x03\x02\
\xcc\x02\x0a\x00\x00\xff\xff\x00R\x00\x00\x02\x95\x03\x7f\x00\
\x22\x00s\x00\x00\x00\x03\x02\xd3\x02\x09\x00\x00\xff\xff\x00\
R\xffE\x02\x95\x02\xc1\x00\x22\x00s\x00\x00\x00\x03\x02\
\xca\x02\x0a\x00\x00\x00\x01\x00R\xffE\x02\x95\x02\xc1\x00\
\x11\x003@0\x10\x0b\x0a\x03\x02\x03\x05\x01\x00\x01\x02\
J\x05\x04\x02\x03\x03\x14K\x00\x02\x02\x15K\x00\x01\x01\
\x00]\x00\x00\x00\x19\x00L\x00\x00\x00\x11\x00\x11\x11\x15\
\x12\x22\x06\x07\x18+\x01\x11\x14\x07\x07'7665\
5\x01\x11#\x113\x01\x11\x02\x95\xbaI\x06@25\
\xfe\x80aN\x01\x94\x02\xc1\xfdH\xb3\x0c\x05Q\x05\x03\
60\x15\x01\xfb\xfd\xec\x02\xc1\xfd\xeb\x02\x15\xff\xff\x00\
R\xffH\x03\x9a\x02\xc2\x00\x22\x00s\x00\x00\x00#\x01\
P\x02\xe7\x00\x00\x00\x03\x02\xba\x03\xf6\x00\x00\xff\xff\x00\
R\xffV\x02\x95\x02\xc1\x00\x22\x00s\x00\x00\x00\x03\x02\
\xd0\x02\x0a\x00\x00\xff\xff\x00R\x00\x00\x02\x95\x03\x8a\x00\
\x22\x00s\x00\x00\x00\x03\x02\xdb\x02\x09\x00\x00\x00\x02\x00\
:\xff\xf8\x02\xc9\x02\xc9\x00\x0f\x00\x1b\x00,@)\x00\
\x02\x02\x00_\x00\x00\x00\x1cK\x05\x01\x03\x03\x01_\x04\
\x01\x01\x01\x1d\x01L\x10\x10\x00\x00\x10\x1b\x10\x1a\x16\x14\
\x00\x0f\x00\x0e&\x06\x07\x15+\x04&&5466\
32\x16\x16\x15\x14\x06\x06#6654&#\x22\
\x06\x15\x14\x163\x01\x1d\x93PO\x94de\x94OO\
\x94ejvukiuui\x08X\xa2no\xa3\
WW\xa3nn\xa3XT\x90\x85\x85\x8f\x8f\x85\x85\x90\
\x00\xff\xff\x00:\xff\xf8\x02\xc9\x03\x96\x00\x22\x00~\x00\
\x00\x00\x03\x02\xd5\x02\x17\x00\x00\xff\xff\x00:\xff\xf8\x02\
\xc9\x03\x8b\x00\x22\x00~\x00\x00\x00\x03\x02\xd9\x02\x17\x00\
\x00\xff\xff\x00:\xff\xf8\x02\xc9\x03\x96\x00\x22\x00~\x00\
\x00\x00\x03\x02\xd7\x02\x17\x00\x00\xff\xff\x00:\xff\xf8\x02\
\xc9\x03\xf2\x00\x22\x00~\x00\x00\x00\x03\x03\x05\x02\x17\x00\
\x00\xff\xff\x00:\xffE\x02\xc9\x03\x96\x00\x22\x00~\x00\
\x00\x00#\x02\xca\x02\x17\x00\x00\x00\x03\x02\xd7\x02\x17\x00\
\x00\xff\xff\x00:\xff\xf8\x02\xc9\x03\xf2\x00\x22\x00~\x00\
\x00\x00\x03\x03\x06\x02\x17\x00\x00\xff\xff\x00:\xff\xf8\x02\
\xc9\x03\xf8\x00\x22\x00~\x00\x00\x00\x03\x03\x07\x02\x17\x00\
\x00\xff\xff\x00:\xff\xf8\x02\xc9\x04\x02\x00\x22\x00~\x00\
\x00\x00\x03\x03\x08\x02\x17\x00\x00\xff\xff\x00:\xff\xf8\x02\
\xc9\x03\x96\x00\x22\x00~\x00\x00\x00\x03\x02\xde\x02\x17\x00\
\x00\xff\xff\x00:\xff\xf8\x02\xc9\x03|\x00\x22\x00~\x00\
\x00\x00\x03\x02\xd2\x02\x17\x00\x00\xff\xff\x00:\xff\xf8\x02\
\xc9\x04\x0d\x00\x22\x00~\x00\x00\x00#\x02\xd2\x02\x17\x00\
\x00\x01\x07\x02\xdc\x02\x17\x00\xa0\x00\x08\xb1\x04\x01\xb0\xa0\
\xb03+\xff\xff\x00:\xff\xf8\x02\xc9\x04\x0d\x00\x22\x00\
~\x00\x00\x00#\x02\xd3\x02\x17\x00\x00\x01\x07\x02\xdc\x02\
\x17\x00\xa0\x00\x08\xb1\x03\x01\xb0\xa0\xb03+\xff\xff\x00\
:\xffE\x02\xc9\x02\xc9\x00\x22\x00~\x00\x00\x00\x03\x02\
\xca\x02\x17\x00\x00\xff\xff\x00:\xff\xf8\x02\xc9\x03\x96\x00\
\x22\x00~\x00\x00\x00\x03\x02\xd4\x02\x17\x00\x00\xff\xff\x00\
:\xff\xf8\x02\xc9\x03\x9a\x00\x22\x00~\x00\x00\x00\x03\x02\
\xdd\x02\x17\x00\x00\x00\x02\x00:\xff\xf8\x02\xc9\x03=\x00\
\x1b\x00'\x00mK\xb0\x1dPX\xb5\x02\x01\x04\x01\x01\
J\x1b\xb5\x02\x01\x04\x02\x01JYK\xb0\x1dPX@\
\x1c\x00\x03\x01\x03\x83\x00\x04\x04\x01_\x02\x01\x01\x01\x1c\
K\x06\x01\x05\x05\x00_\x00\x00\x00\x1d\x00L\x1b@ \
\x00\x03\x01\x03\x83\x00\x02\x02\x14K\x00\x04\x04\x01_\x00\
\x01\x01\x1cK\x06\x01\x05\x05\x00_\x00\x00\x00\x1d\x00L\
Y@\x0e\x1c\x1c\x1c'\x1c&&\x13\x22&(\x07\x07\
\x19+\x00\x06\x07\x16\x16\x15\x14\x06\x06#\x22&&5\
46632\x17\x16366553\x15\x026\
54&#\x22\x06\x15\x14\x163\x02\xc9D;>A\
P\x94dd\x93PP\x94f\x19.*\x148/Y\
\xdevukiuui\x02\xe1O\x08-\x97en\
\xa3XX\xa2no\xa3W\x04\x04\x010:\x11\x1e\xfd\
-\x90\x85\x85\x8f\x8f\x85\x85\x90\xff\xff\x00:\xff\xf8\x02\
\xc9\x03\x96\x00\x22\x00\x8e\x00\x00\x00\x03\x02\xd5\x02\x17\x00\
\x00\xff\xff\x00:\xffE\x02\xc9\x03=\x00\x22\x00\x8e\x00\
\x00\x00\x03\x02\xca\x02\x18\x00\x00\xff\xff\x00:\xff\xf8\x02\
\xc9\x03\x96\x00\x22\x00\x8e\x00\x00\x00\x03\x02\xd4\x02\x17\x00\
\x00\xff\xff\x00:\xff\xf8\x02\xc9\x03\x9a\x00\x22\x00\x8e\x00\
\x00\x00\x03\x02\xdd\x02\x17\x00\x00\xff\xff\x00:\xff\xf8\x02\
\xc9\x03\x8a\x00\x22\x00\x8e\x00\x00\x00\x03\x02\xdb\x02\x17\x00\
\x00\xff\xff\x00:\xff\xf8\x02\xc9\x03\x96\x00\x22\x00~\x00\
\x00\x00\x03\x02\xd6\x02\x17\x00\x00\xff\xff\x00:\xff\xf8\x02\
\xc9\x03\x8c\x00\x22\x00~\x00\x00\x00\x03\x02\xdf\x02\x17\x00\
\x00\xff\xff\x00:\xff\xf8\x02\xc9\x03m\x00\x22\x00~\x00\
\x00\x00\x03\x02\xdc\x02\x17\x00\x00\xff\xff\x00:\xff\xf8\x02\
\xc9\x046\x00\x22\x00~\x00\x00\x00#\x02\xdc\x02\x17\x00\
\x00\x01\x07\x02\xd5\x02\x17\x00\xa0\x00\x08\xb1\x03\x01\xb0\xa0\
\xb03+\xff\xff\x00:\xff\xf8\x02\xc9\x046\x00\x22\x00\
~\x00\x00\x00#\x02\xdc\x02\x17\x00\x00\x01\x07\x02\xd4\x02\
\x17\x00\xa0\x00\x08\xb1\x03\x01\xb0\xa0\xb03+\x00\x02\x00\
:\xff>\x02\xc9\x02\xc9\x00\x1d\x00)\x00;@8\x06\
\x01\x00\x02\x07\x01\x01\x00\x02J\x00\x04\x04\x03_\x00\x03\
\x03\x1cK\x06\x01\x05\x05\x02_\x00\x02\x02 K\x00\x00\
\x00\x01_\x00\x01\x01!\x01L\x1e\x1e\x1e)\x1e(+\
&\x14##\x07\x07\x19+\x04\x15\x14\x16327\x17\
\x06#\x22&547.\x02546632\x16\
\x16\x15\x14\x06\x076654&#\x22\x06\x15\x14\x16\
3\x01\x9f\x22\x1e\x18 \x11'35C\x1f`\x8eM\
O\x94de\x94Owm\x06vukiuui\
\x119\x1c \x106\x16<..\x22\x02Y\xa1lo\
\xa3WW\xa3n\x88\xb5 H\x90\x85\x85\x8f\x8f\x85\x85\
\x90\x00\x03\x00:\xff\xcb\x02\xc9\x02\xf6\x00\x17\x00\x1f\x00\
'\x00B@?\x17\x14\x02\x02\x01%$\x1a\x19\x04\x03\
\x02\x0b\x08\x02\x00\x03\x03J\x16\x15\x02\x01H\x0a\x09\x02\
\x00G\x00\x02\x02\x01_\x00\x01\x01\x1cK\x04\x01\x03\x03\
\x00_\x00\x00\x00\x1d\x00L   ' &(*\
%\x05\x07\x17+\x00\x16\x15\x14\x06\x06#\x22'\x07'\
7&&546632\x177\x17\x07\x00\x17\x01\
&#\x22\x06\x15\x00654'\x01\x163\x02\x8f:\
O\x94eS?,D,7:O\x94dQB+\
E,\xfeK:\x01\x0a+;iu\x01Hv:\xfe\
\xf4+;\x02R\x93^n\xa3X\x1eK)L0\x93\
]o\xa3W\x1dJ)L\xfe\x5cH\x01\xca\x16\x8f\x85\
\xfe\xeb\x90\x85\x84H\xfe5\x16\xff\xff\x00:\xff\xcb\x02\
\xc9\x03\x96\x00\x22\x00\x9a\x00\x00\x00\x03\x02\xd5\x02\x17\x00\
\x00\xff\xff\x00:\xff\xf8\x02\xc9\x03\x8a\x00\x22\x00~\x00\
\x00\x00\x03\x02\xdb\x02\x17\x00\x00\xff\xff\x00:\xff\xf8\x02\
\xc9\x046\x00\x22\x00~\x00\x00\x00#\x02\xdb\x02\x17\x00\
\x00\x01\x07\x02\xd5\x02\x17\x00\xa0\x00\x08\xb1\x03\x01\xb0\xa0\
\xb03+\xff\xff\x00:\xff\xf8\x02\xc9\x04\x1c\x00\x22\x00\
~\x00\x00\x00#\x02\xdb\x02\x17\x00\x00\x01\x07\x02\xd2\x02\
\x17\x00\xa0\x00\x08\xb1\x03\x02\xb0\xa0\xb03+\xff\xff\x00\
:\xff\xf8\x02\xc9\x04\x0d\x00\x22\x00~\x00\x00\x00#\x02\
\xdb\x02\x17\x00\x00\x01\x07\x02\xdc\x02\x17\x00\xa0\x00\x08\xb1\
\x03\x01\xb0\xa0\xb03+\x00\x02\x00:\x00\x00\x03\xe7\x02\
\xc1\x00\x10\x00\x18\x00:@7\x00\x02\x00\x03\x04\x02\x03\
e\x06\x01\x01\x01\x00]\x00\x00\x00\x14K\x09\x07\x02\x04\
\x04\x05]\x08\x01\x05\x05\x15\x05L\x11\x11\x00\x00\x11\x18\
\x11\x17\x14\x12\x00\x10\x00\x0f\x11\x11\x11\x11$\x0a\x07\x19\
+2&5463!\x15!\x15!\x15!\x15!\
\x15!7\x11# \x11\x14\x163\xf5\xbb\xbb\xab\x02G\
\xfe\x9b\x01Q\xfe\xaf\x01e\xfd\xb9}w\xfe\xfd\x83\x80\
\xb9\xa8\xa8\xb8S\xdeT\xe9SS\x02\x1b\xfe\xf3\x86\x88\
\x00\x00\x02\x00R\x00\x00\x02b\x02\xc1\x00\x0a\x00\x11\x00\
*@'\x05\x01\x03\x00\x01\x02\x03\x01e\x00\x04\x04\x00\
]\x00\x00\x00\x14K\x00\x02\x02\x15\x02L\x0c\x0b\x10\x0e\
\x0b\x11\x0c\x11\x11$ \x06\x07\x17+\x13!2\x16\x15\
\x14\x06##\x11#\x01254##\x11R\x01$\
p||p\xbdg\x01\x19\x94\x94\xb2\x02\xc1ned\
p\xfe\xe6\x01m\x81\x80\xfe\xff\x00\x02\x00R\x00\x00\x02\
b\x02\xc1\x00\x0c\x00\x15\x004@1\x06\x01\x03\x00\x04\
\x05\x03\x04e\x07\x01\x05\x00\x00\x01\x05\x00e\x00\x02\x02\
\x14K\x00\x01\x01\x15\x01L\x0d\x0d\x00\x00\x0d\x15\x0d\x14\
\x13\x11\x00\x0c\x00\x0b\x11\x11$\x08\x07\x17+\x00\x16\x15\
\x14\x06##\x15#\x113\x153\x12654&#\
#\x153\x01\xe9yzl\xc4ff\xc4;HGJ\
\xb6\xb6\x02*g\x5c\x5ch\xa3\x02\xc1\x97\xfe\xcb8:\
:6\xe2\x00\x02\x00:\xff3\x02\xc9\x02\xc9\x00\x16\x00\
\x22\x00*@'\x16\x01\x00\x02\x01J\x04\x03\x02\x00G\
\x00\x03\x03\x01_\x00\x01\x01\x1cK\x00\x02\x02\x00_\x00\
\x00\x00\x1d\x00L$(&&\x04\x07\x18+$\x16\x17\
\x17\x07'&#\x22&&546632\x16\x16\
\x15\x14\x06\x07$\x1632654&#\x22\x06\x15\
\x02 #\x12EWY Id\x93PO\x94de\
\x94Od[\xfe\x99uijvukiu\x0b!\
\x1cp+\x914X\xa2no\xa3WW\xa3n{\xaf\
%\xca\x90\x90\x85\x85\x8f\x8f\x85\x00\x02\x00R\x00\x00\x02\
\x8e\x02\xc1\x00\x12\x00\x1b\x002@/\x10\x01\x01\x04\x01\
J\x06\x01\x04\x00\x01\x00\x04\x01e\x00\x05\x05\x03]\x00\
\x03\x03\x14K\x02\x01\x00\x00\x15\x00L\x14\x13\x1a\x18\x13\
\x1b\x14\x1b!\x11#\x10\x07\x07\x18+!#'&&\
##\x11#\x11!2\x16\x15\x14\x06\x07\x16\x17'2\
654&##\x15\x02\x8erx\x147-tf\
\x01,u{[T4\x22\xa3NKJO\xbb\xe2$\
\x1d\xfe\xdd\x02\xc1hdQh\x0e\x10>\x96=@@\
;\xf8\x00\xff\xff\x00R\x00\x00\x02\x8e\x03\x96\x00\x22\x00\
\xa4\x00\x00\x00\x03\x02\xd5\x01\xee\x00\x00\xff\xff\x00R\x00\
\x00\x02\x8e\x03\x96\x00\x22\x00\xa4\x00\x00\x00\x03\x02\xd8\x01\
\xee\x00\x00\xff\xff\x00R\xfe\xf8\x02\x8e\x02\xc1\x00\x22\x00\
\xa4\x00\x00\x00\x03\x02\xcc\x01\xee\x00\x00\xff\xff\x00R\x00\
\x00\x02\x8e\x03\x96\x00\x22\x00\xa4\x00\x00\x00\x03\x02\xde\x01\
\xee\x00\x00\xff\xff\x00R\xffE\x02\x8e\x02\xc1\x00\x22\x00\
\xa4\x00\x00\x00\x03\x02\xca\x01\xee\x00\x00\xff\xff\x00R\x00\
\x00\x02\x8e\x03\x8c\x00\x22\x00\xa4\x00\x00\x00\x03\x02\xdf\x01\
\xee\x00\x00\xff\xff\x00R\xffV\x02\x8e\x02\xc1\x00\x22\x00\
\xa4\x00\x00\x00\x03\x02\xd0\x01\xee\x00\x00\x00\x01\x00-\xff\
\xf8\x02F\x02\xc9\x00)\x00.@+\x18\x17\x03\x02\x04\
\x00\x02\x01J\x00\x02\x02\x01_\x00\x01\x01\x1cK\x00\x00\
\x00\x03_\x04\x01\x03\x03\x1d\x03L\x00\x00\x00)\x00(\
%,%\x05\x07\x17+\x16&'7\x16\x16326\
54&'.\x02546632\x16\x17\x07&\
&#\x22\x06\x15\x14\x16\x17\x1e\x02\x15\x14\x06\x06#\xe7\
\x891%4oEOVPXTl=AxO\
J\x83*$1g:LWLTXmAAy\
S\x08,+L*%;6.-\x14\x12.O=\
>^5-*L('?801\x14\x14+K\
<=\x5c2\x00\xff\xff\x00-\xff\xf8\x02F\x03\x96\x00\
\x22\x00\xac\x00\x00\x00\x03\x02\xd5\x01\xd1\x00\x00\xff\xff\x00\
-\xff\xf8\x02F\x03\x96\x00\x22\x00\xac\x00\x00\x00#\x02\
\xd5\x01\xdd\x00\x00\x01\x07\x02\xd3\x01]\x00\x16\x00\x08\xb1\
\x02\x01\xb0\x16\xb03+\xff\xff\x00-\xff\xf8\x02F\x03\
\x96\x00\x22\x00\xac\x00\x00\x00\x03\x02\xd8\x01\xd1\x00\x00\xff\
\xff\x00-\xff\xf8\x02F\x04\x1f\x00\x22\x00\xac\x00\x00\x00\
#\x02\xd8\x01\xd1\x00\x00\x01\x07\x02\xd3\x01\xd1\x00\xa0\x00\
\x08\xb1\x02\x01\xb0\xa0\xb03+\x00\x01\x00-\xff>\x02\
F\x02\xc9\x00?\x00\xb0@\x1721\x1d\x1c\x04\x05\x07\
\x19\x03\x02\x04\x01\x18\x0f\x02\x03\x04\x0e\x01\x02\x03\x04J\
K\xb0\x0bPX@'\x00\x01\x00\x04\x03\x01\x04g\x00\
\x07\x07\x06_\x00\x06\x06\x1cK\x00\x05\x05\x00_\x00\x00\
\x00 K\x00\x03\x03\x02_\x00\x02\x02!\x02L\x1bK\
\xb0\x0dPX@'\x00\x01\x00\x04\x03\x01\x04g\x00\x07\
\x07\x06_\x00\x06\x06\x1cK\x00\x05\x05\x00_\x00\x00\x00\
\x1dK\x00\x03\x03\x02_\x00\x02\x02!\x02L\x1b@'\
\x00\x01\x00\x04\x03\x01\x04g\x00\x07\x07\x06_\x00\x06\x06\
\x1cK\x00\x05\x05\x00_\x00\x00\x00 K\x00\x03\x03\x02\
_\x00\x02\x02!\x02LYY@\x0b%,(#$\
$\x22\x11\x08\x07\x1c+$\x06\x07\x07632\x16\x15\
\x14\x06#\x22&'7\x1632654#\x22\x07\
'7&'7\x16\x1632654&'.\x02\
546632\x16\x17\x07&&#\x22\x06\x15\x14\
\x16\x17\x1e\x02\x15\x02F\x83r\x05\x0e\x07\x22,@9\
\x152\x13\x0d%'\x19\x1c#\x12\x18\x14\x08\x8fU%\
4oEOVPXTl=AxOJ\x83*\
$1g:LWLTXmAkm\x05$\x02\
#\x22%/\x0a\x09/\x0e\x10\x10\x19\x08\x11E\x0bK\
L*%;6.-\x14\x12.O=>^5-\
*L('?801\x14\x14+K<\xff\xff\x00\
-\xff\xf8\x02F\x03\x96\x00\x22\x00\xac\x00\x00\x00\x03\x02\
\xd7\x01\xd1\x00\x00\xff\xff\x00-\xfe\xf8\x02F\x02\xc9\x00\
\x22\x00\xac\x00\x00\x00\x03\x02\xcc\x01\xd1\x00\x00\xff\xff\x00\
-\xff\xf8\x02F\x03\x7f\x00\x22\x00\xac\x00\x00\x00\x03\x02\
\xd3\x01\xd1\x00\x00\xff\xff\x00-\xffE\x02F\x02\xc9\x00\
\x22\x00\xac\x00\x00\x00\x03\x02\xca\x01\xd1\x00\x00\xff\xff\x00\
-\xffE\x02F\x03\x7f\x00\x22\x00\xac\x00\x00\x00#\x02\
\xca\x01\xd1\x00\x00\x00\x03\x02\xd3\x01\xd1\x00\x00\x00\x01\x00\
R\xff\xf9\x02\x82\x02\xc8\x00*\x00\x7fK\xb0!PX\
@\x0e*\x01\x02\x03\x09\x01\x01\x02\x08\x01\x00\x01\x03J\
\x1b@\x0e*\x01\x02\x03\x09\x01\x01\x02\x08\x01\x05\x01\x03\
JYK\xb0!PX@\x1e\x00\x03\x00\x02\x01\x03\x02\
e\x00\x04\x04\x06_\x00\x06\x06\x1cK\x00\x01\x01\x00_\
\x05\x01\x00\x00 \x00L\x1b@\x22\x00\x03\x00\x02\x01\x03\
\x02e\x00\x04\x04\x06_\x00\x06\x06\x1cK\x00\x05\x05\x15\
K\x00\x01\x01\x00_\x00\x00\x00 \x00LY@\x0a#\
\x13$!$$%\x07\x07\x1b+\x00\x16\x15\x14\x06\x06\
#\x22'7\x16\x1636654&##53\
2654&#\x22\x06\x15\x11#\x114632\
\x16\x15\x14\x06\x07\x025M8c@lL\x1f(G\
$;BMPw\x5cAGJAVUf\x8d\x86\
l\x804/\x01a[D:\x5c3>M\x1e\x1b\x01\
A9<:S<75<XY\xfe>\x01\xc4\x7f\
\x85gX6P\x13\x00\x00\x02\x00:\xff\xf8\x02\xb3\x02\
\xc9\x00\x16\x00\x1d\x00=@:\x13\x12\x02\x01\x02\x01J\
\x00\x01\x00\x04\x05\x01\x04e\x00\x02\x02\x03_\x06\x01\x03\
\x03\x1cK\x07\x01\x05\x05\x00_\x00\x00\x00\x1d\x00L\x17\
\x17\x00\x00\x17\x1d\x17\x1c\x1a\x19\x00\x16\x00\x15\x22\x14&\
\x08\x07\x17+\x00\x16\x16\x15\x14\x06\x06#\x22&&5\
5!&&#\x22\x07'663\x1267!\x16\
\x163\x01\xc8\x99RM\x8d^c\x90N\x02\x10\x0az\
h|]%-\x8aIwm\x07\xfeX\x07o`\x02\
\xc9W\xa2ol\xa4YV\xa2p/ovNL)\
.\xfd\x83{ts|\x00\x01\x00\x0c\x00\x00\x02Q\x02\
\xc1\x00\x07\x00!@\x1e\x02\x01\x00\x00\x01]\x00\x01\x01\
\x14K\x04\x01\x03\x03\x15\x03L\x00\x00\x00\x07\x00\x07\x11\
\x11\x11\x05\x07\x17+3\x11#5!\x15#\x11\xfa\xee\
\x02E\xef\x02kVV\xfd\x95\x00\x01\x00\x0c\x00\x00\x02\
Q\x02\xc1\x00\x0f\x00)@&\x05\x01\x01\x04\x01\x02\x03\
\x01\x02e\x06\x01\x00\x00\x07]\x00\x07\x07\x14K\x00\x03\
\x03\x15\x03L\x11\x11\x11\x11\x11\x11\x11\x10\x08\x07\x1c+\
\x01#\x153\x15#\x11#\x11#535#5!\
\x02Q\xef\x8d\x8dh\x8c\x8c\xee\x02E\x02k\xddQ\xfe\
\xc3\x01=Q\xddV\x00\xff\xff\x00\x0c\x00\x00\x02Q\x03\
\x96\x00\x22\x00\xb9\x00\x00\x00\x03\x02\xd8\x01\xc4\x00\x00\x00\
\x01\x00\x0c\xff>\x02Q\x02\xc1\x00 \x00I@F\x17\
\x01\x02\x03\x00\x16\x0d\x02\x02\x03\x0c\x01\x01\x02\x03J\x00\
\x00\x00\x03\x02\x00\x03g\x07\x01\x05\x05\x06]\x00\x06\x06\
\x14K\x09\x08\x02\x04\x04\x15K\x00\x02\x02\x01_\x00\x01\
\x01!\x01L\x00\x00\x00 \x00 \x11\x11\x11\x13#$\
$\x22\x0a\x07\x1c+!\x07632\x16\x15\x14\x06#\
\x22&'7\x1632654#\x22\x07'7#\
\x11#5!\x15#\x11\x01E\x06\x0e\x07\x22,@9\
\x152\x13\x0d%'\x19\x1c#\x12\x18\x14\x09\x0b\xee\x02\
E\xef+\x02#\x22%/\x0a\x09/\x0e\x10\x10\x19\x08\
\x11L\x02kVV\xfd\x95\x00\xff\xff\x00\x0c\xfe\xf8\x02\
Q\x02\xc1\x00\x22\x00\xb9\x00\x00\x00\x03\x02\xcc\x01\xc4\x00\
\x00\xff\xff\x00\x0c\xffE\x02Q\x02\xc1\x00\x22\x00\xb9\x00\
\x00\x00\x03\x02\xca\x01\xc4\x00\x00\xff\xff\x00\x0c\xffV\x02\
Q\x02\xc1\x00\x22\x00\xb9\x00\x00\x00\x03\x02\xd0\x01\xc4\x00\
\x00\x00\x01\x00M\xff\xf8\x02\x8b\x02\xc1\x00\x11\x00!@\
\x1e\x02\x01\x00\x00\x14K\x00\x01\x01\x03_\x04\x01\x03\x03\
\x1d\x03L\x00\x00\x00\x11\x00\x10\x13#\x13\x05\x07\x17+\
\x16&5\x113\x11\x14\x163265\x113\x11\x14\
\x06#\xdf\x92f]\x5c[^f\x93\x8c\x08\x92\x8e\x01\
\xa9\xfePadda\x01\xb0\xfeW\x8d\x93\xff\xff\x00\
M\xff\xf8\x02\x8b\x03\x96\x00\x22\x00\xc0\x00\x00\x00\x03\x02\
\xd5\x02\x02\x00\x00\xff\xff\x00M\xff\xf8\x02\x8b\x03\x8b\x00\
\x22\x00\xc0\x00\x00\x00\x03\x02\xd9\x02\x02\x00\x00\xff\xff\x00\
M\xff\xf8\x02\x8b\x03\x96\x00\x22\x00\xc0\x00\x00\x00\x03\x02\
\xd7\x02\x02\x00\x00\xff\xff\x00M\xff\xf8\x02\x8b\x03\x96\x00\
\x22\x00\xc0\x00\x00\x00\x03\x02\xde\x02\x02\x00\x00\xff\xff\x00\
M\xff\xf8\x02\x8b\x03|\x00\x22\x00\xc0\x00\x00\x00\x03\x02\
\xd2\x02\x02\x00\x00\xff\xff\x00M\xffE\x02\x8b\x02\xc1\x00\
\x22\x00\xc0\x00\x00\x00\x03\x02\xca\x02\x02\x00\x00\xff\xff\x00\
M\xff\xf8\x02\x8b\x03\x96\x00\x22\x00\xc0\x00\x00\x00\x03\x02\
\xd4\x02\x02\x00\x00\xff\xff\x00M\xff\xf8\x02\x8b\x03\x9a\x00\
\x22\x00\xc0\x00\x00\x00\x03\x02\xdd\x02\x02\x00\x00\x00\x01\x00\
M\xff\xf8\x02\xff\x03=\x00\x1a\x00-@*\x04\x01\x02\
\x01\x01J\x05\x01\x04\x01\x04\x83\x03\x01\x01\x01\x14K\x00\
\x02\x02\x00_\x00\x00\x00\x1d\x00L\x00\x00\x00\x1a\x00\x1a\
##\x13'\x06\x07\x18+\x01\x15\x14\x06\x07\x11\x14\x06\
#\x22&5\x113\x11\x14\x163265\x1136\
655\x02\xff=7\x93\x8c\x8d\x92f]\x5c[^\
\x1e5.\x03=\x1e;M\x0b\xfe\x8c\x8d\x93\x92\x8e\x01\
\xa9\xfePadda\x01\xb0\x010:\x11\xff\xff\x00\
M\xff\xf8\x02\xff\x03\x96\x00\x22\x00\xc9\x00\x00\x00\x03\x02\
\xd5\x02\x02\x00\x00\xff\xff\x00M\xffE\x02\xff\x03=\x00\
\x22\x00\xc9\x00\x00\x00\x03\x02\xca\x02\x02\x00\x00\xff\xff\x00\
M\xff\xf8\x02\xff\x03\x96\x00\x22\x00\xc9\x00\x00\x00\x03\x02\
\xd4\x02\x02\x00\x00\xff\xff\x00M\xff\xf8\x02\xff\x03\x9a\x00\
\x22\x00\xc9\x00\x00\x00\x03\x02\xdd\x02\x02\x00\x00\xff\xff\x00\
M\xff\xf8\x02\xff\x03\x8a\x00\x22\x00\xc9\x00\x00\x00\x03\x02\
\xdb\x02\x02\x00\x00\xff\xff\x00M\xff\xf8\x02\x8b\x03\x96\x00\
\x22\x00\xc0\x00\x00\x00\x03\x02\xd6\x02\x02\x00\x00\xff\xff\x00\
M\xff\xf8\x02\x8b\x03\x8c\x00\x22\x00\xc0\x00\x00\x00\x03\x02\
\xdf\x02\x02\x00\x00\xff\xff\x00M\xff\xf8\x02\x8b\x03m\x00\
\x22\x00\xc0\x00\x00\x00\x03\x02\xdc\x02\x02\x00\x00\xff\xff\x00\
M\xff\xf8\x02\x8b\x04\x1c\x00\x22\x00\xc0\x00\x00\x00#\x02\
\xdc\x02\x02\x00\x00\x01\x07\x02\xd2\x02\x02\x00\xa0\x00\x08\xb1\
\x02\x02\xb0\xa0\xb03+\x00\x01\x00M\xff>\x02\x8b\x02\
\xc1\x00 \x007@4\x0b\x01\x00\x02\x0c\x01\x01\x00\x02\
J\x06\x05\x02\x03\x03\x14K\x00\x04\x04\x02_\x00\x02\x02\
\x1dK\x00\x00\x00\x01_\x00\x01\x01!\x01L\x00\x00\x00\
 \x00 #\x13\x14#(\x07\x07\x19+\x01\x11\x14\x06\
\x07\x06\x15\x14\x16327\x17\x06#\x22&547\
&&5\x113\x11\x14\x163265\x11\x02\x8bZ\
WK\x22\x1e\x19 \x10'25C$\x8d\x91f]\
\x5c[^\x02\xc1\xfeWn\x8a\x1a\x188\x1c \x106\
\x16;/0 \x01\x92\x8d\x01\xa9\xfePadda\
\x01\xb0\x00\xff\xff\x00M\xff\xf8\x02\x8b\x03\xc3\x00\x22\x00\
\xc0\x00\x00\x00\x03\x02\xda\x02\x02\x00\x00\xff\xff\x00M\xff\
\xf8\x02\x8b\x03\x8a\x00\x22\x00\xc0\x00\x00\x00\x03\x02\xdb\x02\
\x02\x00\x00\xff\xff\x00M\xff\xf8\x02\x8b\x046\x00\x22\x00\
\xc0\x00\x00\x00#\x02\xdb\x02\x02\x00\x00\x01\x07\x02\xd5\x02\
\x02\x00\xa0\x00\x08\xb1\x02\x01\xb0\xa0\xb03+\x00\x01\xff\
\xfd\x00\x00\x02\xc1\x02\xc1\x00\x06\x00\x1b@\x18\x06\x01\x01\
\x00\x01J\x02\x01\x00\x00\x14K\x00\x01\x01\x15\x01L\x11\
\x11\x10\x03\x07\x17+\x013\x01#\x013\x13\x02Xi\
\xfe\xc9W\xfe\xcak\xf8\x02\xc1\xfd?\x02\xc1\xfd\xc1\x00\
\x01\x00\x1d\x00\x00\x044\x02\xc1\x00\x0c\x00!@\x1e\x0c\
\x09\x04\x03\x01\x00\x01J\x04\x03\x02\x00\x00\x14K\x02\x01\
\x01\x01\x15\x01L\x12\x11\x12\x11\x10\x05\x07\x19+\x013\
\x03#\x03\x03#\x033\x13\x13\x17\x13\x03\xd0d\xf8U\
\xbe\xc0U\xf7h\xbd\xc3L\xbf\x02\xc1\xfd?\x02\x22\xfd\
\xde\x02\xc1\xfd\xd1\x02/\x01\xfd\xcf\x00\xff\xff\x00\x1d\x00\
\x00\x044\x03\x96\x00\x22\x00\xd8\x00\x00\x00\x03\x02\xd5\x02\
\xbe\x00\x00\xff\xff\x00\x1d\x00\x00\x044\x03\x96\x00\x22\x00\
\xd8\x00\x00\x00\x03\x02\xd7\x02\xbe\x00\x00\xff\xff\x00\x1d\x00\
\x00\x044\x03|\x00\x22\x00\xd8\x00\x00\x00\x03\x02\xd2\x02\
\xbe\x00\x00\xff\xff\x00\x1d\x00\x00\x044\x03\x96\x00\x22\x00\
\xd8\x00\x00\x00\x03\x02\xd4\x02\xbe\x00\x00\x00\x01\x00\x00\x00\
\x00\x02\x8e\x02\xc1\x00\x0b\x00\x1f@\x1c\x09\x06\x03\x03\x00\
\x02\x01J\x03\x01\x02\x02\x14K\x01\x01\x00\x00\x15\x00L\
\x12\x12\x12\x11\x04\x07\x18+\x01\x01#\x03\x03#\x01\x01\
3\x13\x133\x01\x82\x01\x0cy\xce\xcey\x01\x0d\xfe\xfe\
y\xc4\xc3x\x01g\xfe\x99\x01\x1b\xfe\xe5\x01h\x01Y\
\xfe\xf3\x01\x0d\x00\x00\x01\xff\xe5\x00\x00\x02~\x02\xc1\x00\
\x08\x00#@ \x07\x04\x01\x03\x00\x01\x01J\x03\x02\x02\
\x01\x01\x14K\x00\x00\x00\x15\x00L\x00\x00\x00\x08\x00\x08\
\x12\x12\x04\x07\x16+\x01\x01\x11#\x11\x013\x13\x13\x02\
~\xfe\xe7g\xfe\xe7v\xd7\xd7\x02\xc1\xfe\x88\xfe\xb7\x01\
I\x01x\xfe\xdd\x01#\xff\xff\xff\xe5\x00\x00\x02~\x03\
\x96\x00\x22\x00\xde\x00\x00\x00\x03\x02\xd5\x01\xc7\x00\x00\xff\
\xff\xff\xe5\x00\x00\x02~\x03\x96\x00\x22\x00\xde\x00\x00\x00\
\x03\x02\xd7\x01\xc7\x00\x00\xff\xff\xff\xe5\x00\x00\x02~\x03\
|\x00\x22\x00\xde\x00\x00\x00\x03\x02\xd2\x01\xc7\x00\x00\xff\
\xff\xff\xe5\x00\x00\x02~\x03\x7f\x00\x22\x00\xde\x00\x00\x00\
\x03\x02\xd3\x01\xc7\x00\x00\xff\xff\xff\xe5\xffE\x02~\x02\
\xc1\x00\x22\x00\xde\x00\x00\x00\x03\x02\xca\x01\xc7\x00\x00\xff\
\xff\xff\xe5\x00\x00\x02~\x03\x96\x00\x22\x00\xde\x00\x00\x00\
\x03\x02\xd4\x01\xc7\x00\x00\xff\xff\xff\xe5\x00\x00\x02~\x03\
\x9a\x00\x22\x00\xde\x00\x00\x00\x03\x02\xdd\x01\xc7\x00\x00\xff\
\xff\xff\xe5\x00\x00\x02~\x03m\x00\x22\x00\xde\x00\x00\x00\
\x03\x02\xdc\x01\xc7\x00\x00\xff\xff\xff\xe5\x00\x00\x02~\x03\
\x8a\x00\x22\x00\xde\x00\x00\x00\x03\x02\xdb\x01\xc7\x00\x00\x00\
\x01\x00.\x00\x00\x02/\x02\xc1\x00\x09\x00)@&\x09\
\x01\x02\x03\x04\x01\x01\x00\x02J\x00\x02\x02\x03]\x00\x03\
\x03\x14K\x00\x00\x00\x01]\x00\x01\x01\x15\x01L\x11\x12\
\x11\x10\x04\x07\x18+7!\x15!5\x01!5!\x15\
\xa3\x01\x8c\xfd\xff\x01\x81\xfe\x7f\x01\xf7TTL\x02!\
TK\x00\xff\xff\x00.\x00\x00\x02/\x03\x96\x00\x22\x00\
\xe8\x00\x00\x00\x03\x02\xd5\x01\xc0\x00\x00\xff\xff\x00.\x00\
\x00\x02/\x03\x96\x00\x22\x00\xe8\x00\x00\x00\x03\x02\xd8\x01\
\xc0\x00\x00\xff\xff\x00.\x00\x00\x02/\x03\x7f\x00\x22\x00\
\xe8\x00\x00\x00\x03\x02\xd3\x01\xc0\x00\x00\xff\xff\x00.\xff\
E\x02/\x02\xc1\x00\x22\x00\xe8\x00\x00\x00\x03\x02\xca\x01\
\xc2\x00\x00\xff\xff\x00R\xff\xf8\x02\x85\x03\x96\x00\x22\x00\
T\x00\x00\x00#\x02\xd5\x01\x1b\x00\x00\x00#\x00c\x01\
\x0b\x00\x00\x00\x03\x02\xd5\x02p\x00\x00\x00\x02\x005\xff\
\xf9\x01\xd3\x01\xf4\x00\x1b\x00'\x00w@\x0e\x18\x01\x03\
\x04\x17\x01\x02\x03\x05\x01\x06\x05\x03JK\xb0!PX\
@ \x00\x02\x00\x05\x06\x02\x05g\x00\x03\x03\x04_\x07\
\x01\x04\x04\x1fK\x08\x01\x06\x06\x00_\x01\x01\x00\x00\x15\
\x00L\x1b@$\x00\x02\x00\x05\x06\x02\x05g\x00\x03\x03\
\x04_\x07\x01\x04\x04\x1fK\x00\x00\x00\x15K\x08\x01\x06\
\x06\x01_\x00\x01\x01 \x01LY@\x15\x1c\x1c\x00\x00\
\x1c'\x1c&!\x1f\x00\x1b\x00\x1a#&#\x13\x09\x07\
\x18+\x00\x16\x15\x11#5\x06\x06#\x22&&54\
663354&#\x22\x07'663\x126\
55#\x22\x06\x06\x15\x14\x163\x01t_a\x13K\
20P-7\x7fo\x17/5SS\x1e'o3\
\x19F\x12NT$3(\x01\xf4bd\xfe\xd2Q+\
-'F+5=\x1a\x1d823G\x1b!\xfeP\
K;\x1a\x0e!\x1f#/\x00\xff\xff\x005\xff\xf9\x01\
\xd3\x02\xf3\x00\x22\x00\xee\x00\x00\x00\x03\x02\xbc\x01\xa9\x00\
\x00\xff\xff\x005\xff\xf9\x01\xd3\x02\xe0\x00\x22\x00\xee\x00\
\x00\x00\x03\x02\xc1\x01\xa9\x00\x00\xff\xff\x005\xff\xf9\x01\
\xd3\x03\x1e\x00\x22\x00\xee\x00\x00\x00\x03\x02\xf9\x01\xa9\x00\
\x00\xff\xff\x005\xffE\x01\xd3\x02\xe0\x00\x22\x00\xee\x00\
\x00\x00#\x02\xca\x01\xa6\x00\x00\x00\x03\x02\xc1\x01\xa9\x00\
\x00\xff\xff\x005\xff\xf9\x01\xd3\x03\x1e\x00\x22\x00\xee\x00\
\x00\x00\x03\x02\xfa\x01\xa9\x00\x00\xff\xff\x005\xff\xf9\x01\
\xd3\x03#\x00\x22\x00\xee\x00\x00\x00\x03\x02\xfb\x01\xa9\x00\
\x00\xff\xff\x005\xff\xf9\x01\xd3\x03%\x00\x22\x00\xee\x00\
\x00\x00\x03\x02\xfc\x01\xa9\x00\x00\xff\xff\x005\xff\xf9\x01\
\xd3\x02\xf3\x00\x22\x00\xee\x00\x00\x00\x03\x02\xc0\x01\xa9\x00\
\x00\xff\xff\x005\xff\xf9\x01\xd3\x02\xf3\x00\x22\x00\xee\x00\
\x00\x00\x03\x02\xbf\x01\xa9\x00\x00\xff\xff\x005\xff\xf9\x02\
 \x03\x1e\x00\x22\x00\xee\x00\x00\x00\x03\x02\xfd\x01\xa9\x00\
\x00\xff\xff\x005\xffE\x01\xd3\x02\xf3\x00\x22\x00\xee\x00\
\x00\x00#\x02\xca\x01\xa6\x00\x00\x00\x03\x02\xbf\x01\xa9\x00\
\x00\xff\xff\x005\xff\xf9\x01\xd3\x03\x1e\x00\x22\x00\xee\x00\
\x00\x00\x03\x02\xfe\x01\xa9\x00\x00\xff\xff\x005\xff\xf9\x01\
\xf4\x03#\x00\x22\x00\xee\x00\x00\x00\x03\x02\xff\x01\xa9\x00\
\x00\xff\xff\x005\xff\xf9\x01\xd3\x03-\x00\x22\x00\xee\x00\
\x00\x00\x03\x03\x00\x01\xa9\x00\x00\xff\xff\x005\xff\xf9\x01\
\xd3\x02\xf3\x00\x22\x00\xee\x00\x00\x00\x03\x02\xc6\x01\xa9\x00\
\x00\xff\xff\x005\xff\xf9\x01\xd3\x02\xbf\x00\x22\x00\xee\x00\
\x00\x00\x03\x02\xb9\x01\xa9\x00\x00\xff\xff\x005\xff\xf9\x01\
\xd3\x02\xc2\x00\x22\x00\xee\x00\x00\x00\x03\x02\xba\x01\xa9\x00\
\x00\xff\xff\x005\xffE\x01\xd3\x01\xf4\x00\x22\x00\xee\x00\
\x00\x00\x03\x02\xca\x01\xa6\x00\x00\xff\xff\x005\xff\xf9\x01\
\xd3\x02\xf3\x00\x22\x00\xee\x00\x00\x00\x03\x02\xbb\x01\xa9\x00\
\x00\xff\xff\x005\xff\xf9\x01\xd3\x02\xf6\x00\x22\x00\xee\x00\
\x00\x00\x03\x02\xc5\x01\xa9\x00\x00\xff\xff\x005\xff\xf9\x01\
\xd3\x02\xdd\x00\x22\x00\xee\x00\x00\x00\x03\x02\xc7\x01\xa9\x00\
\x00\xff\xff\x005\xff\xf9\x01\xd3\x02\xb0\x00\x22\x00\xee\x00\
\x00\x00\x03\x02\xc4\x01\xa9\x00\x00\x00\x02\x005\xff>\x01\
\xfd\x01\xf4\x00,\x008\x00\xacK\xb0!PX@\x16\
\x1c\x01\x03\x04\x1b\x01\x02\x03\x09\x01\x08\x07\x08\x01\x01\x08\
,\x01\x06\x01\x05J\x1b@\x16\x1c\x01\x03\x04\x1b\x01\x02\
\x03\x09\x01\x08\x07\x08\x01\x05\x08,\x01\x06\x01\x05JY\
K\xb0!PX@)\x00\x02\x00\x07\x08\x02\x07g\x00\
\x03\x03\x04_\x00\x04\x04\x1fK\x09\x01\x08\x08\x01_\x05\
\x01\x01\x01 K\x00\x06\x06\x00_\x00\x00\x00!\x00L\
\x1b@-\x00\x02\x00\x07\x08\x02\x07g\x00\x03\x03\x04_\
\x00\x04\x04\x1fK\x00\x05\x05\x15K\x09\x01\x08\x08\x01_\
\x00\x01\x01 K\x00\x06\x06\x00_\x00\x00\x00!\x00L\
Y@\x11---8-7%$#$#&(\
!\x0a\x07\x1c+\x05\x06#\x22&54675\x06\
\x06#\x22&&54663354&#\x22\
\x07'6632\x16\x15\x11#\x22\x06\x15\x14\x163\
27&655#\x22\x06\x06\x15\x14\x163\x01\xfd\
'35C%\x22\x13J21O.8~o\x17\
/5SS\x1e'o3b_\x07&2\x22\x1e\x17\
\x22\xc2F\x12NT$4'\xac\x16</#8\x12\
;*.'F+5<\x1b\x1d823G\x1b!\
bd\xfe\xd2)!\x1c \x10\xbaK;\x1a\x0e!\x1f\
$.\x00\xff\xff\x005\xff\xf9\x01\xd3\x02\xf3\x00\x22\x00\
\xee\x00\x00\x00\x03\x02\xc2\x01\xa9\x00\x00\x00\x04\x005\xff\
\xf9\x01\xf5\x03S\x00\x0f\x00\x1b\x007\x00C\x00\xbe@\
\x13\x0a\x07\x02\x04\x004\x01\x08\x093\x01\x07\x08!\x01\
\x0b\x0a\x04JK\xb0!PX@7\x00\x01\x00\x01\x83\
\x00\x00\x0d\x01\x04\x03\x00\x04g\x00\x03\x0c\x01\x02\x09\x03\
\x02g\x00\x07\x00\x0a\x0b\x07\x0ag\x00\x08\x08\x09_\x0e\
\x01\x09\x09\x1fK\x0f\x01\x0b\x0b\x05_\x06\x01\x05\x05\x15\
\x05L\x1b@;\x00\x01\x00\x01\x83\x00\x00\x0d\x01\x04\x03\
\x00\x04g\x00\x03\x0c\x01\x02\x09\x03\x02g\x00\x07\x00\x0a\
\x0b\x07\x0ag\x00\x08\x08\x09_\x0e\x01\x09\x09\x1fK\x00\
\x05\x05\x15K\x0f\x01\x0b\x0b\x06_\x00\x06\x06 \x06L\
Y@)88\x1c\x1c\x10\x10\x00\x008C8B=\
;\x1c7\x1c620-+%# \x1f\x10\x1b\x10\
\x1a\x16\x14\x00\x0f\x00\x0e\x12$\x10\x07\x16+\x12&5\
4632\x1773\x07\x16\x15\x14\x06#&\x06\x15\
\x14\x1632654&#\x16\x16\x15\x11#5\x06\
\x06#\x22&&54663354&#\x22\
\x07'663\x12655#\x22\x06\x06\x15\x14\x16\
3\xe8<<+\x1a\x18Ig\x87\x0d=+\x14\x1b\x1b\
\x14\x14\x1b\x1b\x14a_a\x13K20P-7\x7f\
o\x17/5SS\x1e'o3\x19F\x12NT$\
3(\x02):++;\x0dl\x93\x18\x1a*;\x96\
\x1d\x14\x14\x1d\x1d\x14\x14\x1d\xcbbd\xfe\xd2Q+-\
'F+5=\x1a\x1d823G\x1b!\xfePK\
;\x1a\x0e!\x1f#/\xff\xff\x005\xff\xf9\x01\xd3\x02\
\xce\x00\x22\x00\xee\x00\x00\x00\x03\x02\xc3\x01\xa9\x00\x00\x00\
\x03\x005\xff\xf9\x03(\x01\xf4\x00*\x001\x00=\x00\
\xb2K\xb0'PX@\x14$\x1f\x02\x05\x06\x1e\x01\x04\
\x05\x0c\x05\x02\x01\x00\x06\x01\x02\x01\x04J\x1b@\x17\x1f\
\x01\x09\x06$\x01\x05\x09\x1e\x01\x04\x05\x0c\x05\x02\x01\x00\
\x06\x01\x02\x01\x05JYK\xb0'PX@%\x08\x01\
\x04\x0a\x01\x00\x01\x04\x00g\x0c\x09\x02\x05\x05\x06_\x07\
\x01\x06\x06\x1fK\x0d\x0b\x02\x01\x01\x02_\x03\x01\x02\x02\
 \x02L\x1b@/\x08\x01\x04\x0a\x01\x00\x01\x04\x00g\
\x0c\x01\x09\x09\x06_\x07\x01\x06\x06\x1fK\x00\x05\x05\x06\
_\x07\x01\x06\x06\x1fK\x0d\x0b\x02\x01\x01\x02_\x03\x01\
\x02\x02 \x02LY@\x1a22++2=2<\
75+1+0\x15#$#&$$!\x10\x0e\
\x07\x1d+%!\x16327\x17\x06\x06#\x22&'\
\x06\x06#\x22&&54663354&#\
\x22\x07'6632\x176632\x16\x15$\x06\
\x073&&#\x00655#\x22\x06\x06\x15\x14\x16\
3\x03(\xfe\xad\x0a\x89QH\x1f!e2Hh\x1c\
\x14[@4T08\x7fo\x18/4RW\x1e&\
p3x*\x1eV4^n\xfe\xf9E\x07\xfb\x02=\
7\xfe\xd4E\x13NU$6*\xe3\x9b7G\x1d\x22\
;87<'E,5=\x1a\x1b933G\x1a\
\x22O&)\x83o\xa8JCDI\xfe\x9aN;\x17\
\x0e!\x1f%-\xff\xff\x005\xff\xf9\x03(\x02\xf3\x00\
\x22\x01\x09\x00\x00\x00\x03\x02\xbc\x02:\x00\x00\x00\x02\x00\
F\xff\xf9\x02%\x02\xc1\x00\x12\x00\x1e\x00h\xb6\x0f\x0a\
\x02\x05\x04\x01JK\xb0!PX@\x1d\x00\x02\x02\x14\
K\x00\x04\x04\x03_\x06\x01\x03\x03\x1fK\x07\x01\x05\x05\
\x00_\x01\x01\x00\x00 \x00L\x1b@!\x00\x02\x02\x14\
K\x00\x04\x04\x03_\x06\x01\x03\x03\x1fK\x00\x01\x01\x15\
K\x07\x01\x05\x05\x00_\x00\x00\x00 \x00LY@\x14\
\x13\x13\x00\x00\x13\x1e\x13\x1d\x19\x17\x00\x12\x00\x11\x11\x13\
&\x08\x07\x17+\x00\x16\x16\x15\x14\x06\x06#\x22&'\
\x15#\x113\x11663\x12654&#\x22\x06\
\x15\x14\x163\x01\x8cb77c?7T\x16ee\
\x16T7)IHBBGGB\x01\xf4>rL\
Kt@/,T\x02\xc1\xfe\xd7,0\xfeU\x5cS\
RYZSSZ\x00\x00\x01\x00*\xff\xf9\x01\xd0\x01\
\xf4\x00\x19\x004@1\x0a\x01\x01\x00\x15\x0b\x02\x02\x01\
\x16\x01\x03\x02\x03J\x00\x01\x01\x00_\x00\x00\x00\x1fK\
\x00\x02\x02\x03_\x04\x01\x03\x03 \x03L\x00\x00\x00\x19\
\x00\x18$$&\x05\x07\x17+\x16&&5466\
32\x16\x17\x07&#\x22\x06\x15\x14\x16327\x17\
\x06\x06#\xd2m;=oJ3_\x1e\x1fBGF\
ONGGB\x1f `4\x07>qLLt@\
\x22\x1dH6[SRY6I\x1d!\x00\xff\xff\x00\
*\xff\xf9\x01\xd0\x02\xf3\x00\x22\x01\x0c\x00\x00\x00\x03\x02\
\xbc\x01\xb2\x00\x00\xff\xff\x00*\xff\xf9\x01\xd0\x02\xf3\x00\
\x22\x01\x0c\x00\x00\x00\x03\x02\xc0\x01\xb2\x00\x00\x00\x01\x00\
*\xff>\x01\xd0\x01\xf4\x000\x00\x86@\x1d$\x01\x06\
\x05/%\x02\x07\x060\x01\x00\x07\x19\x03\x02\x04\x01\x18\
\x0f\x02\x03\x04\x0e\x01\x02\x03\x06JK\xb0\x0bPX@\
'\x00\x01\x00\x04\x03\x01\x04g\x00\x06\x06\x05_\x00\x05\
\x05\x1fK\x00\x07\x07\x00_\x00\x00\x00\x1dK\x00\x03\x03\
\x02_\x00\x02\x02!\x02L\x1b@'\x00\x01\x00\x04\x03\
\x01\x04g\x00\x06\x06\x05_\x00\x05\x05\x1fK\x00\x07\x07\
\x00_\x00\x00\x00 K\x00\x03\x03\x02_\x00\x02\x02!\
\x02LY@\x0b$$)#$$\x22\x11\x08\x07\x1c\
+$\x06\x07\x07632\x16\x15\x14\x06#\x22&'\
7\x1632654#\x22\x07'7&&54\
6632\x16\x17\x07&#\x22\x06\x15\x14\x1632\
7\x17\x01\xb3W/\x05\x0e\x07\x22,@9\x152\x13\
\x0d%'\x19\x1c#\x12\x18\x14\x08[h=oJ3\
_\x1e\x1fBGFONGGB\x1f\x1d!\x03$\
\x02#\x22%/\x0a\x09/\x0e\x10\x10\x19\x08\x11H\x0e\
\x85eLt@\x22\x1dH6[SRY6I\x00\
\x02\x00*\xff>\x01\xd0\x02\xf3\x00\x03\x004\x00\xab@\
\x1d(\x01\x08\x073)\x02\x09\x084\x01\x02\x09\x1d\x07\
\x02\x06\x03\x1c\x13\x02\x05\x06\x12\x01\x04\x05\x06JK\xb0\
\x0bPX@2\x0a\x01\x01\x00\x01\x83\x00\x00\x07\x00\x83\
\x00\x03\x00\x06\x05\x03\x06g\x00\x08\x08\x07_\x00\x07\x07\
\x1fK\x00\x09\x09\x02_\x00\x02\x02\x1dK\x00\x05\x05\x04\
_\x00\x04\x04!\x04L\x1b@2\x0a\x01\x01\x00\x01\x83\
\x00\x00\x07\x00\x83\x00\x03\x00\x06\x05\x03\x06g\x00\x08\x08\
\x07_\x00\x07\x07\x1fK\x00\x09\x09\x02_\x00\x02\x02 \
K\x00\x05\x05\x04_\x00\x04\x04!\x04LY@\x1a\x00\
\x0020,*&$\x1b\x19\x16\x14\x10\x0e\x0a\x08\x06\
\x05\x00\x03\x00\x03\x11\x0b\x07\x15+\x01\x07#7\x12\x06\
\x07\x07632\x16\x15\x14\x06#\x22&'7\x163\
2654#\x22\x07'7&&54663\
2\x16\x17\x07&#\x22\x06\x15\x14\x16327\x17\x01\
\xca\x8dBcUW/\x05\x0e\x07\x22,@9\x152\
\x13\x0d%'\x19\x1c#\x12\x18\x14\x08[h=oJ\
3_\x1e\x1fBGFONGGB\x1f\x02\xf3\xcb\
\xcb\xfd*!\x03$\x02#\x22%/\x0a\x09/\x0e\x10\
\x10\x19\x08\x11H\x0e\x85eLt@\x22\x1dH6[\
SRY6I\xff\xff\x00*\xff\xf9\x01\xd0\x02\xf3\x00\
\x22\x01\x0c\x00\x00\x00\x03\x02\xbf\x01\xb2\x00\x00\xff\xff\x00\
*\xff\xf9\x01\xd0\x02\xc2\x00\x22\x01\x0c\x00\x00\x00\x03\x02\
\xba\x01\xb2\x00\x00\x00\x02\x00*\xff\xf9\x02\x08\x02\xc1\x00\
\x12\x00\x1e\x00h\xb6\x11\x03\x02\x05\x04\x01JK\xb0!\
PX@\x1d\x06\x01\x03\x03\x14K\x00\x04\x04\x02_\x00\
\x02\x02\x1fK\x07\x01\x05\x05\x00_\x01\x01\x00\x00\x15\x00\
L\x1b@!\x06\x01\x03\x03\x14K\x00\x04\x04\x02_\x00\
\x02\x02\x1fK\x00\x00\x00\x15K\x07\x01\x05\x05\x01_\x00\
\x01\x01 \x01LY@\x14\x13\x13\x00\x00\x13\x1e\x13\x1d\
\x19\x17\x00\x12\x00\x12&#\x11\x08\x07\x17+\x01\x11#\
5\x06\x06#\x22&&546632\x16\x17\x11\
\x02654&#\x22\x06\x15\x14\x163\x02\x08d\x16\
T7?c77b@7S\x16FGGBB\
IJA\x02\xc1\xfd?T,/@tKLr>\
/+\x01'\xfd\x88ZSSZYRR]\x00\x00\
\x02\x00*\xff\xf9\x02\x0f\x02\xc9\x00\x1c\x00(\x007@\
4\x0f\x01\x02\x01\x01J\x1c\x1b\x1a\x19\x17\x16\x14\x13\x12\
\x11\x0a\x01H\x00\x01\x00\x02\x03\x01\x02g\x04\x01\x03\x03\
\x00_\x00\x00\x00 \x00L\x1d\x1d\x1d(\x1d'#!\
&$\x05\x07\x16+\x00\x16\x15\x14\x06#\x22&&5\
46632\x17&'\x07'7&'7\x16\x17\
7\x17\x07\x02654&#\x22\x06\x15\x14\x163\x01\
\xdd2\x7fyFl;:iCb4\x15=\xa5\x12\
}8H\x18uT\x7f\x11_QIHBBHG\
C\x02\x04\x91Q\x91\x989iEDi:=W=\
6;)%\x10H\x19D*;\x1f\xfe\x0dPGI\
OOIIN\x00\x03\x00*\xff\xf9\x02k\x02\xc1\x00\
\x12\x00\x16\x00\x22\x00n\xb6\x12\x04\x02\x07\x06\x01JK\
\xb0!PX@\x22\x00\x05\x05\x00]\x04\x01\x00\x00\x14\
K\x00\x06\x06\x03_\x00\x03\x03\x1fK\x08\x01\x07\x07\x01\
_\x02\x01\x01\x01\x15\x01L\x1b@&\x00\x05\x05\x00]\
\x04\x01\x00\x00\x14K\x00\x06\x06\x03_\x00\x03\x03\x1fK\
\x00\x01\x01\x15K\x08\x01\x07\x07\x02_\x00\x02\x02 \x02\
LY@\x10\x17\x17\x17\x22\x17!%\x11\x13&#\x11\
\x10\x09\x07\x1b+\x013\x11#5\x06\x06#\x22&&\
546632\x16\x17\x133\x07#\x02654\
&#\x22\x06\x15\x14\x163\x01\xa3ed\x16T7?\
c77b@7S\x16\x84D\x1a*\xcaGGB\
BIJA\x02\xc1\xfd?T,/@tKLr\
>/+\x01'\xbf\xfeGZSSZYRR]\
\x00\x00\x02\x00*\xff\xf9\x02c\x02\xc1\x00\x1a\x00&\x00\
x\xb6\x12\x04\x02\x09\x08\x01JK\xb0!PX@&\
\x07\x01\x05\x04\x01\x00\x03\x05\x00e\x00\x06\x06\x14K\x00\
\x08\x08\x03_\x00\x03\x03\x1fK\x0a\x01\x09\x09\x01_\x02\
\x01\x01\x01\x15\x01L\x1b@*\x07\x01\x05\x04\x01\x00\x03\
\x05\x00e\x00\x06\x06\x14K\x00\x08\x08\x03_\x00\x03\x03\
\x1fK\x00\x01\x01\x15K\x0a\x01\x09\x09\x02_\x00\x02\x02\
 \x02LY@\x12\x1b\x1b\x1b&\x1b%%\x11\x11\x11\
\x13&#\x11\x10\x0b\x07\x1d+\x01#\x11#5\x06\x06\
#\x22&&546632\x16\x175#53\
53\x153\x00654&#\x22\x06\x15\x14\x163\
\x02c[d\x16T7?c77b@7S\x16\
\xbe\xbee[\xfe\xfaGGBBIJA\x02$\xfd\
\xdcT,/@tKLr>/+\x8aJSS\
\xfd\xdbZSSZYRR]\x00\xff\xff\x00*\xff\
E\x02\x08\x02\xc1\x00\x22\x01\x13\x00\x00\x00\x03\x02\xca\x01\
\xbf\x00\x00\xff\xff\x00*\xffV\x02\x08\x02\xc1\x00\x22\x01\
\x13\x00\x00\x00\x03\x02\xd0\x01\xbf\x00\x00\xff\xff\x00*\xff\
\xf9\x04!\x02\xf3\x00\x22\x01\x13\x00\x00\x00#\x01\xd5\x02\
O\x00\x00\x00\x03\x02\xc0\x03\xe7\x00\x00\x00\x02\x00*\xff\
\xf9\x01\xe8\x01\xf4\x00\x13\x00\x1a\x009@6\x05\x01\x01\
\x00\x06\x01\x02\x01\x02J\x00\x04\x00\x00\x01\x04\x00e\x06\
\x01\x05\x05\x03_\x00\x03\x03\x1fK\x00\x01\x01\x02_\x00\
\x02\x02 \x02L\x14\x14\x14\x1a\x14\x19\x15%$!\x10\
\x07\x07\x19+%!\x16327\x17\x06\x06#\x22&\
546632\x16\x15$\x06\x07!&&#\x01\
\xe8\xfe\xa7\x0b\x8fTD\x1f\x22d4u\x87;kD\
cq\xfe\xf4E\x07\x01\x01\x03?9\xe3\x9b7G\x1d\
\x22\x86vKt@\x80q\xa7IDDI\xff\xff\x00\
*\xff\xf9\x01\xe8\x02\xf3\x00\x22\x01\x1a\x00\x00\x00\x03\x02\
\xbc\x01\xaa\x00\x00\xff\xff\x00*\xff\xf9\x01\xe8\x02\xe0\x00\
\x22\x01\x1a\x00\x00\x00\x03\x02\xc1\x01\xaa\x00\x00\xff\xff\x00\
*\xff\xf9\x01\xe8\x02\xf3\x00\x22\x01\x1a\x00\x00\x00\x03\x02\
\xc0\x01\xaa\x00\x00\x00\x03\x00*\xff>\x01\xe8\x02\xe0\x00\
\x0d\x009\x00@\x01\x05@\x1f\x13\x01\x03\x02\x14\x01\x04\
\x03.\x18\x02\x08\x05-$\x02\x07\x08#\x01\x06\x07\x05\
J\x0a\x09\x03\x02\x04\x00HK\xb0\x0bPX@9\x00\
\x00\x0c\x01\x01\x09\x00\x01g\x00\x0a\x00\x02\x03\x0a\x02e\
\x00\x05\x00\x08\x07\x05\x08g\x0d\x01\x0b\x0b\x09_\x00\x09\
\x09\x1fK\x00\x03\x03\x04_\x00\x04\x04 K\x00\x07\x07\
\x06_\x00\x06\x06!\x06L\x1bK\xb0\x0dPX@9\
\x00\x00\x0c\x01\x01\x09\x00\x01g\x00\x0a\x00\x02\x03\x0a\x02\
e\x00\x05\x00\x08\x07\x05\x08g\x0d\x01\x0b\x0b\x09_\x00\
\x09\x09\x1fK\x00\x03\x03\x04_\x00\x04\x04\x1dK\x00\x07\
\x07\x06_\x00\x06\x06!\x06L\x1b@9\x00\x00\x0c\x01\
\x01\x09\x00\x01g\x00\x0a\x00\x02\x03\x0a\x02e\x00\x05\x00\
\x08\x07\x05\x08g\x0d\x01\x0b\x0b\x09_\x00\x09\x09\x1fK\
\x00\x03\x03\x04_\x00\x04\x04 K\x00\x07\x07\x06_\x00\
\x06\x06!\x06LYY@\x22::\x00\x00:@:\
?=<75,*'%!\x1f\x1b\x19\x17\x16\x12\
\x10\x0f\x0e\x00\x0d\x00\x0c%\x0e\x07\x15+\x12&'7\
\x16\x163267\x17\x06\x06#\x13!\x16327\
\x17\x06\x06\x07\x07632\x16\x15\x14\x06#\x22&'\
7\x1632654#\x22\x07'7&&54\
6632\x16\x15$\x06\x07!&&#\xd9\x5c\x14\
9\x168$$8\x169\x13];\xd4\xfe\xa7\x0b\x8f\
TD\x1f\x1fX/\x05\x0e\x07\x22,@9\x152\x13\
\x0d%'\x19\x1c#\x12\x18\x14\x08bn;kDc\
q\xfe\xf4E\x07\x01\x01\x03?9\x02DBB\x18.\
((.\x18BB\xfe\x9f\x9b7G\x1a!\x03%\x02\
#\x22%/\x0a\x09/\x0e\x10\x10\x19\x08\x11H\x0c\x83\
jKt@\x80q\xa7IDDI\xff\xff\x00*\xff\
\xf9\x01\xe8\x02\xf3\x00\x22\x01\x1a\x00\x00\x00\x03\x02\xbf\x01\
\xaa\x00\x00\xff\xff\x00*\xff\xf9\x02!\x03\x1e\x00\x22\x01\
\x1a\x00\x00\x00\x03\x02\xfd\x01\xaa\x00\x00\xff\xff\x00*\xff\
E\x01\xe8\x02\xf3\x00\x22\x01\x1a\x00\x00\x00#\x02\xca\x01\
\xba\x00\x00\x00\x03\x02\xbf\x01\xaa\x00\x00\xff\xff\x00*\xff\
\xf9\x01\xe8\x03\x1e\x00\x22\x01\x1a\x00\x00\x00\x03\x02\xfe\x01\
\xaa\x00\x00\xff\xff\x00*\xff\xf9\x01\xf5\x03#\x00\x22\x01\
\x1a\x00\x00\x00\x03\x02\xff\x01\xaa\x00\x00\xff\xff\x00*\xff\
\xf9\x01\xe8\x03-\x00\x22\x01\x1a\x00\x00\x00\x03\x03\x00\x01\
\xaa\x00\x00\xff\xff\x00*\xff\xf9\x01\xe8\x02\xf3\x00\x22\x01\
\x1a\x00\x00\x00\x03\x02\xc6\x01\xaa\x00\x00\xff\xff\x00*\xff\
\xf9\x01\xe8\x02\xbf\x00\x22\x01\x1a\x00\x00\x00\x03\x02\xb9\x01\
\xaa\x00\x00\xff\xff\x00*\xff\xf9\x01\xe8\x02\xc2\x00\x22\x01\
\x1a\x00\x00\x00\x03\x02\xba\x01\xaa\x00\x00\xff\xff\x00*\xff\
E\x01\xe8\x01\xf4\x00\x22\x01\x1a\x00\x00\x00\x03\x02\xca\x01\
\xba\x00\x00\xff\xff\x00*\xff\xf9\x01\xe8\x02\xf3\x00\x22\x01\
\x1a\x00\x00\x00\x03\x02\xbb\x01\xaa\x00\x00\xff\xff\x00*\xff\
\xf9\x01\xe8\x02\xf6\x00\x22\x01\x1a\x00\x00\x00\x03\x02\xc5\x01\
\xaa\x00\x00\xff\xff\x00*\xff\xf9\x01\xe8\x02\xdd\x00\x22\x01\
\x1a\x00\x00\x00\x03\x02\xc7\x01\xaa\x00\x00\xff\xff\x00*\xff\
\xf9\x01\xe8\x02\xb0\x00\x22\x01\x1a\x00\x00\x00\x03\x02\xc4\x01\
\xaa\x00\x00\xff\xff\x00*\xff\xf9\x01\xe8\x03\xb3\x00\x22\x01\
\x1a\x00\x00\x00#\x02\xc4\x01\xaa\x00\x00\x01\x07\x02\xbc\x01\
\xaa\x00\xc0\x00\x08\xb1\x03\x01\xb0\xc0\xb03+\xff\xff\x00\
*\xff\xf9\x01\xe8\x03\xb3\x00\x22\x01\x1a\x00\x00\x00#\x02\
\xc4\x01\xaa\x00\x00\x01\x07\x02\xbb\x01\xaa\x00\xc0\x00\x08\xb1\
\x03\x01\xb0\xc0\xb03+\x00\x02\x00*\xff>\x01\xe8\x01\
\xf4\x00#\x00*\x00M@J\x05\x01\x01\x00\x06\x01\x04\
\x01\x10\x01\x02\x04\x11\x01\x03\x02\x04J\x00\x06\x00\x00\x01\
\x06\x00e\x08\x01\x07\x07\x05_\x00\x05\x05\x1fK\x00\x01\
\x01\x04_\x00\x04\x04 K\x00\x02\x02\x03_\x00\x03\x03\
!\x03L$$$*$)\x15%$#)!\x10\
\x09\x07\x1b+%!\x16327\x17\x06\x07\x06\x06\x15\
\x14\x16327\x17\x06#\x22&547#\x22&\
546632\x16\x15$\x06\x07!&&#\x01\
\xe8\xfe\xa7\x0b\x8fTD\x1f\x0d(.&!\x1e\x19 \
\x11)15C#\x0bu\x87;kDcq\xfe\xf5\
F\x07\x01\x01\x03?9\xe3\x9b7F\x0d\x14\x19,\x1d\
\x1d\x1f\x106\x16;/0!\x86vKt@\x80q\
\xa7JCDI\xff\xff\x00*\xff\xf9\x01\xe8\x02\xce\x00\
\x22\x01\x1a\x00\x00\x00\x03\x02\xc3\x01\xaa\x00\x00\x00\x02\x00\
)\xff\xf9\x01\xe7\x01\xf4\x00\x14\x00\x1b\x00@@=\x11\
\x01\x02\x03\x10\x01\x01\x02\x02J\x00\x01\x00\x04\x05\x01\x04\
e\x00\x02\x02\x03_\x06\x01\x03\x03\x1fK\x07\x01\x05\x05\
\x00_\x00\x00\x00 \x00L\x15\x15\x00\x00\x15\x1b\x15\x1a\
\x18\x17\x00\x14\x00\x13!\x13&\x08\x07\x17+\x00\x16\x16\
\x15\x14\x06\x06#\x22&55!&#\x22\x07'6\
63\x1267!\x16\x163\x01<o<9gC\
fu\x01[\x0a\x8cLS\x1e$h5GD\x07\xfe\
\xff\x03@:\x01\xf4=sMLs?\x7fr \x9a\
7G\x1e\x22\xfeOHDDH\x00\x00\x01\x00\x06\x00\
\x00\x01i\x02\xc4\x00\x13\x00)@&\x00\x06\x06\x05_\
\x00\x05\x05\x14K\x03\x01\x01\x01\x00]\x04\x01\x00\x00\x17\
K\x00\x02\x02\x15\x02L!#\x11\x11\x11\x11\x10\x07\x07\
\x1b+\x133\x15#\x11#\x11#535467\
7\x17\x07\x06\x06\x15\xca\x86\x86e__gj-\x06\
.<5\x01\xe8N\xfef\x01\x9aN\x09ef\x06\x02\
L\x03\x0389\x00\x02\x00*\xffE\x02\x0c\x01\xf4\x00\
\x1d\x00)\x00\xa9@\x0f\x1c\x0e\x02\x06\x05\x08\x01\x01\x02\
\x07\x01\x00\x01\x03JK\xb0\x15PX@\x22\x00\x05\x05\
\x03_\x07\x04\x02\x03\x03\x1fK\x08\x01\x06\x06\x02_\x00\
\x02\x02\x15K\x00\x01\x01\x00_\x00\x00\x00!\x00L\x1b\
K\xb0!PX@&\x07\x01\x04\x04\x17K\x00\x05\x05\
\x03_\x00\x03\x03\x1fK\x08\x01\x06\x06\x02_\x00\x02\x02\
\x15K\x00\x01\x01\x00_\x00\x00\x00!\x00L\x1b@$\
\x08\x01\x06\x00\x02\x01\x06\x02g\x07\x01\x04\x04\x17K\x00\
\x05\x05\x03_\x00\x03\x03\x1fK\x00\x01\x01\x00_\x00\x00\
\x00!\x00LYY@\x15\x1e\x1e\x00\x00\x1e)\x1e(\
$\x22\x00\x1d\x00\x1d&$%#\x09\x07\x18+\x01\x11\
\x14\x06#\x22&'7\x16\x163255\x06\x06#\
\x22&&546632\x16\x175\x02654\
&#\x22\x06\x15\x14\x163\x02\x0cwt?q,\x1f\
0Y3\x89\x15V9@d78c@8U\x16\
JJIBBKLA\x01\xe8\xfe?pr!\x1f\
I\x1f\x1b\x8bM,1<nHHn=0,P\
\xfewVLKWVLLV\x00\xff\xff\x00*\xff\
E\x02\x0c\x02\xe0\x00\x22\x013\x00\x00\x00\x03\x02\xc1\x01\
\xc1\x00\x00\xff\xff\x00*\xffE\x02\x0c\x02\xf3\x00\x22\x01\
3\x00\x00\x00\x03\x02\xc0\x01\xc1\x00\x00\xff\xff\x00*\xff\
E\x02\x0c\x02\xf3\x00\x22\x013\x00\x00\x00\x03\x02\xbf\x01\
\xc1\x00\x00\xff\xff\x00*\xffE\x02\x0c\x03\x07\x00\x22\x01\
3\x00\x00\x00\x03\x02\xc8\x01\xc1\x00\x00\xff\xff\x00*\xff\
E\x02\x0c\x02\xc2\x00\x22\x013\x00\x00\x00\x03\x02\xba\x01\
\xc1\x00\x00\xff\xff\x00*\xffE\x02\x0c\x02\xb0\x00\x22\x01\
3\x00\x00\x00\x03\x02\xc4\x01\xc1\x00\x00\x00\x01\x00F\x00\
\x00\x01\xfc\x02\xc1\x00\x12\x00-@*\x0f\x01\x00\x01\x01\
J\x00\x03\x03\x14K\x00\x01\x01\x04_\x05\x01\x04\x04\x1f\
K\x02\x01\x00\x00\x15\x00L\x00\x00\x00\x12\x00\x11\x11\x13\
#\x12\x06\x07\x18+\x00\x15\x11#\x114&#\x22\x06\
\x15\x11#\x113\x11663\x01\xfce14=J\
ee\x19T5\x01\xf4\xc5\xfe\xd1\x01*>:L@\
\xfe\xea\x02\xc1\xfe\xdd*,\x00\x00\x01\xff\xec\x00\x00\x01\
\xfc\x02\xc1\x00\x1a\x00;@8\x17\x01\x00\x01\x01J\x06\
\x01\x04\x07\x01\x03\x08\x04\x03e\x00\x05\x05\x14K\x00\x01\
\x01\x08_\x09\x01\x08\x08\x1fK\x02\x01\x00\x00\x15\x00L\
\x00\x00\x00\x1a\x00\x19\x11\x11\x11\x11\x11\x13#\x12\x0a\x07\
\x1c+\x00\x15\x11#\x114&#\x22\x06\x15\x11#\x11\
#5353\x153\x15#\x15663\x01\xfce\
14=JeZZe\xbf\xbf\x19T5\x01\xf4\xc5\
\xfe\xd1\x01*>:L@\xfe\xea\x02$JSSJ\
\x86*,\xff\xff\x00F\xff(\x01\xfc\x02\xc1\x00\x22\x01\
:\x00\x00\x00\x03\x02\xcf\x01\xb7\x00\x00\xff\xff\xff\xe0\x00\
\x00\x01\xfc\x03\x96\x00\x22\x01:\x00\x00\x00\x03\x02\xd7\x01\
\x10\x00\x00\xff\xff\x00F\xffE\x01\xfc\x02\xc1\x00\x22\x01\
:\x00\x00\x00\x03\x02\xca\x01\xb7\x00\x00\xff\xff\x00?\x00\
\x00\x00\xb3\x02\xc2\x00\x22\x01@\x00\x00\x00\x03\x02\xba\x01\
\x0f\x00\x00\x00\x01\x00F\x00\x00\x00\xab\x01\xe8\x00\x03\x00\
\x19@\x16\x00\x00\x00\x17K\x02\x01\x01\x01\x15\x01L\x00\
\x00\x00\x03\x00\x03\x11\x03\x07\x15+3\x113\x11Fe\
\x01\xe8\xfe\x18\x00\xff\xff\x00F\x00\x00\x01'\x02\xf3\x00\
\x22\x01@\x00\x00\x00\x03\x02\xbc\x01\x0f\x00\x00\xff\xff\xff\
\xce\x00\x00\x01$\x02\xe0\x00\x22\x01@\x00\x00\x00\x03\x02\
\xc1\x01\x0f\x00\x00\xff\xff\xff\xdf\x00\x00\x01\x13\x02\xf3\x00\
\x22\x01@\x00\x00\x00\x03\x02\xbf\x01\x0f\x00\x00\xff\xff\xff\
\xd4\x00\x00\x00\xd0\x02\xf3\x00\x22\x01@\x00\x00\x00\x03\x02\
\xc6\x01\x0f\x00\x00\xff\xff\xff\xed\x00\x00\x01\x05\x02\xbf\x00\
\x22\x01@\x00\x00\x00\x03\x02\xb9\x01\x0f\x00\x00\xff\xff\xff\
\xed\x00\x00\x01'\x03\xb3\x00\x22\x01@\x00\x00\x00#\x02\
\xb9\x01\x0f\x00\x00\x01\x07\x02\xbc\x01\x0f\x00\xc0\x00\x08\xb1\
\x03\x01\xb0\xc0\xb03+\xff\xff\x00?\x00\x00\x00\xb3\x02\
\xc2\x00\x22\x01@\x00\x00\x00\x03\x02\xba\x01\x0f\x00\x00\xff\
\xff\x00?\xffE\x00\xb3\x02\xc2\x00\x22\x01@\x00\x00\x00\
#\x02\xba\x01\x0f\x00\x00\x00\x03\x02\xca\x01\x0e\x00\x00\xff\
\xff\xff\xcb\x00\x00\x00\xab\x02\xf3\x00\x22\x01@\x00\x00\x00\
\x03\x02\xbb\x01\x0f\x00\x00\xff\xff\x00,\x00\x00\x00\xe6\x02\
\xf6\x00\x22\x01@\x00\x00\x00\x03\x02\xc5\x01\x0f\x00\x00\xff\
\xff\xff\xce\x00\x00\x01$\x02\xdd\x00\x22\x01@\x00\x00\x00\
\x03\x02\xc7\x01\x0f\x00\x00\xff\xff\xff\xe1\x00\x00\x01\x11\x02\
\xb0\x00\x22\x01@\x00\x00\x00\x03\x02\xc4\x01\x0f\x00\x00\x00\
\x02\x00\x04\xff>\x00\xd6\x02\xc2\x00\x03\x00\x18\x00?@\
<\x0c\x01\x04\x03\x18\x01\x05\x04\x02J\x00\x00\x00\x01]\
\x06\x01\x01\x01\x14K\x00\x03\x03\x17K\x00\x04\x04\x15K\
\x00\x05\x05\x02_\x00\x02\x02!\x02L\x00\x00\x17\x15\x11\
\x0f\x0e\x0d\x07\x05\x00\x03\x00\x03\x11\x07\x07\x15+\x13\x15\
#5\x13\x06#\x22&5467\x113\x11#\x22\
\x06\x15\x14\x16327\xb3t\x97)15C!!\
e\x06)/\x22\x1e\x1b\x1d\x02\xc2ii\xfc\x92\x16;\
0!7\x12\x01\xd5\xfe\x18* \x1d\x1f\x10\xff\xff\xff\
\xd4\x00\x00\x01\x1e\x02\xce\x00\x22\x01@\x00\x00\x00\x03\x02\
\xc3\x01\x0f\x00\x00\xff\xff\xff\xb5\xffH\x00\xb3\x02\xc2\x00\
\x22\x01P\x00\x00\x00\x03\x02\xba\x01\x0f\x00\x00\x00\x01\xff\
\xb5\xffH\x00\xab\x01\xe8\x00\x0b\x00\x19@\x16\x00\x02\x02\
\x17K\x00\x01\x01\x00`\x00\x00\x00\x19\x00L\x14\x11\x22\
\x03\x07\x17+7\x14\x06\x07\x07'7665\x113\
\xab[e.\x08010e\x0c_\x5c\x06\x03K\x03\
\x0421\x01\xeb\xff\xff\xff\xb5\xffH\x01\x13\x02\xf3\x00\
\x22\x01P\x00\x00\x00\x03\x02\xbf\x01\x0f\x00\x00\x00\x01\x00\
F\x00\x00\x02\x12\x02\xc1\x00\x0a\x00#@ \x0a\x07\x02\
\x03\x00\x03\x01J\x00\x02\x02\x14K\x00\x03\x03\x17K\x01\
\x01\x00\x00\x15\x00L\x12\x11\x12\x10\x04\x07\x18+!#\
'\x15#\x113\x1173\x07\x02\x12\x80\xe7ee\xd6\
}\xe7\xe6\xe6\x02\xc1\xfeK\xdb\xea\x00\xff\xff\x00F\xfe\
\xf8\x02\x12\x02\xc1\x00\x22\x01R\x00\x00\x00\x03\x02\xcc\x01\
\x98\x00\x00\x00\x01\x00F\x00\x00\x02\x12\x01\xe8\x00\x0a\x00\
\x1f@\x1c\x0a\x07\x02\x03\x00\x02\x01J\x03\x01\x02\x02\x17\
K\x01\x01\x00\x00\x15\x00L\x12\x11\x12\x10\x04\x07\x18+\
!#'\x15#\x113\x1573\x07\x02\x12\x80\xe7e\
e\xd6}\xe7\xe6\xe6\x01\xe8\xdc\xdb\xea\x00\x01\x00F\x00\
\x00\x00\xab\x02\xc1\x00\x03\x00\x19@\x16\x00\x00\x00\x14K\
\x02\x01\x01\x01\x15\x01L\x00\x00\x00\x03\x00\x03\x11\x03\x07\
\x15+3\x113\x11Fe\x02\xc1\xfd?\x00\xff\xff\x00\
F\x00\x00\x01$\x03\x96\x00\x22\x01U\x00\x00\x00\x03\x02\
\xd5\x01\x0f\x00\x00\x00\x02\x00F\x00\x00\x01\x10\x02\xc1\x00\
\x03\x00\x07\x00#@ \x00\x02\x02\x00]\x03\x01\x00\x00\
\x14K\x04\x01\x01\x01\x15\x01L\x00\x00\x07\x06\x05\x04\x00\
\x03\x00\x03\x11\x05\x07\x15+3\x113\x11\x13#53\
FeK*D\x02\xc1\xfd?\x02\x02\xbf\x00\xff\xff\x00\
@\xfe\xf8\x00\xb1\x02\xc1\x00\x22\x01U\x00\x00\x00\x03\x02\
\xcc\x01\x0f\x00\x00\xff\xff\x00F\x00\x00\x01G\x02\xc1\x00\
\x22\x01U\x00\x00\x01\x06\x02Uub\x00\x08\xb1\x01\x01\
\xb0b\xb03+\xff\xff\x00D\xffE\x00\xae\x02\xc1\x00\
\x22\x01U\x00\x00\x00\x03\x02\xca\x01\x0f\x00\x00\xff\xff\x00\
F\xffH\x01\xa5\x02\xc2\x00\x22\x01U\x00\x00\x00#\x01\
P\x00\xf2\x00\x00\x00\x03\x02\xba\x02\x01\x00\x00\xff\xff\xff\
\xe1\xffV\x01\x11\x02\xc1\x00\x22\x01U\x00\x00\x00\x03\x02\
\xd0\x01\x0f\x00\x00\x00\x01\xff\xf6\x00\x00\x018\x02\xc1\x00\
\x0b\x00\x1f@\x1c\x0b\x0a\x07\x06\x05\x04\x01\x07\x00\x01\x01\
J\x00\x01\x01\x14K\x00\x00\x00\x15\x00L\x15\x12\x02\x07\
\x16+\x01\x07\x11#\x11\x07'7\x113\x117\x018\
neG(oeF\x01\x92@\xfe\xae\x01\x18)F\
@\x01L\xfe\xef(\x00\x00\x01\x00F\x00\x00\x03\x1a\x01\
\xf4\x00 \x00V\xb6\x1d\x18\x02\x00\x01\x01JK\xb0\x15\
PX@\x16\x03\x01\x01\x01\x05_\x08\x07\x06\x03\x05\x05\
\x17K\x04\x02\x02\x00\x00\x15\x00L\x1b@\x1a\x00\x05\x05\
\x17K\x03\x01\x01\x01\x06_\x08\x07\x02\x06\x06\x1fK\x04\
\x02\x02\x00\x00\x15\x00LY@\x10\x00\x00\x00 \x00\x1f\
#\x11\x13#\x13#\x12\x09\x07\x1b+\x00\x15\x11#\x11\
4&#\x22\x06\x15\x11#\x114&#\x22\x06\x15\x11\
#\x113\x156632\x17663\x03\x1ae+\
07@e,/8@ec\x17N2q\x22\x17\
V6\x01\xf4\xc5\xfe\xd1\x01+>9LB\xfe\xec\x01\
+>9LB\xfe\xec\x01\xe8J)-^,2\xff\
\xff\x00F\xffE\x03\x1a\x01\xf4\x00\x22\x01^\x00\x00\x00\
\x03\x02\xca\x02F\x00\x00\x00\x01\x00F\x00\x00\x01\xfc\x01\
\xf4\x00\x12\x00L\xb5\x0f\x01\x00\x01\x01JK\xb0\x15P\
X@\x13\x00\x01\x01\x03_\x05\x04\x02\x03\x03\x17K\x02\
\x01\x00\x00\x15\x00L\x1b@\x17\x00\x03\x03\x17K\x00\x01\
\x01\x04_\x05\x01\x04\x04\x1fK\x02\x01\x00\x00\x15\x00L\
Y@\x0d\x00\x00\x00\x12\x00\x11\x11\x13#\x12\x06\x07\x18\
+\x00\x15\x11#\x114&#\x22\x06\x15\x11#\x113\
\x15663\x01\xfce14=Jec\x18V6\
\x01\xf4\xc5\xfe\xd1\x01*>:L@\xfe\xea\x01\xe8N\
,.\x00\xff\xff\x00F\x00\x00\x01\xfc\x02\xf3\x00\x22\x01\
`\x00\x00\x00\x03\x02\xbc\x01\xb7\x00\x00\xff\xff\x00F\x00\
\x00\x01\xfc\x02\xf3\x00\x22\x02\xe1\x00\x00\x00\x02\x01`\x00\
\x00\xff\xff\x00F\x00\x00\x01\xfc\x02\xf3\x00\x22\x01`\x00\
\x00\x00\x03\x02\xc0\x01\xb7\x00\x00\xff\xff\x00F\xfe\xf8\x01\
\xfc\x01\xf4\x00\x22\x01`\x00\x00\x00\x03\x02\xcc\x01\xb7\x00\
\x00\xff\xff\x00F\x00\x00\x01\xfc\x02\xc2\x00\x22\x01`\x00\
\x00\x00\x03\x02\xba\x01\xb7\x00\x00\xff\xff\x00F\xffE\x01\
\xfc\x01\xf4\x00\x22\x01`\x00\x00\x00\x03\x02\xca\x01\xb7\x00\
\x00\x00\x01\x00F\xffH\x01\xfc\x01\xf4\x00\x1a\x00d@\
\x0a\x17\x01\x03\x02\x07\x01\x00\x01\x02JK\xb0\x15PX\
@\x1c\x00\x02\x02\x04_\x06\x05\x02\x04\x04\x17K\x00\x03\
\x03\x15K\x00\x01\x01\x00_\x00\x00\x00\x19\x00L\x1b@\
 \x00\x04\x04\x17K\x00\x02\x02\x05_\x06\x01\x05\x05\x1f\
K\x00\x03\x03\x15K\x00\x01\x01\x00_\x00\x00\x00\x19\x00\
LY@\x0e\x00\x00\x00\x1a\x00\x19\x11\x13%\x12$\x07\
\x07\x19+\x00\x15\x11\x14\x06\x07\x07'7665\x11\
4&#\x22\x06\x15\x11#\x113\x15663\x01\xfc\
Zg-\x07.2023<Kec\x19U6\
\x01\xf4\xc5\xfe\xde^]\x07\x03K\x04\x0321\x01-\
@8KA\xfe\xea\x01\xe8M+.\xff\xff\x00F\xff\
H\x02\xf3\x02\xc2\x00\x22\x01`\x00\x00\x00#\x01P\x02\
@\x00\x00\x00\x03\x02\xba\x03O\x00\x00\xff\xff\x00F\xff\
V\x01\xfc\x01\xf4\x00\x22\x01`\x00\x00\x00\x03\x02\xd0\x01\
\xb7\x00\x00\xff\xff\x00F\x00\x00\x01\xfc\x02\xce\x00\x22\x01\
`\x00\x00\x00\x03\x02\xc3\x01\xb7\x00\x00\x00\x02\x00*\xff\
\xf9\x02\x0a\x01\xf4\x00\x0f\x00\x1b\x00,@)\x00\x02\x02\
\x00_\x00\x00\x00\x1fK\x05\x01\x03\x03\x01_\x04\x01\x01\
\x01 \x01L\x10\x10\x00\x00\x10\x1b\x10\x1a\x16\x14\x00\x0f\
\x00\x0e&\x06\x07\x15+\x16&&546632\
\x16\x16\x15\x14\x06\x06#6654&#\x22\x06\x15\
\x14\x163\xd2m;;mHHm;;mHC\
GHBBHGC\x07>sLMs>>s\
MLs>PXUTYYTUX\xff\xff\x00\
*\xff\xf9\x02\x0a\x02\xf3\x00\x22\x01k\x00\x00\x00\x03\x02\
\xbc\x01\xb0\x00\x00\xff\xff\x00*\xff\xf9\x02\x0a\x02\xe0\x00\
\x22\x01k\x00\x00\x00\x03\x02\xc1\x01\xb0\x00\x00\xff\xff\x00\
*\xff\xf9\x02\x0a\x02\xf3\x00\x22\x01k\x00\x00\x00\x03\x02\
\xbf\x01\xb0\x00\x00\xff\xff\x00*\xff\xf9\x02'\x03\x1e\x00\
\x22\x01k\x00\x00\x00\x03\x02\xfd\x01\xb0\x00\x00\xff\xff\x00\
*\xffE\x02\x0a\x02\xf3\x00\x22\x01k\x00\x00\x00#\x02\
\xca\x01\xb0\x00\x00\x00\x03\x02\xbf\x01\xb0\x00\x00\xff\xff\x00\
*\xff\xf9\x02\x0a\x03\x1e\x00\x22\x01k\x00\x00\x00\x03\x02\
\xfe\x01\xb0\x00\x00\xff\xff\x00*\xff\xf9\x02\x0a\x03#\x00\
\x22\x01k\x00\x00\x00\x03\x02\xff\x01\xb0\x00\x00\xff\xff\x00\
*\xff\xf9\x02\x0a\x03-\x00\x22\x01k\x00\x00\x00\x03\x03\
\x00\x01\xb0\x00\x00\xff\xff\x00*\xff\xf9\x02\x0a\x02\xf3\x00\
\x22\x01k\x00\x00\x00\x03\x02\xc6\x01\xb0\x00\x00\xff\xff\x00\
*\xff\xf9\x02\x0a\x02\xbf\x00\x22\x01k\x00\x00\x00\x03\x02\
\xb9\x01\xb0\x00\x00\xff\xff\x00*\xff\xf9\x02\x0a\x03p\x00\
\x22\x01k\x00\x00\x00#\x02\xb9\x01\xb0\x00\x00\x01\x07\x02\
\xc4\x01\xb0\x00\xc0\x00\x08\xb1\x04\x01\xb0\xc0\xb03+\xff\
\xff\x00*\xff\xf9\x02\x0a\x03p\x00\x22\x01k\x00\x00\x00\
#\x02\xba\x01\xb0\x00\x00\x01\x07\x02\xc4\x01\xb0\x00\xc0\x00\
\x08\xb1\x03\x01\xb0\xc0\xb03+\xff\xff\x00*\xffE\x02\
\x0a\x01\xf4\x00\x22\x01k\x00\x00\x00\x03\x02\xca\x01\xb0\x00\
\x00\xff\xff\x00*\xff\xf9\x02\x0a\x02\xf3\x00\x22\x01k\x00\
\x00\x00\x03\x02\xbb\x01\xb0\x00\x00\xff\xff\x00*\xff\xf9\x02\
\x0a\x02\xf6\x00\x22\x01k\x00\x00\x00\x03\x02\xc5\x01\xb0\x00\
\x00\x00\x02\x00*\xff\xf9\x02\x13\x02h\x00\x1b\x00'\x00\
mK\xb0!PX\xb5\x02\x01\x04\x01\x01J\x1b\xb5\x02\
\x01\x04\x02\x01JYK\xb0!PX@\x1c\x00\x03\x01\
\x03\x83\x00\x04\x04\x01_\x02\x01\x01\x01\x1fK\x06\x01\x05\
\x05\x00`\x00\x00\x00 \x00L\x1b@ \x00\x03\x01\x03\
\x83\x00\x02\x02\x17K\x00\x04\x04\x01_\x00\x01\x01\x1fK\
\x06\x01\x05\x05\x00`\x00\x00\x00 \x00LY@\x0e\x1c\
\x1c\x1c'\x1c&&\x13\x22&(\x07\x07\x19+\x00\x06\
\x07\x16\x16\x15\x14\x06\x06#\x22&&54663\
2\x17\x16326553\x15\x02654&#\
\x22\x06\x15\x14\x163\x02\x131,)+;mHH\
m;;mG\x13\x1e\x11\x09+,X\xb6GHB\
BHGC\x02\x16I\x10 g@Ls>>s\
LMs>\x04\x030;\x10\x1e\xfd\xffXUTY\
YTUX\x00\xff\xff\x00*\xff\xf9\x02\x13\x02\xf3\x00\
\x22\x01{\x00\x00\x00\x03\x02\xbc\x01\xb0\x00\x00\xff\xff\x00\
*\xffE\x02\x13\x02h\x00\x22\x01{\x00\x00\x00\x03\x02\
\xca\x01\xb0\x00\x00\xff\xff\x00*\xff\xf9\x02\x13\x02\xf3\x00\
\x22\x01{\x00\x00\x00\x03\x02\xbb\x01\xb0\x00\x00\xff\xff\x00\
*\xff\xf9\x02\x13\x02\xf6\x00\x22\x01{\x00\x00\x00\x03\x02\
\xc5\x01\xb0\x00\x00\xff\xff\x00*\xff\xf9\x02\x13\x02\xce\x00\
\x22\x01{\x00\x00\x00\x03\x02\xc3\x01\xb0\x00\x00\xff\xff\x00\
*\xff\xf9\x02\x0a\x02\xf3\x00\x22\x01k\x00\x00\x00\x03\x02\
\xbd\x01\xb0\x00\x00\xff\xff\x00*\xff\xf9\x02\x0a\x02\xdd\x00\
\x22\x01k\x00\x00\x00\x03\x02\xc7\x01\xb0\x00\x00\xff\xff\x00\
*\xff\xf9\x02\x0a\x02\xb0\x00\x22\x01k\x00\x00\x00\x03\x02\
\xc4\x01\xb0\x00\x00\xff\xff\x00*\xff\xf9\x02\x0a\x03\xb3\x00\
\x22\x01k\x00\x00\x00#\x02\xc4\x01\xb0\x00\x00\x01\x07\x02\
\xbc\x01\xb0\x00\xc0\x00\x08\xb1\x03\x01\xb0\xc0\xb03+\xff\
\xff\x00*\xff\xf9\x02\x0a\x03\xb3\x00\x22\x01k\x00\x00\x00\
#\x02\xc4\x01\xb0\x00\x00\x01\x07\x02\xbb\x01\xb0\x00\xc0\x00\
\x08\xb1\x03\x01\xb0\xc0\xb03+\x00\x02\x00*\xff>\x02\
\x0a\x01\xf4\x00\x1d\x00)\x009@6\x0f\x07\x02\x00\x04\
\x08\x01\x01\x00\x02J\x05\x01\x04\x03\x00\x03\x04\x00~\x00\
\x03\x03\x02_\x00\x02\x02\x1fK\x00\x00\x00\x01`\x00\x01\
\x01!\x01L\x1e\x1e\x1e)\x1e(+*#$\x06\x07\
\x18+\x04\x06\x15\x14\x16327\x17\x06#\x22&5\
47&&546632\x16\x16\x15\x14\x06\x07\
&654&#\x22\x06\x15\x14\x163\x01I%\x22\
\x1e\x19 \x10'25C\x22br;mHHm\
;QG\x15GHBBHGC\x06&\x1e\x1c \
\x106\x16;/2 \x09\x87lMs>>sM\
Z\x7f\x16BXUTYYTUX\x00\x00\x03\x00\
*\xff\xcd\x02\x0a\x02\x1f\x00\x17\x00\x1f\x00'\x00B@\
?\x17\x14\x02\x02\x01%$\x1a\x19\x04\x03\x02\x0b\x08\x02\
\x00\x03\x03J\x16\x15\x02\x01H\x0a\x09\x02\x00G\x00\x02\
\x02\x01_\x00\x01\x01\x1fK\x04\x01\x03\x03\x00_\x00\x00\
\x00 \x00L   ' &(*%\x05\x07\x17\
+\x00\x16\x15\x14\x06\x06#\x22'\x07'7&&5\
46632\x177\x17\x07\x00\x17\x13&#\x22\x06\
\x15\x16654'\x03\x163\x01\xde,;mH7\
-$6$*,;mH:*$7$\xfe\xda\
\x1f\xa6\x1b\x1fCH\xcfG\x1f\xa6\x18\x22\x01\xa0hB\
Ls>\x12>!=!hBMs>\x13> \
>\xfe\xe7-\x01\x1e\x0bZT\xadXUM-\xfe\xe3\
\x0a\xff\xff\x00*\xff\xcd\x02\x0a\x02\xf3\x00\x22\x01\x87\x00\
\x00\x00\x03\x02\xbc\x01\xb0\x00\x00\xff\xff\x00*\xff\xf9\x02\
\x0a\x02\xce\x00\x22\x01k\x00\x00\x00\x03\x02\xc3\x01\xb0\x00\
\x00\xff\xff\x00*\xff\xf9\x02\x0a\x03\xb3\x00\x22\x01k\x00\
\x00\x00#\x02\xc3\x01\xb0\x00\x00\x01\x07\x02\xbc\x01\xb0\x00\
\xc0\x00\x08\xb1\x03\x01\xb0\xc0\xb03+\xff\xff\x00*\xff\
\xf9\x02\x0a\x03\x7f\x00\x22\x01k\x00\x00\x00#\x02\xc3\x01\
\xb0\x00\x00\x01\x07\x02\xb9\x01\xb0\x00\xc0\x00\x08\xb1\x03\x02\
\xb0\xc0\xb03+\xff\xff\x00*\xff\xf9\x02\x0a\x03p\x00\
\x22\x01k\x00\x00\x00#\x02\xc3\x01\xb0\x00\x00\x01\x07\x02\
\xc4\x01\xb0\x00\xc0\x00\x08\xb1\x03\x01\xb0\xc0\xb03+\x00\
\x03\x00*\xff\xf9\x03^\x01\xf4\x00 \x00'\x003\x00\
\x9fK\xb0!PX@\x0f\x1a\x01\x06\x07\x0c\x05\x02\x01\
\x00\x06\x01\x02\x01\x03J\x1b@\x0f\x1a\x01\x06\x08\x0c\x05\
\x02\x01\x00\x06\x01\x02\x01\x03JYK\xb0!PX@\
#\x00\x06\x00\x00\x01\x06\x00e\x08\x0a\x02\x07\x07\x04_\
\x05\x01\x04\x04\x1fK\x0b\x09\x02\x01\x01\x02_\x03\x01\x02\
\x02 \x02L\x1b@-\x00\x06\x00\x00\x01\x06\x00e\x0a\
\x01\x07\x07\x04_\x05\x01\x04\x04\x1fK\x00\x08\x08\x04_\
\x05\x01\x04\x04\x1fK\x0b\x09\x02\x01\x01\x02_\x03\x01\x02\
\x02 \x02LY@\x18((!!(3(2.\
,!'!&\x15$&$$!\x10\x0c\x07\x1b+\
%!\x16327\x17\x06\x06#\x22&'\x06\x06#\
\x22&&546632\x16\x176632\x16\
\x15$\x06\x073&&#\x00654&#\x22\x06\
\x15\x14\x163\x03^\xfe\xab\x0a\x8aRH\x1f\x22d3\
Ed\x1d\x1db@Gl;;lG@b\x1d\x1d\
`=^o\xfe\xf8F\x07\xfd\x02>7\xfe\xccGG\
BAHGB\xe3\x9b7G\x1d\x225225>\
sLMs>6217\x82o\xa7JCDI\
\xfe\x9fXUTYYTUX\x00\x00\x02\x00F\xff\
L\x02%\x01\xf4\x00\x12\x00\x1e\x00h\xb6\x0f\x0a\x02\x05\
\x04\x01JK\xb0\x15PX@\x1d\x00\x04\x04\x02_\x06\
\x03\x02\x02\x02\x17K\x07\x01\x05\x05\x00_\x00\x00\x00 \
K\x00\x01\x01\x19\x01L\x1b@!\x00\x02\x02\x17K\x00\
\x04\x04\x03_\x06\x01\x03\x03\x1fK\x07\x01\x05\x05\x00_\
\x00\x00\x00 K\x00\x01\x01\x19\x01LY@\x14\x13\x13\
\x00\x00\x13\x1e\x13\x1d\x19\x17\x00\x12\x00\x11\x11\x13&\x08\
\x07\x17+\x00\x16\x16\x15\x14\x06\x06#\x22&'\x11#\
\x113\x15663\x12654&#\x22\x06\x15\x14\
\x163\x01\x8bc76c@7T\x16ee\x16T\
7*HIABGGB\x01\xf4@tLKr\
>/,\xfe\xf8\x02\x9cP,0\xfeUYRS\x5c\
ZSSZ\x00\x00\x02\x00F\xffL\x02%\x02\xc1\x00\
\x12\x00\x1e\x00?@<\x0f\x0a\x02\x05\x04\x01J\x00\x02\
\x02\x14K\x00\x04\x04\x03_\x06\x01\x03\x03\x1fK\x07\x01\
\x05\x05\x00_\x00\x00\x00 K\x00\x01\x01\x19\x01L\x13\
\x13\x00\x00\x13\x1e\x13\x1d\x19\x17\x00\x12\x00\x11\x11\x13&\
\x08\x07\x17+\x00\x16\x16\x15\x14\x06\x06#\x22&'\x11\
#\x113\x11663\x12654&#\x22\x06\x15\
\x14\x163\x01\x8ac87c?7T\x16ee\x16\
T7*HHBBGGB\x01\xf4?tMM\
r</,\xfe\xf8\x03u\xfe\xd7,0\xfeUZQ\
R]ZSSZ\x00\x00\x02\x00*\xffL\x02\x08\x01\
\xf4\x00\x12\x00\x1e\x00h\xb6\x11\x03\x02\x05\x04\x01JK\
\xb0\x15PX@\x1d\x00\x04\x04\x02_\x06\x03\x02\x02\x02\
\x1fK\x07\x01\x05\x05\x01_\x00\x01\x01 K\x00\x00\x00\
\x19\x00L\x1b@!\x06\x01\x03\x03\x17K\x00\x04\x04\x02\
_\x00\x02\x02\x1fK\x07\x01\x05\x05\x01_\x00\x01\x01 \
K\x00\x00\x00\x19\x00LY@\x14\x13\x13\x00\x00\x13\x1e\
\x13\x1d\x19\x17\x00\x12\x00\x12&#\x11\x08\x07\x17+\x01\
\x11#\x11\x06\x06#\x22&&546632\x16\
\x175\x02654&#\x22\x06\x15\x14\x163\x02\x08\
e\x16S7@c67c?7T\x16GGG\
BAJIB\x01\xe8\xfdd\x01\x06+.>rK\
Lt@0,P\xfeaZSSZ]RRY\
\x00\x00\x01\x00F\x00\x00\x01o\x01\xf4\x00\x0c\x00O\xb5\
\x09\x01\x00\x01\x01JK\xb0\x15PX@\x0c\x02\x01\x01\
\x01\x17K\x00\x00\x00\x15\x00L\x1bK\xb0-PX@\
\x10\x00\x02\x02\x17K\x00\x01\x01\x17K\x00\x00\x00\x15\x00\
L\x1b@\x10\x00\x02\x01\x02\x83\x00\x01\x01\x17K\x00\x00\
\x00\x15\x00LYY\xb5\x13\x11\x15\x03\x07\x17+\x01\x07\
\x06\x06\x15\x11#\x113\x15677\x01o=H?\
eb'x!\x01\x9f\x06\x07J9\xfe\xf1\x01\xe8U\
V\x09\x02\xff\xff\x00F\x00\x00\x01\x8a\x02\xf3\x00\x22\x01\
\x91\x00\x00\x00\x03\x02\xbc\x01r\x00\x00\xff\xff\x00B\x00\
\x00\x01v\x02\xf3\x00\x22\x01\x91\x00\x00\x00\x03\x02\xc0\x01\
r\x00\x00\xff\xff\x00@\xfe\xf8\x01o\x01\xf4\x00\x22\x01\
\x91\x00\x00\x00\x03\x02\xcc\x01\x0f\x00\x00\xff\xff\x007\x00\
\x00\x01o\x02\xf3\x00\x22\x01\x91\x00\x00\x00\x03\x02\xc6\x01\
r\x00\x00\xff\xff\x00D\xffE\x01o\x01\xf4\x00\x22\x01\
\x91\x00\x00\x00\x03\x02\xca\x01\x0f\x00\x00\xff\xff\x001\x00\
\x00\x01\x87\x02\xdd\x00\x22\x01\x91\x00\x00\x00\x03\x02\xc7\x01\
r\x00\x00\xff\xff\xff\xe1\xffV\x01o\x01\xf4\x00\x22\x01\
\x91\x00\x00\x00\x03\x02\xd0\x01\x0f\x00\x00\x00\x01\x00'\xff\
\xf9\x01\xb8\x01\xf4\x00$\x004@1\x14\x01\x02\x01\x15\
\x02\x02\x00\x02\x01\x01\x03\x00\x03J\x00\x02\x02\x01_\x00\
\x01\x01\x1fK\x00\x00\x00\x03_\x04\x01\x03\x03 \x03L\
\x00\x00\x00$\x00#$+#\x05\x07\x17+\x16'7\
\x1632654&''&&54632\
\x16\x17\x07&#\x22\x06\x15\x14\x16\x17\x17\x16\x16\x15\x14\
\x06#sL\x1fKd14#+QABkW\
4^\x22\x1fHM.5!$SGBk[\x07\
>I:!\x1e\x1a\x1e\x0a\x12\x0fD4BR!\x1e\
G9$\x1f\x19\x1f\x08\x13\x10C6BM\xff\xff\x00\
'\xff\xf9\x01\xb8\x02\xf3\x00\x22\x01\x99\x00\x00\x00\x03\x02\
\xbc\x01\x90\x00\x00\xff\xff\x00'\xff\xf9\x01\xb8\x02\xf3\x00\
\x22\x01\x99\x00\x00\x00#\x02\xbc\x01\x98\x00\x00\x01\x07\x02\
\xba\x01/\x000\x00\x08\xb1\x02\x01\xb00\xb03+\xff\
\xff\x00'\xff\xf9\x01\xb8\x02\xf3\x00\x22\x01\x99\x00\x00\x00\
\x03\x02\xc0\x01\x90\x00\x00\xff\xff\x00'\xff\xf9\x01\xb8\x03\
\x82\x00\x22\x01\x99\x00\x00\x00#\x02\xc0\x01\x90\x00\x00\x01\
\x07\x02\xba\x01\x90\x00\xc0\x00\x08\xb1\x02\x01\xb0\xc0\xb03\
+\x00\x01\x00'\xff>\x01\xb8\x01\xf4\x00<\x00\xb6@\
\x1d/\x01\x07\x060\x1d\x02\x05\x07\x1c\x01\x00\x05\x19\x03\
\x02\x04\x01\x18\x0f\x02\x03\x04\x0e\x01\x02\x03\x06JK\xb0\
\x0bPX@'\x00\x01\x00\x04\x03\x01\x04g\x00\x07\x07\
\x06_\x00\x06\x06\x1fK\x00\x05\x05\x00_\x00\x00\x00 \
K\x00\x03\x03\x02_\x00\x02\x02!\x02L\x1bK\xb0\x0d\
PX@'\x00\x01\x00\x04\x03\x01\x04g\x00\x07\x07\x06\
_\x00\x06\x06\x1fK\x00\x05\x05\x00_\x00\x00\x00\x1dK\
\x00\x03\x03\x02_\x00\x02\x02!\x02L\x1b@'\x00\x01\
\x00\x04\x03\x01\x04g\x00\x07\x07\x06_\x00\x06\x06\x1fK\
\x00\x05\x05\x00_\x00\x00\x00 K\x00\x03\x03\x02_\x00\
\x02\x02!\x02LYY@\x0b$+'#$$\x22\
\x11\x08\x07\x1c+$\x06\x07\x07632\x16\x15\x14\x06\
#\x22&'7\x1632654#\x22\x07'7\
&'7\x1632654&''&&54\
632\x16\x17\x07&#\x22\x06\x15\x14\x16\x17\x17\x16\
\x16\x15\x01\xb8_S\x05\x0e\x07\x22,@9\x152\x13\
\x0d%'\x19\x1c#\x12\x18\x14\x08b=\x1fKd1\
4#+QABkW4^\x22\x1fHM.5\
!$SGBJL\x05$\x02#\x22%/\x0a\x09\
/\x0e\x10\x10\x19\x08\x11G\x093I:!\x1e\x1a\x1e\
\x0a\x12\x0fD4BR!\x1eG9$\x1f\x19\x1f\x08\
\x13\x10C6\x00\xff\xff\x00'\xff\xf9\x01\xb8\x02\xf3\x00\
\x22\x01\x99\x00\x00\x00\x03\x02\xbf\x01\x90\x00\x00\xff\xff\x00\
'\xfe\xf8\x01\xb8\x01\xf4\x00\x22\x01\x99\x00\x00\x00\x03\x02\
\xcc\x01\x86\x00\x00\xff\xff\x00'\xff\xf9\x01\xb8\x02\xc2\x00\
\x22\x01\x99\x00\x00\x00\x03\x02\xba\x01\x90\x00\x00\xff\xff\x00\
'\xffE\x01\xb8\x01\xf4\x00\x22\x01\x99\x00\x00\x00\x03\x02\
\xca\x01\x86\x00\x00\xff\xff\x00'\xffE\x01\xb8\x02\xc2\x00\
\x22\x01\x99\x00\x00\x00#\x02\xca\x01\x86\x00\x00\x00\x03\x02\
\xba\x01\x90\x00\x00\x00\x01\x00F\xff\xf9\x02^\x02\xc7\x00\
4\x00iK\xb0!PX@\x0a\x1a\x01\x02\x03\x19\x01\
\x01\x02\x02J\x1b@\x0a\x1a\x01\x02\x03\x19\x01\x04\x02\x02\
JYK\xb0!PX@\x16\x00\x03\x03\x00_\x00\x00\
\x00\x1cK\x00\x02\x02\x01_\x04\x01\x01\x01 \x01L\x1b\
@\x1a\x00\x03\x03\x00_\x00\x00\x00\x1cK\x00\x04\x04\x15\
K\x00\x02\x02\x01_\x00\x01\x01 \x01LY@\x0c4\
30.\x1d\x1b\x17\x15\x22\x05\x07\x15+\x13463\
2\x16\x15\x14\x06\x07\x06\x06\x15\x14\x16\x17\x1e\x02\x15\x14\
\x06#\x22&'7\x1636654&'.\x02\
54676654&#\x22\x06\x15\x11#F\
~sT_($\x1b\x19/3-;*gU6\
d#\x1fPO,024.9($#\x1e\x1c\
-*AHe\x01\xd3t\x80H@):!\x1a!\
\x13\x1c\x1e\x13\x0f\x1f8,CR!\x1dI9\x01!\
\x1f\x1e!\x11\x10\x1c4*$5\x22\x1d'\x18\x1f\x22\
PI\xfe\x1f\x00\x00\x01\x00\x06\xff\xf9\x01Z\x02{\x00\
\x14\x009@6\x01\x01\x06\x01\x02\x01\x00\x06\x02J\x00\
\x03\x02\x03\x83\x05\x01\x01\x01\x02]\x04\x01\x02\x02\x17K\
\x07\x01\x06\x06\x00`\x00\x00\x00 \x00L\x00\x00\x00\x14\
\x00\x13\x11\x11\x11\x11\x13#\x08\x07\x1a+$7\x07\x06\
#\x22&55#5353\x153\x15#\x15\x14\
3\x01D\x16\x05\x19\x1b_]__e\x86\x86cG\
\x03M\x04]X\xecN\x93\x93N\xe8k\x00\x00\x01\x00\
\x0b\xff\xf9\x01_\x02{\x00\x1c\x00H@E\x01\x01\x0a\
\x01\x02\x01\x00\x0a\x02J\x00\x05\x04\x05\x83\x08\x01\x02\x09\
\x01\x01\x0a\x02\x01e\x07\x01\x03\x03\x04]\x06\x01\x04\x04\
\x17K\x0b\x01\x0a\x0a\x00`\x00\x00\x00 \x00L\x00\x00\
\x00\x1c\x00\x1b\x19\x18\x11\x11\x11\x11\x11\x11\x11\x13#\x0c\
\x07\x1d+$7\x07\x06#\x22&55#535\
#5353\x153\x15#\x153\x15#\x15\x143\
\x01I\x16\x05\x19\x1b_]KK__e\x86\x86r\
rcG\x03M\x04]XDJ^N\x93\x93N^\
J@k\x00\x02\x00\x06\xff\xf9\x01Z\x02\xc1\x00\x03\x00\
\x18\x00T@Q\x05\x01\x08\x03\x06\x01\x02\x08\x02J\x00\
\x05\x01\x00\x01\x05\x00~\x00\x00\x00\x01]\x09\x01\x01\x01\
\x14K\x07\x01\x03\x03\x04]\x06\x01\x04\x04\x17K\x0a\x01\
\x08\x08\x02`\x00\x02\x02 \x02L\x04\x04\x00\x00\x04\x18\
\x04\x17\x15\x14\x13\x12\x11\x10\x0f\x0e\x0d\x0c\x09\x07\x00\x03\
\x00\x03\x11\x0b\x07\x15+\x01\x07#5\x127\x07\x06#\
\x22&55#5353\x153\x15#\x15\x143\
\x01O\x1c8I\x16\x05\x19\x1b_]__e\x86\x86\
c\x02\xc1\xab\xab\xfd\x86\x03M\x04]X\xecN\x93\x93\
N\xe8k\x00\x01\x00\x06\xff>\x01Z\x02{\x00-\x00\
`@]%\x01\x08\x03*&\x14\x03\x09\x08+\x13\x02\
\x02\x0a\x12\x09\x02\x01\x02\x08\x01\x00\x01\x05J\x00\x05\x04\
\x05\x83\x0b\x01\x0a\x00\x02\x01\x0a\x02g\x07\x01\x03\x03\x04\
]\x06\x01\x04\x04\x17K\x00\x08\x08\x09_\x00\x09\x09 \
K\x00\x01\x01\x00_\x00\x00\x00!\x00L\x00\x00\x00-\
\x00,)'\x22\x11\x11\x11\x11\x16#$$\x0c\x07\x1d\
+\x04\x16\x15\x14\x06#\x22&'7\x163265\
4#\x22\x07'7&55#5353\x153\
\x15#\x15\x14327\x07\x06#\x22'\x0763\x01\
*,@9\x152\x13\x0d%'\x19\x1c#\x12\x18\x14\
\x0aU__e\x86\x86c\x17\x16\x05\x19\x1b\x0f\x1a\x05\
\x0e\x07)#\x22%/\x0a\x09/\x0e\x10\x10\x19\x08\x11\
Y(y\xecN\x93\x93N\xe8k\x03M\x04\x02&\x02\
\x00\xff\xff\x00\x06\xfe\xf8\x01Z\x02{\x00\x22\x01\xa5\x00\
\x00\x00\x03\x02\xcc\x01x\x00\x00\xff\xff\x00\x06\xff\xf9\x01\
Z\x036\x00\x22\x01\xa5\x00\x00\x01\x07\x02\xd2\x01-\xff\
\xba\x00\x09\xb1\x01\x02\xb8\xff\xba\xb03+\x00\xff\xff\x00\
\x06\xffE\x01Z\x02{\x00\x22\x01\xa5\x00\x00\x00\x03\x02\
\xca\x01x\x00\x00\xff\xff\x00\x06\xffV\x01z\x02{\x00\
\x22\x01\xa5\x00\x00\x00\x03\x02\xd0\x01x\x00\x00\x00\x01\x00\
D\xff\xf9\x01\xf2\x01\xe8\x00\x12\x00L\xb5\x03\x01\x03\x02\
\x01JK\xb0!PX@\x13\x05\x04\x02\x02\x02\x17K\
\x00\x03\x03\x00`\x01\x01\x00\x00\x15\x00L\x1b@\x17\x05\
\x04\x02\x02\x02\x17K\x00\x00\x00\x15K\x00\x03\x03\x01`\
\x00\x01\x01 \x01LY@\x0d\x00\x00\x00\x12\x00\x12#\
\x12#\x11\x06\x07\x18+\x01\x11#5\x06\x06#\x225\
\x113\x11\x14\x163265\x11\x01\xf2b\x17Q2\
\xb2e02;G\x01\xe8\xfe\x18O*,\xc4\x01+\
\xfe\xd6;8L?\x01\x12\x00\xff\xff\x00D\xff\xf9\x01\
\xf2\x02\xf3\x00\x22\x01\xad\x00\x00\x00\x03\x02\xbc\x01\xb2\x00\
\x00\xff\xff\x00D\xff\xf9\x01\xf2\x02\xe0\x00\x22\x01\xad\x00\
\x00\x00\x03\x02\xc1\x01\xb2\x00\x00\xff\xff\x00D\xff\xf9\x01\
\xf2\x02\xf3\x00\x22\x01\xad\x00\x00\x00\x03\x02\xbf\x01\xb2\x00\
\x00\xff\xff\x00D\xff\xf9\x01\xf2\x02\xf3\x00\x22\x01\xad\x00\
\x00\x00\x03\x02\xc6\x01\xb2\x00\x00\xff\xff\x00D\xff\xf9\x01\
\xf2\x02\xbf\x00\x22\x01\xad\x00\x00\x00\x03\x02\xb9\x01\xb2\x00\
\x00\xff\xff\x00D\xffE\x01\xf2\x01\xe8\x00\x22\x01\xad\x00\
\x00\x00\x03\x02\xca\x01\xb2\x00\x00\xff\xff\x00D\xff\xf9\x01\
\xf2\x02\xf3\x00\x22\x01\xad\x00\x00\x00\x03\x02\xbb\x01\xb2\x00\
\x00\xff\xff\x00D\xff\xf9\x01\xf2\x02\xf6\x00\x22\x01\xad\x00\
\x00\x00\x03\x02\xc5\x01\xb2\x00\x00\x00\x01\x00D\xff\xf9\x02\
f\x02h\x00\x1b\x00X\xb6\x07\x04\x02\x03\x02\x01JK\
\xb0!PX@\x18\x06\x01\x05\x02\x05\x83\x04\x01\x02\x02\
\x17K\x00\x03\x03\x00`\x01\x01\x00\x00\x15\x00L\x1b@\
\x1c\x06\x01\x05\x02\x05\x83\x04\x01\x02\x02\x17K\x00\x00\x00\
\x15K\x00\x03\x03\x01`\x00\x01\x01 \x01LY@\x0e\
\x00\x00\x00\x1b\x00\x1b##\x12#\x15\x07\x07\x19+\x01\
\x15\x14\x06\x07\x11#5\x06\x06#\x225\x113\x11\x14\
\x163265\x1132655\x02f>6b\
\x17Q2\xb2e02;G\x1d5.\x02h\x1e<\
N\x0a\xfeJO*,\xc4\x01+\xfe\xd6;8L?\
\x01\x124<\x10\xff\xff\x00D\xff\xf9\x02f\x02\xf3\x00\
\x22\x01\xb6\x00\x00\x00\x03\x02\xbc\x01\xb2\x00\x00\xff\xff\x00\
D\xffE\x02f\x02h\x00\x22\x01\xb6\x00\x00\x00\x03\x02\
\xca\x01\xb2\x00\x00\xff\xff\x00D\xff\xf9\x02f\x02\xf3\x00\
\x22\x01\xb6\x00\x00\x00\x03\x02\xbb\x01\xb2\x00\x00\xff\xff\x00\
D\xff\xf9\x02f\x02\xf6\x00\x22\x01\xb6\x00\x00\x00\x03\x02\
\xc5\x01\xb2\x00\x00\xff\xff\x00D\xff\xf9\x02f\x02\xce\x00\
\x22\x01\xb6\x00\x00\x00\x03\x02\xc3\x01\xb2\x00\x00\xff\xff\x00\
D\xff\xf9\x01\xf2\x02\xf3\x00\x22\x01\xad\x00\x00\x00\x03\x02\
\xbd\x01\xb2\x00\x00\xff\xff\x00D\xff\xf9\x01\xf2\x02\xdd\x00\
\x22\x01\xad\x00\x00\x00\x03\x02\xc7\x01\xb2\x00\x00\xff\xff\x00\
D\xff\xf9\x01\xf2\x02\xb0\x00\x22\x01\xad\x00\x00\x00\x03\x02\
\xc4\x01\xb2\x00\x00\xff\xff\x00D\xff\xf9\x01\xf2\x03\x7f\x00\
\x22\x01\xad\x00\x00\x00#\x02\xc4\x01\xb2\x00\x00\x01\x07\x02\
\xb9\x01\xb2\x00\xc0\x00\x08\xb1\x02\x02\xb0\xc0\xb03+\x00\
\x01\x00D\xff>\x02\x1d\x01\xe8\x00#\x00{K\xb0!\
PX@\x0e\x09\x01\x03\x02\x08\x01\x01\x03#\x01\x06\x01\
\x03J\x1b@\x0e\x09\x01\x03\x02\x08\x01\x05\x03#\x01\x06\
\x01\x03JYK\xb0!PX@\x1c\x04\x01\x02\x02\x17\
K\x00\x03\x03\x01`\x05\x01\x01\x01 K\x00\x06\x06\x00\
_\x00\x00\x00!\x00L\x1b@ \x04\x01\x02\x02\x17K\
\x00\x05\x05\x15K\x00\x03\x03\x01`\x00\x01\x01 K\x00\
\x06\x06\x00_\x00\x00\x00!\x00LY@\x0a$!\x13\
#\x12(!\x07\x07\x1b+\x05\x06#\x22&546\
75\x06\x06#\x225\x113\x11\x14\x163265\
\x113\x11#\x22\x06\x15\x14\x16327\x02\x1d'3\
5C$!\x17Q2\xb2e02;Ge\x06'\
1!\x1f\x18 \xac\x16</\x228\x12:*,\xc4\
\x01+\xfe\xd6;8L?\x01\x12\xfe\x18)!\x1d\x1f\
\x10\xff\xff\x00D\xff\xf9\x01\xf2\x02\xf3\x00\x22\x01\xad\x00\
\x00\x00\x03\x02\xc2\x01\xb2\x00\x00\xff\xff\x00D\xff\xf9\x01\
\xf2\x02\xce\x00\x22\x01\xad\x00\x00\x00\x03\x02\xc3\x01\xb2\x00\
\x00\xff\xff\x00D\xff\xf9\x01\xf2\x03\xb3\x00\x22\x01\xad\x00\
\x00\x00#\x02\xc3\x01\xb2\x00\x00\x01\x07\x02\xbc\x01\xb2\x00\
\xc0\x00\x08\xb1\x02\x01\xb0\xc0\xb03+\x00\x01\x00\x04\x00\
\x00\x02\x05\x01\xe7\x00\x06\x00\x1b@\x18\x06\x01\x01\x00\x01\
J\x02\x01\x00\x00\x17K\x00\x01\x01\x15\x01L\x11\x11\x10\
\x03\x07\x17+\x013\x03#\x033\x13\x01\xa0e\xd4[\
\xd2j\x98\x01\xe7\xfe\x19\x01\xe7\xfe\x8b\x00\x01\x00\x11\x00\
\x00\x03?\x01\xe8\x00\x0c\x00!@\x1e\x0c\x09\x04\x03\x01\
\x00\x01J\x04\x03\x02\x00\x00\x17K\x02\x01\x01\x01\x15\x01\
L\x12\x11\x12\x11\x10\x05\x07\x19+\x013\x03#\x03\x03\
#\x033\x13\x133\x13\x02\xdbd\xbb[\x81\x81\x5c\xba\
i\x84\x85O\x85\x01\xe8\xfe\x18\x01]\xfe\xa3\x01\xe8\xfe\
\x91\x01o\xfe\x8f\xff\xff\x00\x11\x00\x00\x03?\x02\xf3\x00\
\x22\x01\xc5\x00\x00\x00\x03\x02\xbc\x02>\x00\x00\xff\xff\x00\
\x11\x00\x00\x03?\x02\xf3\x00\x22\x01\xc5\x00\x00\x00\x03\x02\
\xbf\x02>\x00\x00\xff\xff\x00\x11\x00\x00\x03?\x02\xbf\x00\
\x22\x01\xc5\x00\x00\x00\x03\x02\xb9\x02>\x00\x00\xff\xff\x00\
\x11\x00\x00\x03?\x02\xf3\x00\x22\x01\xc5\x00\x00\x00\x03\x02\
\xbb\x02>\x00\x00\x00\x01\x00\x00\x00\x00\x02\x0d\x01\xe8\x00\
\x0b\x00\x1f@\x1c\x09\x06\x03\x03\x00\x02\x01J\x03\x01\x02\
\x02\x17K\x01\x01\x00\x00\x15\x00L\x12\x12\x12\x11\x04\x07\
\x18+%\x17#'\x07#7'3\x1773\x01A\
\xccy\x8e\x8dy\xcc\xc1z\x81\x82y\xfb\xfb\xb2\xb2\xfb\
\xed\xa5\xa5\x00\x01\x00\x04\xffL\x02\x05\x01\xe7\x00\x07\x00\
\x1c@\x19\x07\x04\x02\x01\x00\x01J\x02\x01\x00\x00\x17K\
\x00\x01\x01\x19\x01L\x12\x11\x10\x03\x07\x17+\x013\x01\
#7\x033\x13\x01\xa0e\xfe\xddfU\xcdj\x98\x01\
\xe7\xfde\xc0\x01\xdb\xfe\x8b\x00\xff\xff\x00\x04\xffL\x02\
\x05\x02\xf3\x00\x22\x01\xcb\x00\x00\x00\x03\x02\xbc\x01\x9a\x00\
\x00\xff\xff\x00\x04\xffL\x02\x05\x02\xf3\x00\x22\x01\xcb\x00\
\x00\x00\x03\x02\xbf\x01\x9a\x00\x00\xff\xff\x00\x04\xffL\x02\
\x05\x02\xbf\x00\x22\x01\xcb\x00\x00\x00\x03\x02\xb9\x01\x9a\x00\
\x00\xff\xff\x00\x04\xffL\x02\x05\x02\xc2\x00\x22\x01\xcb\x00\
\x00\x00\x03\x02\xba\x01\x9a\x00\x00\xff\xff\x00\x04\xffE\x02\
\x05\x01\xe7\x00\x22\x01\xcb\x00\x00\x00\x03\x02\xca\x02%\x00\
\x00\xff\xff\x00\x04\xffL\x02\x05\x02\xf3\x00\x22\x01\xcb\x00\
\x00\x00\x03\x02\xbb\x01\x9a\x00\x00\xff\xff\x00\x04\xffL\x02\
\x05\x02\xf6\x00\x22\x01\xcb\x00\x00\x00\x03\x02\xc5\x01\x9a\x00\
\x00\xff\xff\x00\x04\xffL\x02\x05\x02\xb0\x00\x22\x01\xcb\x00\
\x00\x00\x03\x02\xc4\x01\x9a\x00\x00\xff\xff\x00\x04\xffL\x02\
\x05\x02\xce\x00\x22\x01\xcb\x00\x00\x00\x03\x02\xc3\x01\x9a\x00\
\x00\x00\x01\x000\x00\x00\x01\xd2\x01\xe8\x00\x09\x00)@\
&\x09\x01\x02\x03\x04\x01\x01\x00\x02J\x00\x02\x02\x03]\
\x00\x03\x03\x17K\x00\x00\x00\x01]\x00\x01\x01\x15\x01L\
\x11\x12\x11\x10\x04\x07\x18+7!\x15!5\x01!5\
!\x15\xaa\x01(\xfe^\x01\x1e\xfe\xea\x01\x90NNF\
\x01TNG\x00\xff\xff\x000\x00\x00\x01\xd2\x02\xf3\x00\
\x22\x01\xd5\x00\x00\x00\x03\x02\xbc\x01\x98\x00\x00\xff\xff\x00\
0\x00\x00\x01\xd2\x02\xf3\x00\x22\x01\xd5\x00\x00\x00\x03\x02\
\xc0\x01\x98\x00\x00\xff\xff\x000\x00\x00\x01\xd2\x02\xc2\x00\
\x22\x01\xd5\x00\x00\x00\x03\x02\xba\x01\x98\x00\x00\xff\xff\x00\
0\xffE\x01\xd2\x01\xe8\x00\x22\x01\xd5\x00\x00\x00\x03\x02\
\xca\x01\x91\x00\x00\xff\xff\x00F\xffH\x02\x19\x02\xf3\x00\
\x22\x01@\x00\x00\x00#\x02\xbc\x01\x0f\x00\x00\x00#\x01\
P\x00\xf2\x00\x00\x00\x03\x02\xbc\x02\x01\x00\x00\x00\x02\x00\
*\xff\xf9\x02\x08\x01\xf4\x00\x12\x00\x1e\x00\x8a\xb6\x11\x03\
\x02\x05\x04\x01JK\xb0\x15PX@\x19\x00\x04\x04\x02\
_\x06\x03\x02\x02\x02\x1fK\x07\x01\x05\x05\x00_\x01\x01\
\x00\x00\x15\x00L\x1bK\xb0!PX@\x1d\x06\x01\x03\
\x03\x17K\x00\x04\x04\x02_\x00\x02\x02\x1fK\x07\x01\x05\
\x05\x00_\x01\x01\x00\x00\x15\x00L\x1b@!\x06\x01\x03\
\x03\x17K\x00\x04\x04\x02_\x00\x02\x02\x1fK\x00\x00\x00\
\x15K\x07\x01\x05\x05\x01_\x00\x01\x01 \x01LYY\
@\x14\x13\x13\x00\x00\x13\x1e\x13\x1d\x19\x17\x00\x12\x00\x12\
&#\x11\x08\x07\x17+\x01\x11#5\x06\x06#\x22&\
&546632\x16\x175\x02654&#\
\x22\x06\x15\x14\x163\x02\x08d\x16T7@c67\
c?7T\x16GGGBAJIB\x01\xe8\xfe\
\x18T,/>rKLt@0,P\xfeaZ\
SSZ]RRY\xff\xff\x00*\xff\xf9\x02\x08\x02\
\xf3\x00\x22\x01\xdb\x00\x00\x00\x03\x02\xbc\x01\xbe\x00\x00\xff\
\xff\x00*\xff\xf9\x02\x08\x02\xe0\x00\x22\x01\xdb\x00\x00\x00\
\x03\x02\xc1\x01\xbe\x00\x00\xff\xff\x00*\xff\xf9\x02\x08\x03\
\x1e\x00\x22\x01\xdb\x00\x00\x00\x03\x02\xf9\x01\xbe\x00\x00\xff\
\xff\x00*\xffE\x02\x08\x02\xe0\x00\x22\x01\xdb\x00\x00\x00\
#\x02\xca\x01\xbe\x00\x00\x00\x03\x02\xc1\x01\xbe\x00\x00\xff\
\xff\x00*\xff\xf9\x02\x08\x03\x1e\x00\x22\x01\xdb\x00\x00\x00\
\x03\x02\xfa\x01\xbe\x00\x00\xff\xff\x00*\xff\xf9\x02\x08\x03\
#\x00\x22\x01\xdb\x00\x00\x00\x03\x02\xfb\x01\xbe\x00\x00\xff\
\xff\x00*\xff\xf9\x02\x08\x03%\x00\x22\x01\xdb\x00\x00\x00\
\x03\x02\xfc\x01\xbe\x00\x00\xff\xff\x00*\xff\xf9\x02\x08\x02\
\xf3\x00\x22\x01\xdb\x00\x00\x00\x03\x02\xc0\x01\xbe\x00\x00\xff\
\xff\x00*\xff\xf9\x02\x08\x02\xf3\x00\x22\x01\xdb\x00\x00\x00\
\x03\x02\xbf\x01\xbe\x00\x00\xff\xff\x00*\xff\xf9\x025\x03\
\x1e\x00\x22\x01\xdb\x00\x00\x00\x03\x02\xfd\x01\xbe\x00\x00\xff\
\xff\x00*\xffE\x02\x08\x02\xf3\x00\x22\x01\xdb\x00\x00\x00\
#\x02\xca\x01\xbe\x00\x00\x00\x03\x02\xbf\x01\xbe\x00\x00\xff\
\xff\x00*\xff\xf9\x02\x08\x03\x1e\x00\x22\x01\xdb\x00\x00\x00\
\x03\x02\xfe\x01\xbe\x00\x00\xff\xff\x00*\xff\xf9\x02\x09\x03\
#\x00\x22\x01\xdb\x00\x00\x00\x03\x02\xff\x01\xbe\x00\x00\xff\
\xff\x00*\xff\xf9\x02\x08\x03-\x00\x22\x01\xdb\x00\x00\x00\
\x03\x03\x00\x01\xbe\x00\x00\xff\xff\x00*\xff\xf9\x02\x08\x02\
\xf3\x00\x22\x01\xdb\x00\x00\x00\x03\x02\xc6\x01\xbe\x00\x00\xff\
\xff\x00*\xff\xf9\x02\x08\x02\xbf\x00\x22\x01\xdb\x00\x00\x00\
\x03\x02\xb9\x01\xbe\x00\x00\xff\xff\x00*\xff\xf9\x02\x08\x02\
\xc2\x00\x22\x01\xdb\x00\x00\x00\x03\x02\xba\x01\xbe\x00\x00\xff\
\xff\x00*\xffE\x02\x08\x01\xf4\x00\x22\x01\xdb\x00\x00\x00\
\x03\x02\xca\x01\xbe\x00\x00\xff\xff\x00*\xff\xf9\x02\x08\x02\
\xf3\x00\x22\x01\xdb\x00\x00\x00\x03\x02\xbb\x01\xbe\x00\x00\xff\
\xff\x00*\xff\xf9\x02\x08\x02\xf6\x00\x22\x01\xdb\x00\x00\x00\
\x03\x02\xc5\x01\xbe\x00\x00\xff\xff\x00*\xff\xf9\x02\x08\x02\
\xdd\x00\x22\x01\xdb\x00\x00\x00\x03\x02\xc7\x01\xbe\x00\x00\xff\
\xff\x00*\xff\xf9\x02\x08\x02\xb0\x00\x22\x01\xdb\x00\x00\x00\
\x03\x02\xc4\x01\xbe\x00\x00\x00\x02\x00*\xff>\x023\x01\
\xf4\x00#\x00/\x00\xc2K\xb0!PX@\x0f\x17\x09\
\x02\x07\x06\x08\x01\x01\x07#\x01\x05\x01\x03J\x1b@\x0f\
\x17\x09\x02\x07\x06\x08\x01\x04\x07#\x01\x05\x01\x03JY\
K\xb0\x15PX@\x22\x00\x06\x06\x02_\x03\x01\x02\x02\
\x1fK\x08\x01\x07\x07\x01_\x04\x01\x01\x01 K\x00\x05\
\x05\x00_\x00\x00\x00!\x00L\x1bK\xb0!PX@\
&\x00\x03\x03\x17K\x00\x06\x06\x02_\x00\x02\x02\x1fK\
\x08\x01\x07\x07\x01_\x04\x01\x01\x01 K\x00\x05\x05\x00\
_\x00\x00\x00!\x00L\x1b@*\x00\x03\x03\x17K\x00\
\x06\x06\x02_\x00\x02\x02\x1fK\x00\x04\x04\x15K\x08\x01\
\x07\x07\x01_\x00\x01\x01 K\x00\x05\x05\x00_\x00\x00\
\x00!\x00LYY@\x10$$$/$.&$\
!\x13&(!\x09\x07\x1b+\x05\x06#\x22&54\
675\x06\x06#\x22&&546632\x16\
\x1753\x11#\x22\x06\x15\x14\x16327&65\
4&#\x22\x06\x15\x14\x163\x023'35C#\
 \x16T7@c67b@7T\x16d\x07&\
1!\x1e\x19 \xc5GGBAJIB\xac\x16<\
/\x227\x12@,/>rKKtA0,P\
\xfe\x18)!\x1d\x1f\x10\xbfZSSZ]RRY\
\x00\xff\xff\x00*\xff\xf9\x02\x08\x02\xf3\x00\x22\x01\xdb\x00\
\x00\x00\x03\x02\xc2\x01\xbe\x00\x00\x00\x04\x00*\xff\xf9\x02\
\x08\x03S\x00\x10\x00\x1c\x00/\x00;\x00\xdd@\x11\x0b\
\x07\x02\x03\x00. \x02\x09\x08\x02J\x0a\x09\x02\x00H\
K\xb0\x15PX@+\x00\x00\x0b\x01\x03\x02\x00\x03g\
\x00\x02\x0a\x01\x01\x06\x02\x01g\x00\x08\x08\x06_\x0c\x07\
\x02\x06\x06\x1fK\x0d\x01\x09\x09\x04_\x05\x01\x04\x04\x15\
\x04L\x1bK\xb0!PX@/\x00\x00\x0b\x01\x03\x02\
\x00\x03g\x00\x02\x0a\x01\x01\x06\x02\x01g\x0c\x01\x07\x07\
\x17K\x00\x08\x08\x06_\x00\x06\x06\x1fK\x0d\x01\x09\x09\
\x04_\x05\x01\x04\x04\x15\x04L\x1b@3\x00\x00\x0b\x01\
\x03\x02\x00\x03g\x00\x02\x0a\x01\x01\x06\x02\x01g\x0c\x01\
\x07\x07\x17K\x00\x08\x08\x06_\x00\x06\x06\x1fK\x00\x04\
\x04\x15K\x0d\x01\x09\x09\x05_\x00\x05\x05 \x05LY\
Y@&00\x1d\x1d\x11\x11\x00\x000;0:6\
4\x1d/\x1d/,*$\x22\x1f\x1e\x11\x1c\x11\x1b\x17\
\x15\x00\x10\x00\x0f$\x0e\x07\x15+\x12&5463\
2\x1777\x07\x07\x16\x15\x14\x06#&\x06\x15\x14\x16\
32654&#\x17\x11#5\x06\x06#\x22&\
&546632\x16\x175\x02654&#\
\x22\x06\x15\x14\x163\xfc<<,(\x1d\x11I\x02I\
\x13<+\x14\x1b\x1b\x14\x14\x1a\x1a\x14\xe0d\x16T7\
@c67c?7T\x16GGGBAJI\
B\x02):++;\x1aD5Q8\x1b!+:\
\x96\x1d\x14\x14\x1d\x1c\x15\x15\x1c\xd7\xfe\x18T,/>\
rKLt@0,P\xfeaZSSZ]R\
RY\x00\xff\xff\x00*\xff\xf9\x02\x08\x02\xce\x00\x22\x01\
\xdb\x00\x00\x00\x03\x02\xc3\x01\xbe\x00\x00\x00\x02\x00\x06\x00\
\x00\x02\x09\x02\xc4\x00\x15\x00\x19\x00:@7\x00\x07\x07\
\x06_\x08\x01\x06\x06\x14K\x00\x09\x09\x06_\x08\x01\x06\
\x06\x14K\x04\x01\x02\x02\x00]\x05\x01\x00\x00\x17K\x03\
\x01\x01\x01\x15\x01L\x19\x18\x13!#\x11\x11\x11\x11\x11\
\x10\x0a\x07\x1d+\x13!\x11#\x11#\x11#\x11#5\
354677\x17\x07\x06\x06\x1573\x15#\xca\
\x016e\xd1e__hj(\x06/:2\xc9v\
v\x01\xe8\xfe\x18\x01\x9a\xfef\x01\x9aN\x09eg\x05\
\x02L\x03\x0388\xc1k\x00\xff\xff\x00\x06\x00\x00\x02\
\x01\x02\xc4\x00\x22\x012\x00\x00\x00\x03\x01U\x01V\x00\
\x00\xff\xff\x00R\xff\xf8\x02\x0e\x02\xc1\x00\x22\x00T\x00\
\x00\x00\x03\x00c\x01\x0b\x00\x00\xff\xff\x00?\xffH\x01\
\xa5\x02\xc2\x00\x22\x01@\x00\x00\x00#\x02\xba\x01\x0f\x00\
\x00\x00#\x01P\x00\xf2\x00\x00\x00\x03\x02\xba\x02\x01\x00\
\x00\x00\x02\x00\x1a\x01\x95\x01)\x02\xc6\x00\x19\x00$\x00\
\xec@\x0e\x16\x01\x03\x04\x15\x01\x02\x03\x05\x01\x00\x06\x03\
JK\xb0\x0dPX@ \x00\x02\x00\x05\x06\x02\x05g\
\x00\x03\x03\x04_\x07\x01\x04\x04DK\x01\x01\x00\x00\x06\
_\x08\x01\x06\x06?\x00L\x1bK\xb0\x0fPX@\x1d\
\x00\x02\x00\x05\x06\x02\x05g\x08\x01\x06\x01\x01\x00\x06\x00\
c\x00\x03\x03\x04_\x07\x01\x04\x04D\x03L\x1bK\xb0\
\x15PX@ \x00\x02\x00\x05\x06\x02\x05g\x00\x03\x03\
\x04_\x07\x01\x04\x04DK\x01\x01\x00\x00\x06_\x08\x01\
\x06\x06?\x00L\x1bK\xb0-PX@\x1d\x00\x02\x00\
\x05\x06\x02\x05g\x08\x01\x06\x01\x01\x00\x06\x00c\x00\x03\
\x03\x04_\x07\x01\x04\x04D\x03L\x1b@$\x00\x00\x06\
\x01\x06\x00\x01~\x00\x02\x00\x05\x06\x02\x05g\x08\x01\x06\
\x00\x01\x06\x01c\x00\x03\x03\x04_\x07\x01\x04\x04D\x03\
LYYYY@\x15\x1a\x1a\x00\x00\x1a$\x1a#\x1f\
\x1d\x00\x19\x00\x18#$#\x13\x09\x09\x18+\x12\x16\x15\
\x15#5\x06\x06#\x22&5463354&\
#\x22\x07'663\x16655#\x22\x06\x15\x14\
\x163\xe8AR\x0b.\x1d,;K^\x13\x1a\x1c.\
3\x14\x19B\x22\x0a$\x0a;'\x19\x14\x02\xc6=B\
\xad1\x19\x1d7$.(\x0f\x1a\x17\x1c=\x0e\x11\xf6\
\x22\x1e\x0b\x12\x14\x10\x15\x00\x02\x00\x14\x01\x95\x01K\x02\
\xc6\x00\x0b\x00\x17\x00KK\xb0#PX@\x17\x00\x02\
\x02\x00_\x00\x00\x00DK\x04\x01\x01\x01\x03_\x05\x01\
\x03\x03?\x01L\x1b@\x14\x05\x01\x03\x04\x01\x01\x03\x01\
c\x00\x02\x02\x00_\x00\x00\x00D\x02LY@\x12\x0c\
\x0c\x00\x00\x0c\x17\x0c\x16\x12\x10\x00\x0b\x00\x0a$\x06\x09\
\x15+\x12&54632\x16\x15\x14\x06#66\
54&#\x22\x06\x15\x14\x163eQQJJR\
RJ\x22$$\x22\x22##\x22\x01\x95UDCU\
UCCVE+))++))+\x00\x02\x00\
 \x00\x00\x02\xba\x02\xc1\x00\x05\x00\x08\x00\x08\xb5\x08\x06\
\x05\x02\x020+\x01\x13\x05%\x13\x13\x03!\x03\x028\
\x82\xfe\xa4\xfe\xc2\xa1\x9c\xce\x01\xbd\xde\x01T\xfe\xe04\
\x0f\x01\xa1\x01\x11\xfd\x96\x01\xf4\x00\x01\x00*\xffL\x02\
!\x02\xc1\x00\x0c\x00\x06\xb3\x07\x00\x010+\x01\x15!\
\x13\x15\x03!\x15!5\x01\x015\x02!\xfe\x81\xe4\xe4\
\x01\x7f\xfe\x09\x01\x02\xfe\xfe\x02\xc1U\xfe\xbdD\xfe\xbc\
UK\x01p\x01oK\x00\x01\x005\x00\x00\x02\xdf\x02\
\xca\x00#\x00\x06\xb3\x1e\x05\x010+\x00\x06\x06\x073\
\x15!56654&#\x22\x06\x15\x14\x16\x17\x15\
!53.\x02546632\x16\x16\x15\x02\xdf\
\x1fMJ\xad\xfe\xf3dI}oo}Jc\xfe\xf4\
\xadML\x1eS\x9ahg\x9aT\x01\x92\x5c~cU\
R\x9b\x9a9U``U:\x9b\x99RUj|X\
/Px@AxO\x00\x01\x00D\xffL\x01\xf2\x01\
\xe8\x00\x14\x00\x06\xb3\x09\x00\x010+\x01\x11#5\x06\
\x06#\x22'\x15#\x113\x11\x14\x163265\x11\
\x01\xf2b\x17Q2/\x1eee02;G\x01\xe8\
\xfe\x18O*,\x11\xbe\x02\x9c\xfe\xd6;8L?\x01\
\x12\x00\x01\x00\x05\xff\xf9\x02F\x01\xe8\x00\x16\x00\x06\xb3\
\x0f\x01\x010+%\x07'&&55#\x06\x06\x07\
#67#5!\x15#\x15\x14\x16\x17\x02F\x07.\
e\x5c\x83\x02\x1f\x22jB\x06c\x02\x22r02F\
M\x03\x06\x5c_\xddv\xc5_\xc9\xd1NN\xeb11\
\x04\x00\x02\x000\xff\xf8\x02(\x02\xc9\x00\x0b\x00\x17\x00\
,@)\x00\x02\x02\x00_\x00\x00\x00\x1cK\x05\x01\x03\
\x03\x01_\x04\x01\x01\x01\x1d\x01L\x0c\x0c\x00\x00\x0c\x17\
\x0c\x16\x12\x10\x00\x0b\x00\x0a$\x06\x07\x15+\x16&5\
4632\x16\x15\x14\x06#6654&#\x22\
\x06\x15\x14\x163\xb1\x81\x81{{\x81\x81{MHH\
MMHHM\x08\xb8\xb0\xb0\xb9\xb8\xb0\xb1\xb8S\x86\
\x90\x8f\x85\x85\x8f\x8f\x87\x00\x01\x00n\x00\x00\x02\x17\x02\
\xc1\x00\x0a\x00#@ \x08\x07\x06\x03\x00\x03\x01J\x00\
\x03\x03\x14K\x02\x01\x00\x00\x01^\x00\x01\x01\x15\x01L\
\x14\x11\x11\x10\x04\x07\x18+%3\x15!53\x11\x07\
'73\x01|\x9b\xfed\x9a{,\xc4JUUU\
\x01\xf1KMy\x00\x01\x00<\x00\x00\x02\x1e\x02\xc9\x00\
\x17\x000@-\x0d\x0c\x02\x03\x01\x03\x01\x00\x03\x02J\
\x00\x01\x01\x02_\x00\x02\x02\x1cK\x04\x01\x03\x03\x00]\
\x00\x00\x00\x15\x00L\x00\x00\x00\x17\x00\x17$'\x11\x05\
\x07\x17+%\x15!5\x136654&#\x22\x07\
'6632\x16\x15\x14\x06\x07\x07\x02\x1e\xfe2\xf3\
/*>:ca$*\x80Aev5>\xbdU\
UM\x01\x0a3T)68ML'.eV=\
nD\xca\x00\x01\x001\xff\xf9\x02\x13\x02\xc9\x00&\x00\
9@6\x1d\x1c\x02\x03\x04&\x01\x02\x03\x09\x08\x02\x01\
\x02\x03J\x00\x03\x00\x02\x01\x03\x02e\x00\x04\x04\x05_\
\x00\x05\x05\x1cK\x00\x01\x01\x00_\x00\x00\x00 \x00L\
$$!$$$\x06\x07\x1a+\x00\x16\x15\x14\x06#\
\x22&'7\x1632654&##532\
654&#\x22\x07'6632\x16\x15\x14\x06\
\x07\x01\xd2A\x82oF\x80+%_jGIKL\
WGIM@:e_$*\x7fDcv:4\
\x01XWB\x5cj-(LM=<;;S=\
;59ML(-bT;Z\x14\x00\x00\x02\x00\
/\x00\x00\x028\x02\xc1\x00\x0a\x00\x0d\x002@/\x0d\
\x01\x04\x03\x07\x01\x00\x04\x02J\x05\x06\x02\x04\x02\x01\x00\
\x01\x04\x00e\x00\x03\x03\x14K\x00\x01\x01\x15\x01L\x00\
\x00\x0c\x0b\x00\x0a\x00\x0a\x12\x11\x11\x11\x07\x07\x18+%\
\x15#\x15#5!5\x013\x11!3\x11\x028g\
e\xfe\xc3\x01NT\xfe\xc3\xd8\xe4R\x92\x92M\x01\xe2\
\xfe#\x018\x00\x00\x01\x00H\xff\xf9\x02+\x02\xc1\x00\
\x1d\x00C@@\x1b\x01\x02\x06\x0b\x0a\x02\x01\x03\x02J\
\x00\x03\x02\x01\x02\x03\x01~\x07\x01\x06\x00\x02\x03\x06\x02\
g\x00\x05\x05\x04]\x00\x04\x04\x14K\x00\x01\x01\x00_\
\x00\x00\x00 \x00L\x00\x00\x00\x1d\x00\x1c\x11\x11\x11$\
$&\x08\x07\x1a+\x00\x16\x16\x15\x14\x06\x06#\x22&\
'7\x1632654&#\x22\x07#\x11!\x15\
!\x1563\x01\x90d7=qKA\x7f*$_\
hFNNA]<B\x01\xb0\xfe\xb67T\x01\xbe\
8fBDh9.'LMKDANH\x01\
\x9eS\xde.\x00\x00\x02\x003\xff\xf8\x02*\x02\xc9\x00\
\x1b\x00'\x00A@>\x12\x11\x02\x03\x02\x17\x01\x05\x04\
\x02J\x06\x01\x03\x00\x04\x05\x03\x04g\x00\x02\x02\x01_\
\x00\x01\x01\x1cK\x07\x01\x05\x05\x00_\x00\x00\x00\x1d\x00\
L\x1c\x1c\x00\x00\x1c'\x1c&\x22 \x00\x1b\x00\x1a$\
%&\x08\x07\x17+\x00\x16\x16\x15\x14\x06\x06#\x22&\
546632\x16\x17\x07&#\x22\x06\x15\x156\
63\x12654&#\x22\x06\x15\x14\x163\x01\x90\
c7;jB\x83\x8dB~W>v,%^Z\
V^\x16c>,JK>>PO@\x01\xbf9\
fBBi;\xb3\xa6v\xa9Y,)LM\x97\x8b\
\x034;\xfe\x8dOAANO@@P\x00\x01\x00\
>\x00\x00\x02\x1b\x02\xc1\x00\x06\x00\x1f@\x1c\x02\x01\x02\
\x00\x01J\x00\x02\x02\x00]\x00\x00\x00\x14K\x00\x01\x01\
\x15\x01L\x11\x12\x10\x03\x07\x17+\x13!\x15\x01#\x01\
!>\x01\xdd\xfe\xban\x01D\xfe\x93\x02\xc1M\xfd\x8c\
\x02l\x00\x00\x03\x00*\xff\xf9\x02.\x02\xc9\x00\x17\x00\
#\x00+\x00=@:\x17\x0b\x02\x04\x02\x01J\x00\x02\
\x00\x04\x05\x02\x04g\x06\x01\x03\x03\x01_\x00\x01\x01\x1c\
K\x07\x01\x05\x05\x00_\x00\x00\x00 \x00L$$\x18\
\x18$+$*(&\x18#\x18\x22**$\x08\x07\
\x17+\x00\x16\x15\x14\x06#\x22&5467&&\
54632\x16\x15\x14\x06\x07\x02\x06\x15\x14\x163\
2654&#\x1254#\x22\x15\x143\x01\xea\
D\x87{{\x87E>5=\x80qq\x80=4\xc6\
HHFFHHF\x9f\x9f\x9f\x9f\x01X\x5c@\x5c\
gg\x5cA\x5c\x11\x14V9WeeW9W\x13\
\x01\x0c;79<<97;\xfd\xd6wxxw\
\x00\x00\x02\x00.\xff\xf8\x02&\x02\xc9\x00\x1b\x00'\x00\
A@>\x0f\x01\x05\x04\x0a\x09\x02\x01\x02\x02J\x07\x01\
\x05\x00\x02\x01\x05\x02g\x00\x04\x04\x03_\x06\x01\x03\x03\
\x1cK\x00\x01\x01\x00_\x00\x00\x00\x1d\x00L\x1c\x1c\x00\
\x00\x1c'\x1c&\x22 \x00\x1b\x00\x1a%$%\x08\x07\
\x17+\x00\x16\x15\x14\x06\x06#\x22&'7\x1632\
655\x06\x06#\x22&&54663\x126\
54&#\x22\x06\x15\x14\x163\x01\x99\x8dC}X\
>u,$`XV^\x16c>?d7<i\
CDON@>KK>\x02\xc9\xb3\xa6v\xa9Y\
,)LM\x97\x8b\x023;9fBBi;\xfe\
\x8dO@AOOA@O\x00\x01\x00p\x00\x00\x01\
\x7f\x02\xc1\x00\x06\x00\x1b@\x18\x06\x05\x04\x03\x01\x00\x01\
J\x00\x00\x00\x14K\x00\x01\x01\x15\x01L\x11\x10\x02\x07\
\x16+\x013\x11#\x11\x07'\x015Jh{,\x02\
\xc1\xfd?\x02FKM\x00\x01\x00p\x00\x00\x01\x7f\x01\
\xe8\x00\x06\x00\x1b@\x18\x06\x05\x04\x03\x01\x00\x01J\x00\
\x00\x00\x17K\x00\x01\x01\x15\x01L\x11\x10\x02\x07\x16+\
\x013\x11#\x11\x07'\x015Jh{,\x01\xe8\xfe\
\x18\x01mLN\x00\x02\x00/\xff\xf8\x02)\x01\xf4\x00\
\x0f\x00\x1b\x00,@)\x00\x02\x02\x00_\x00\x00\x00\x1f\
K\x05\x01\x03\x03\x01_\x04\x01\x01\x01\x1d\x01L\x10\x10\
\x00\x00\x10\x1b\x10\x1a\x16\x14\x00\x0f\x00\x0e&\x06\x07\x15\
+\x16&&546632\x16\x16\x15\x14\x06\x06\
#6654&#\x22\x06\x15\x14\x163\xe3sA\
AsIIsAAsIFUUFFUV\
E\x08@tJJt@@tJJt@Q_\
NN__NM`\x00\x01\x00n\x00\x00\x02\x17\x01\
\xe8\x00\x0a\x00#@ \x08\x07\x06\x03\x00\x03\x01J\x00\
\x03\x03\x17K\x02\x01\x00\x00\x01^\x00\x01\x01\x15\x01L\
\x14\x11\x11\x10\x04\x07\x18+%3\x15!53\x11\x07\
'73\x01|\x9b\xfed\x9a\x7f(\xc4JNNN\
\x01)NFy\x00\x01\x00M\x00\x00\x02\x07\x01\xf4\x00\
\x15\x003@0\x0c\x01\x01\x02\x0b\x01\x03\x01\x03\x01\x00\
\x03\x03J\x00\x01\x01\x02_\x00\x02\x02\x1fK\x04\x01\x03\
\x03\x00]\x00\x00\x00\x15\x00L\x00\x00\x00\x15\x00\x15$\
&\x11\x05\x07\x17+%\x15!56654&#\
\x22\x07'6632\x16\x15\x14\x06\x07\x02\x07\xfeW\
\xa5\x8c86Sc\x1e.u;_k~\x88OO\
KLz<++6H\x1e!SKK\x839\x00\
\x01\x009\xffE\x02\x05\x01\xf4\x00(\x00?@<\x1f\
\x01\x04\x05\x1e\x01\x03\x04(\x01\x02\x03\x0a\x01\x01\x02\x09\
\x01\x00\x01\x05J\x00\x03\x00\x02\x01\x03\x02e\x00\x04\x04\
\x05_\x00\x05\x05\x1fK\x00\x01\x01\x00_\x00\x00\x00!\
\x00L$$!$%%\x06\x07\x1a+$\x16\x15\x14\
\x06\x06#\x22&'7\x16\x1632654&#\
#532654&#\x22\x07'6632\
\x16\x15\x06\x06\x07\x01\xc4A:hDAx-\x1e3\
]4AELIK;FO<8Oc\x1e,\
s5fn\x01:0\x94V<8V/ \x1eI\
\x1d\x19<769O?8056H\x1e!]\
R5X\x13\x00\x00\x02\x004\xffL\x02)\x01\xe8\x00\
\x0a\x00\x0d\x004@1\x0d\x01\x04\x03\x07\x01\x00\x04\x02\
J\x00\x03\x03\x17K\x05\x06\x02\x04\x04\x00]\x02\x01\x00\
\x00\x15K\x00\x01\x01\x19\x01L\x00\x00\x0c\x0b\x00\x0a\x00\
\x0a\x12\x11\x11\x11\x07\x07\x18+%\x15#\x15#5!\
5\x013\x11!3\x11\x02)]`\xfe\xc8\x01DT\
\xfe\xc7\xd9OO\xb4\xb4M\x01\x9b\xfeg\x01\x14\x00\x00\
\x01\x00X\xffE\x02!\x01\xe8\x00\x1e\x00F@C\x1c\
\x01\x02\x06\x0b\x01\x01\x03\x0a\x01\x00\x01\x03J\x00\x03\x02\
\x01\x02\x03\x01~\x07\x01\x06\x00\x02\x03\x06\x02g\x00\x05\
\x05\x04]\x00\x04\x04\x17K\x00\x01\x01\x00_\x00\x00\x00\
!\x00L\x00\x00\x00\x1e\x00\x1d\x11\x11\x12$$&\x08\
\x07\x1a+$\x16\x16\x15\x14\x06\x06#\x22&'7\x16\
32654&#\x22\x06\x07#\x11!\x15!\x15\
63\x01\x8c`5;lI:u*\x1f][C\
KJ>+M\x1d=\x01\xa0\xfe\xc1<L\xf46b\
?Ab5!\x1dI6I><J$$\x01\x8d\
P\xd3/\x00\x02\x008\xff\xf8\x02&\x02\xc9\x00\x1b\x00\
'\x00D@A\x11\x01\x02\x01\x12\x01\x03\x02\x17\x01\x05\
\x04\x03J\x06\x01\x03\x00\x04\x05\x03\x04g\x00\x02\x02\x01\
_\x00\x01\x01\x1cK\x07\x01\x05\x05\x00_\x00\x00\x00\x1d\
\x00L\x1c\x1c\x00\x00\x1c'\x1c&\x22 \x00\x1b\x00\x1a\
$%&\x08\x07\x17+\x00\x16\x16\x15\x14\x06\x06#\x22\
&546632\x16\x17\x07&#\x22\x06\x15\x15\
663\x12654&#\x22\x06\x15\x14\x163\x01\
\x8cb8;gA\x7f\x8cB}V2n(\x1eV\
PU`\x17a<)KK<<OO=\x01\xbf\
6gEBh;\xb4\xa5u\xa9Z!\x1dI6\x97\
\x89\x083<\xfe\x8aQBAQR@AR\x00\x00\
\x01\x00H\xffK\x02\x11\x01\xe8\x00\x06\x00\x1f@\x1c\x02\
\x01\x02\x00\x01J\x00\x02\x02\x00]\x00\x00\x00\x17K\x00\
\x01\x01\x19\x01L\x11\x12\x10\x03\x07\x17+\x13!\x15\x01\
#\x01!H\x01\xc9\xfe\xc3l\x01=\xfe\xa3\x01\xe8M\
\xfd\xb0\x02M\x00\x00\x03\x00/\xff\xf9\x02)\x02\xc9\x00\
\x18\x00$\x000\x00=@:\x18\x0b\x02\x04\x02\x01J\
\x00\x02\x00\x04\x05\x02\x04g\x06\x01\x03\x03\x01_\x00\x01\
\x01\x1cK\x07\x01\x05\x05\x00_\x00\x00\x00 \x00L%\
%\x19\x19%0%/+)\x19$\x19#*+$\
\x08\x07\x17+\x00\x16\x15\x14\x06#\x22&5467\
&&546632\x16\x15\x14\x06\x07\x02\x06\x15\
\x14\x1632654&#\x12654&#\x22\
\x06\x15\x14\x163\x01\xe3F\x89tt\x89F>6=\
;kFk\x81>6\xb8KK@@KK@J\
RRJJRRJ\x01X[AZiiZA\
[\x11\x14W98V.fV9X\x13\x01\x10>\
67@@76>\xfd\xd0?::@@::\
?\x00\x02\x003\xffE\x02!\x01\xf2\x00\x1a\x00&\x00\
D@A\x0f\x01\x05\x04\x0a\x01\x01\x02\x09\x01\x00\x01\x03\
J\x07\x01\x05\x00\x02\x01\x05\x02g\x00\x04\x04\x03_\x06\
\x01\x03\x03\x1fK\x00\x01\x01\x00_\x00\x00\x00!\x00L\
\x1b\x1b\x00\x00\x1b&\x1b%!\x1f\x00\x1a\x00\x19$$\
%\x08\x07\x17+\x00\x16\x15\x14\x06\x06#\x22&'7\
\x163267\x06\x06#\x22&&54663\
\x12654&#\x22\x06\x15\x14\x163\x01\x94\x8dC\
~U1n)\x1fZLS`\x01\x17_:?c\
7;gAAPO=;KK;\x01\xf2\xb0\x9b\
i\xa1X\x22\x1dH6\x8ey3;8eBAh\
;\xfe\x8eQ??QP@@P\xff\xff\x00\x1e\xff\
\xfc\x01^\x01\xab\x00\x02\x02!\x00\x00\xff\xff\x00D\x00\
\x00\x01Q\x01\xa7\x00\x02\x02\x22\x00\x00\xff\xff\x00%\x00\
\x00\x01S\x01\xab\x00\x02\x02#\x00\x00\xff\xff\x00\x1f\xff\
\xfc\x01P\x01\xab\x00\x02\x02$\x00\x00\xff\xff\x00\x1c\x00\
\x00\x01j\x01\xa7\x00\x02\x02%\x00\x00\xff\xff\x00*\xff\
\xfc\x01[\x01\xa7\x00\x02\x02&\x00\x00\xff\xff\x00\x22\xff\
\xfc\x01^\x01\xab\x00\x02\x02'\x00\x00\xff\xff\x00(\x00\
\x00\x01T\x01\xa7\x00\x02\x02(\x00\x00\xff\xff\x00\x1b\xff\
\xfc\x01a\x01\xab\x00\x02\x02)\x00\x00\xff\xff\x00\x1e\xff\
\xfc\x01Z\x01\xab\x00\x02\x02*\x00\x00\x00\x02\x00\x1e\xff\
\xfc\x01^\x01\xab\x00\x0b\x00\x17\x00JK\xb0\x09PX\
@\x15\x00\x00\x00\x02\x03\x00\x02g\x05\x01\x03\x03\x01_\
\x04\x01\x01\x01\x15\x01L\x1b@\x15\x00\x00\x00\x02\x03\x00\
\x02g\x05\x01\x03\x03\x01_\x04\x01\x01\x01 \x01LY\
@\x12\x0c\x0c\x00\x00\x0c\x17\x0c\x16\x12\x10\x00\x0b\x00\x0a\
$\x06\x07\x15+\x16&54632\x16\x15\x14\x06\
#6654&#\x22\x06\x15\x14\x163sUU\
KKUUK%#$$%##%\x04nj\
jmmjjnDGMLGFMMG\x00\
\x01\x00D\x00\x00\x01Q\x01\xa7\x00\x0a\x00#@ \x08\
\x07\x06\x03\x00\x03\x01J\x00\x03\x00\x03\x83\x02\x01\x00\x00\
\x01^\x00\x01\x01\x15\x01L\x14\x11\x11\x10\x04\x07\x18+\
%3\x15#535\x07'73\x01\x04M\xf2M\
D$\x7fAHHH\xfd(@J\x00\x01\x00%\x00\
\x00\x01S\x01\xab\x00\x18\x001@.\x0e\x01\x01\x02\x0d\
\x01\x03\x01\x03\x01\x00\x03\x03J\x00\x02\x00\x01\x03\x02\x01\
g\x04\x01\x03\x03\x00]\x00\x00\x00\x15\x00L\x00\x00\x00\
\x18\x00\x18%'\x11\x05\x07\x17+%\x15!576\
654&#\x22\x06\x07'6632\x16\x15\x14\
\x06\x07\x07\x01S\xfe\xe0\x8c\x17\x17 \x1d\x1b=\x1c\x17\
\x1cR)@J\x22)^HHB\x97\x1a*\x14\x19\
\x1b\x16\x14@\x15\x1bA4$B)_\x00\x00\x01\x00\
\x1f\xff\xfc\x01P\x01\xab\x00$\x00e@\x16\x1b\x01\x04\
\x05\x1a\x01\x03\x04$\x01\x02\x03\x09\x01\x01\x02\x08\x01\x00\
\x01\x05JK\xb0\x09PX@\x1b\x00\x05\x00\x04\x03\x05\
\x04g\x00\x03\x00\x02\x01\x03\x02g\x00\x01\x01\x00_\x00\
\x00\x00\x15\x00L\x1b@\x1b\x00\x05\x00\x04\x03\x05\x04g\
\x00\x03\x00\x02\x01\x03\x02g\x00\x01\x01\x00_\x00\x00\x00\
 \x00LY@\x09%#!\x22$$\x06\x07\x1a+\
$\x16\x15\x14\x06#\x22&'7\x163254#\
#53254&#\x22\x06\x07'6632\
\x16\x15\x14\x06\x07\x01((QG*S\x1c\x18==\
KL<1K \x1d\x1d>\x1c\x17\x1cQ&CK\
$\x1f\xcf4'6B\x1b\x15@*98E:\x19\
\x1a\x16\x14@\x15\x1b@2\x221\x0c\x00\x02\x00\x1c\x00\
\x00\x01j\x01\xa7\x00\x0a\x00\x0d\x002@/\x0d\x01\x04\
\x03\x07\x01\x00\x04\x02J\x05\x06\x02\x04\x02\x01\x00\x01\x04\
\x00e\x00\x03\x03\x01]\x00\x01\x01\x15\x01L\x00\x00\x0c\
\x0b\x00\x0a\x00\x0a\x12\x11\x11\x11\x07\x07\x18+%\x15#\
\x15#5#5\x133\x11#35\x01j>R\xbe\
\xc9G\xc2p\x91CNN?\x01\x1a\xfe\xea\x9e\x00\x00\
\x01\x00*\xff\xfc\x01[\x01\xa7\x00\x1b\x00u@\x0e\x19\
\x01\x02\x06\x09\x01\x01\x03\x08\x01\x00\x01\x03JK\xb0\x09\
PX@$\x00\x03\x02\x01\x02\x03\x01~\x00\x04\x00\x05\
\x06\x04\x05e\x07\x01\x06\x00\x02\x03\x06\x02g\x00\x01\x01\
\x00_\x00\x00\x00\x15\x00L\x1b@$\x00\x03\x02\x01\x02\
\x03\x01~\x00\x04\x00\x05\x06\x04\x05e\x07\x01\x06\x00\x02\
\x03\x06\x02g\x00\x01\x01\x00_\x00\x00\x00 \x00LY\
@\x0f\x00\x00\x00\x1b\x00\x1a\x11\x11\x11$$$\x08\x07\
\x1a+\x00\x16\x15\x14\x06#\x22&'7\x16326\
54&#\x22\x07#5!\x15#\x1563\x01\x10\
KXE'Q\x1c\x18:;&*)\x22/'/\
\x01\x0f\xbd\x1f.\x01\x10H=BM\x1a\x16@)#\
!\x1f$\x1f\xfcGf\x16\x00\x00\x02\x00\x22\xff\xfc\x01\
^\x01\xab\x00\x16\x00\x22\x00l@\x0e\x0e\x01\x02\x01\x0f\
\x01\x03\x02\x13\x01\x04\x03\x03JK\xb0\x09PX@\x1d\
\x00\x01\x00\x02\x03\x01\x02g\x06\x01\x03\x00\x04\x05\x03\x04\
g\x07\x01\x05\x05\x00_\x00\x00\x00\x15\x00L\x1b@\x1d\
\x00\x01\x00\x02\x03\x01\x02g\x06\x01\x03\x00\x04\x05\x03\x04\
g\x07\x01\x05\x05\x00_\x00\x00\x00 \x00LY@\x14\
\x17\x17\x00\x00\x17\x22\x17!\x1d\x1b\x00\x16\x00\x15$$\
$\x08\x07\x17+\x00\x16\x15\x14\x06#\x22&546\
32\x16\x17\x07&#\x22\x07663\x16654\
&#\x22\x06\x15\x14\x163\x01\x13KT@NZd\
Q\x22I\x1c\x17:5]\x04\x105\x1e\x0f&& \
!('!\x01\x0dF>@Mghnr\x1a\x16\
@*\x87\x16\x19\xd0'!!''!!'\x00\x00\
\x01\x00(\x00\x00\x01T\x01\xa7\x00\x06\x00\x1d@\x1a\x02\
\x01\x02\x00\x01J\x00\x00\x00\x02\x01\x00\x02e\x00\x01\x01\
\x15\x01L\x11\x12\x10\x03\x07\x17+\x13!\x15\x03#\x13\
#(\x01,\xb4c\xb7\xcc\x01\xa7F\xfe\x9f\x01^\x00\
\x03\x00\x1b\xff\xfc\x01a\x01\xab\x00\x17\x00#\x00+\x00\
d\xb6\x17\x0b\x02\x04\x02\x01JK\xb0\x09PX@\x1d\
\x00\x01\x06\x01\x03\x02\x01\x03g\x00\x02\x00\x04\x05\x02\x04\
g\x07\x01\x05\x05\x00_\x00\x00\x00\x15\x00L\x1b@\x1d\
\x00\x01\x06\x01\x03\x02\x01\x03g\x00\x02\x00\x04\x05\x02\x04\
g\x07\x01\x05\x05\x00_\x00\x00\x00 \x00LY@\x14\
$$\x18\x18$+$*(&\x18#\x18\x22**\
$\x08\x07\x17+$\x16\x15\x14\x06#\x22&546\
7&&54632\x16\x15\x14\x06\x07&\x06\x15\
\x14\x1632654&#\x1254#\x22\x15\x14\
3\x018)VMMV)% $RGGR\
% x$%#\x22&$$QQQQ\xcf5\
&7AA7&6\x0a\x0c2!4>>4\x22\
3\x0a\x8e\x1d\x1b\x1b\x1e\x1e\x1b\x1b\x1d\xfe\xd6<;;\
<\x00\x02\x00\x1e\xff\xfc\x01Z\x01\xab\x00\x16\x00\x22\x00\
l@\x0e\x0d\x01\x02\x05\x09\x01\x01\x02\x08\x01\x00\x01\x03\
JK\xb0\x09PX@\x1d\x06\x01\x03\x00\x04\x05\x03\x04\
g\x07\x01\x05\x00\x02\x01\x05\x02g\x00\x01\x01\x00_\x00\
\x00\x00\x15\x00L\x1b@\x1d\x06\x01\x03\x00\x04\x05\x03\x04\
g\x07\x01\x05\x00\x02\x01\x05\x02g\x00\x01\x01\x00_\x00\
\x00\x00 \x00LY@\x14\x17\x17\x00\x00\x17\x22\x17!\
\x1d\x1b\x00\x16\x00\x15#$$\x08\x07\x17+\x00\x16\x15\
\x14\x06#\x22&'7\x16327\x06\x06#\x22&\
5463\x16654&#\x22\x06\x15\x14\x163\
\x01\x00ZdQ\x22I\x1c\x17<3]\x04\x105\x1e\
9KT@\x22('! '& \x01\xabgh\
nr\x1a\x16@*\x87\x16\x19F>@M\xd1'!\
!'&\x22!'\x00\xff\xff\x00\x1e\x01\x16\x01^\x02\
\xc5\x01\x07\x02!\x00\x00\x01\x1a\x00\x09\xb1\x00\x02\xb8\x01\
\x1a\xb03+\x00\x00\x01\x00D\x01\x1a\x01Q\x02\xc1\x00\
\x0a\x00 @\x1d\x08\x07\x06\x03\x00\x03\x01J\x02\x01\x00\
\x00\x01\x00\x01b\x00\x03\x03\x14\x03L\x14\x11\x11\x10\x04\
\x07\x18+\x013\x15#535\x07'73\x01\x04\
M\xf2MD$\x7fA\x01bHH\xfd(@J\xff\
\xff\x00%\x01\x1a\x01S\x02\xc5\x01\x07\x02#\x00\x00\x01\
\x1a\x00\x09\xb1\x00\x01\xb8\x01\x1a\xb03+\x00\x00\x01\x00\
\x1f\x01\x16\x01P\x02\xc5\x00$\x00<@9\x1b\x01\x04\
\x05\x1a\x01\x03\x04$\x01\x02\x03\x09\x01\x01\x02\x08\x01\x00\
\x01\x05J\x00\x03\x00\x02\x01\x03\x02g\x00\x01\x00\x00\x01\
\x00c\x00\x04\x04\x05_\x00\x05\x05\x14\x04L%#!\
\x22$$\x06\x07\x1a+\x00\x16\x15\x14\x06#\x22&'\
7\x163254##53254&#\x22\
\x06\x07'6632\x16\x15\x14\x06\x07\x01((Q\
G*S\x1c\x18==KL<1K \x1d\x1d>\
\x1c\x17\x1cQ&CK$\x1f\x01\xe94'6B\x1b\
\x15@*98E:\x19\x1a\x16\x14@\x15\x1b@2\
\x221\x0c\xff\xff\x00\x1c\x01\x1a\x01j\x02\xc1\x01\x07\x02\
%\x00\x00\x01\x1a\x00\x09\xb1\x00\x02\xb8\x01\x1a\xb03+\
\x00\xff\xff\x00*\x01\x16\x01[\x02\xc1\x01\x07\x02&\x00\
\x00\x01\x1a\x00\x09\xb1\x00\x01\xb8\x01\x1a\xb03+\x00\xff\
\xff\x00\x22\x01\x16\x01^\x02\xc5\x01\x07\x02'\x00\x00\x01\
\x1a\x00\x09\xb1\x00\x02\xb8\x01\x1a\xb03+\x00\xff\xff\x00\
(\x01\x1a\x01T\x02\xc1\x01\x07\x02(\x00\x00\x01\x1a\x00\
\x09\xb1\x00\x01\xb8\x01\x1a\xb03+\x00\xff\xff\x00\x1b\x01\
\x16\x01a\x02\xc5\x01\x07\x02)\x00\x00\x01\x1a\x00\x09\xb1\
\x00\x03\xb8\x01\x1a\xb03+\x00\xff\xff\x00\x1e\x01\x16\x01\
Z\x02\xc5\x01\x07\x02*\x00\x00\x01\x1a\x00\x09\xb1\x00\x02\
\xb8\x01\x1a\xb03+\x00\xff\xff\x00\x1e\x01\x16\x01^\x02\
\xc5\x01\x07\x02!\x00\x00\x01\x1a\x00\x09\xb1\x00\x02\xb8\x01\
\x1a\xb03+\x00\xff\xff\x00D\x01\x1a\x01Q\x02\xc1\x01\
\x07\x02\x22\x00\x00\x01\x1a\x00\x09\xb1\x00\x01\xb8\x01\x1a\xb0\
3+\x00\xff\xff\x00%\x01\x1a\x01S\x02\xc5\x01\x07\x02\
#\x00\x00\x01\x1a\x00\x09\xb1\x00\x01\xb8\x01\x1a\xb03+\
\x00\xff\xff\x00\x1f\x01\x16\x01P\x02\xc5\x01\x07\x02$\x00\
\x00\x01\x1a\x00\x09\xb1\x00\x01\xb8\x01\x1a\xb03+\x00\xff\
\xff\x00\x1c\x01\x1a\x01j\x02\xc1\x01\x07\x02%\x00\x00\x01\
\x1a\x00\x09\xb1\x00\x02\xb8\x01\x1a\xb03+\x00\xff\xff\x00\
*\x01\x16\x01[\x02\xc1\x01\x07\x02&\x00\x00\x01\x1a\x00\
\x09\xb1\x00\x01\xb8\x01\x1a\xb03+\x00\xff\xff\x00\x22\x01\
\x16\x01^\x02\xc5\x01\x07\x02'\x00\x00\x01\x1a\x00\x09\xb1\
\x00\x02\xb8\x01\x1a\xb03+\x00\xff\xff\x00(\x01\x1a\x01\
T\x02\xc1\x01\x07\x02(\x00\x00\x01\x1a\x00\x09\xb1\x00\x01\
\xb8\x01\x1a\xb03+\x00\xff\xff\x00\x1b\x01\x16\x01a\x02\
\xc5\x01\x07\x02)\x00\x00\x01\x1a\x00\x09\xb1\x00\x03\xb8\x01\
\x1a\xb03+\x00\xff\xff\x00\x1e\x01\x16\x01Z\x02\xc5\x01\
\x07\x02*\x00\x00\x01\x1a\x00\x09\xb1\x00\x02\xb8\x01\x1a\xb0\
3+\x00\x00\x01\xffh\xff\xe6\x01M\x02\xdb\x00\x03\x00\
\x06\xb3\x02\x00\x010+\x07'\x01\x17RF\x01\x9fF\
\x1a(\x02\xcd(\xff\xff\x00D\xff\xe6\x03\x84\x02\xdb\x00\
\x22\x02,\x00\x00\x00#\x02?\x01|\x00\x00\x00\x03\x02\
#\x021\x00\x00\xff\xff\x00D\xff\xe6\x03\x9b\x02\xdb\x00\
\x22\x02,\x00\x00\x00#\x02?\x01|\x00\x00\x00\x03\x02\
%\x021\x00\x00\xff\xff\x00\x1f\xff\xe6\x03\x9b\x02\xdb\x00\
\x22\x02.\x00\x00\x00#\x02?\x01|\x00\x00\x00\x03\x02\
%\x021\x00\x00\x00\x01\x00 \x01Y\x01\xa3\x02\xcd\x00\
\x11\x004@1\x10\x0f\x0e\x0d\x0c\x05\x02H\x07\x06\x05\
\x04\x03\x05\x00G\x04\x03\x02\x02\x00\x00\x02U\x04\x03\x02\
\x02\x02\x00]\x01\x01\x00\x02\x00M\x00\x00\x00\x11\x00\x11\
\x11\x16\x11\x05\x07\x17+\x01\x15'\x17\x07'\x07'7\
\x075\x17'7\x177\x17\x07\x01\xa3\x8cK@AA\
?K\x8c\x8dK?A@@K\x028J\x06v%\
}}%v\x06J\x07w%}}&v\x00\x01\xff\
\xec\xff\xbc\x01<\x02\xf4\x00\x03\x00\x06\xb3\x02\x00\x010\
+\x17\x017\x01\xec\xff\x00P\x01\x00D\x03\x1f\x19\xfc\
\xe1\x00\x01\x00;\x00\xcf\x00\xb2\x01F\x00\x03\x00\x18@\
\x15\x00\x00\x01\x01\x00U\x00\x00\x00\x01]\x00\x01\x00\x01\
M\x11\x10\x02\x07\x16+\x133\x15#;ww\x01F\
w\x00\x01\x00Q\x00X\x01\xbb\x01\xbb\x00\x0f\x00\x1e@\
\x1b\x00\x00\x01\x01\x00W\x00\x00\x00\x01_\x02\x01\x01\x00\
\x01O\x00\x00\x00\x0f\x00\x0e&\x03\x07\x15+6&&\
546632\x16\x16\x15\x14\x06\x06#\xd6T1\
/S30S21S1X/Q1.R2\
/Q20Q0\x00\x00\x02\x00;\x00\x00\x00\xb2\x01\
\xe8\x00\x03\x00\x07\x00\x1f@\x1c\x00\x01\x01\x00]\x00\x00\
\x00\x17K\x00\x02\x02\x03]\x00\x03\x03\x15\x03L\x11\x11\
\x11\x10\x04\x07\x18+\x133\x15#\x153\x15#;w\
www\x01\xe8w\xfaw\x00\x00\x01\x00;\xff\x85\x00\
\xb2\x00w\x00\x09\x00\x1e@\x1b\x05\x04\x02\x00G\x02\x01\
\x01\x01\x00]\x00\x00\x00\x15\x00L\x00\x00\x00\x09\x00\x09\
\x17\x03\x07\x15+7\x15\x14\x06\x07'67#5\xb2\
\x1f%,*\x067wQ/M%#-+w\x00\
\x03\x00;\x00\x00\x02\x8e\x00w\x00\x03\x00\x07\x00\x0b\x00\
\x1b@\x18\x04\x02\x02\x00\x00\x01]\x05\x03\x02\x01\x01\x15\
\x01L\x11\x11\x11\x11\x11\x10\x06\x07\x1a+73\x15#\
73\x15#73\x15#;ww\xeeww\xeew\
wwwwwww\x00\x02\x008\x00\x00\x00\xb5\x02\
\xc1\x00\x03\x00\x07\x00'@$\x04\x01\x01\x01\x00]\x00\
\x00\x00\x14K\x00\x02\x02\x03]\x00\x03\x03\x15\x03L\x00\
\x00\x07\x06\x05\x04\x00\x03\x00\x03\x11\x05\x07\x15+7\x03\
3\x03\x073\x15#X } Zww\xc6\x01\xfb\
\xfe\x05Ow\x00\x00\x02\x008\xffL\x00\xb5\x01\xe8\x00\
\x03\x00\x07\x00'@$\x04\x01\x01\x01\x00]\x00\x00\x00\
\x17K\x00\x02\x02\x03]\x00\x03\x03\x19\x03L\x00\x00\x07\
\x06\x05\x04\x00\x03\x00\x03\x11\x05\x07\x15+\x1353\x15\
\x073\x13#;wZ= }\x01qwwO\xfe\
*\x00\x02\x00'\x00\x00\x021\x02\xc1\x00\x1b\x00\x1f\x00\
G@D\x0d\x0b\x02\x09\x0e\x08\x02\x00\x01\x09\x00f\x10\
\x0f\x07\x03\x01\x06\x04\x02\x02\x03\x01\x02e\x0c\x01\x0a\x0a\
\x14K\x05\x01\x03\x03\x15\x03L\x1c\x1c\x1c\x1f\x1c\x1f\x1e\
\x1d\x1b\x1a\x19\x18\x17\x16\x15\x14\x13\x12\x11\x11\x11\x11\x11\
\x11\x11\x11\x10\x11\x07\x1d+\x01#\x073\x15#\x07#\
7#\x07#7#537#5373\x073\
73\x073\x037#\x07\x021]+s\x80#J\
#\x90#J#Q^+t\x82!J!\x90!J\
!O\xd2+\x90+\x01\xd3\xddE\xb1\xb1\xb1\xb1E\xdd\
E\xa9\xa9\xa9\xa9\xfe\xde\xdd\xdd\x00\x01\x00;\x00\x00\x00\
\xb2\x00w\x00\x03\x00\x13@\x10\x00\x00\x00\x01]\x00\x01\
\x01\x15\x01L\x11\x10\x02\x07\x16+73\x15#;w\
www\x00\x02\x00\x00\x00\x00\x01\xae\x02\xc9\x00\x1c\x00\
 \x009@6\x0c\x01\x02\x00\x01J\x0d\x01\x00\x01I\
\x00\x02\x00\x03\x00\x02\x03~\x00\x00\x00\x01_\x00\x01\x01\
\x1cK\x00\x03\x03\x04]\x05\x01\x04\x04\x15\x04L\x1d\x1d\
\x1d \x1d \x12\x1a%(\x06\x07\x18+7467\
6654&#\x22\x06\x07'6632\x16\x15\
\x14\x06\x06\x07\x06\x06\x07\x07#\x0753\x15\xb7*(\
 \x1e60-a.%*~?Yn\x19%\x1f\
++\x05\x04;\x1dw\xe3;R1(6\x22',\
'%L'.XH$>/#/B+\x16\xc3\
ww\x00\x00\x02\x00\x14\xffE\x01\xc2\x01\xe8\x00\x03\x00\
 \x00A@>\x1c\x01\x03\x02\x01J\x1d\x01\x03\x01I\
\x00\x02\x01\x03\x01\x02\x03~\x05\x01\x01\x01\x00]\x00\x00\
\x00\x17K\x00\x03\x03\x04`\x06\x01\x04\x04!\x04L\x04\
\x04\x00\x00\x04 \x04\x1f\x1a\x18\x0e\x0d\x00\x03\x00\x03\x11\
\x07\x07\x15+\x1353\x15\x02&546766\
773\x15\x14\x06\x06\x07\x06\x06\x15\x14\x16326\
7\x17\x06\x06#\xb1w\xa3q/.*,\x05\x04<\
\x17!\x1b \x1e60,a0$+~>\x01q\
ww\xfd\xd4VH2D)&;+\x17!(=\
)\x1c!. %-'&M'-\x00\xff\xff\x00\
8\x01\xa6\x01z\x02\xc1\x00\x22\x02Q\x00\x00\x00\x03\x02\
Q\x00\xcc\x00\x00\x00\x01\x008\x01\xa6\x00\xae\x02\xc1\x00\
\x03\x00\x19@\x16\x02\x01\x01\x01\x00]\x00\x00\x00\x14\x01\
L\x00\x00\x00\x03\x00\x03\x11\x03\x07\x15+\x13\x033\x03\
R\x1av\x19\x01\xa6\x01\x1b\xfe\xe5\x00\x00\x02\x00;\xff\
\x85\x00\xb2\x01\xe8\x00\x03\x00\x0d\x00$@!\x0a\x09\x02\
\x03G\x00\x01\x01\x00]\x00\x00\x00\x17K\x00\x02\x02\x03\
]\x00\x03\x03\x15\x03L\x17\x11\x11\x10\x04\x07\x18+\x13\
3\x15#\x153\x15\x14\x06\x07'67#;ww\
w\x1f%,*\x067\x01\xe8w\xfaQ/M%#\
-+\x00\x00\x01\xff\xec\xff\xbc\x01<\x02\xf4\x00\x03\x00\
\x06\xb3\x02\x00\x010+\x17'\x01\x17<P\x01\x00P\
D\x19\x03\x1f\x19\x00\x01\x00\x0a\xff\xc1\x01\xea\x00\x00\x00\
\x03\x00&\xb1\x06dD@\x1b\x00\x00\x01\x01\x00U\x00\
\x00\x00\x01]\x02\x01\x01\x00\x01M\x00\x00\x00\x03\x00\x03\
\x11\x03\x07\x15+\xb1\x06\x00D\x175!\x15\x0a\x01\xe0\
???\x00\x01\x00[\x00\xc9\x00\xd2\x015\x00\x03\x00\
\x18@\x15\x00\x00\x01\x01\x00U\x00\x00\x00\x01]\x00\x01\
\x00\x01M\x11\x10\x02\x07\x16+\x133\x15#[ww\
\x015l\x00\x01\x00.\xffL\x01f\x02\xc1\x00$\x00\
1@.\x15\x14\x02\x03\x02\x03\x01J\x00\x03\x00\x02\x00\
\x03\x02g\x00\x05\x05\x04]\x00\x04\x04\x14K\x00\x00\x00\
\x01]\x00\x01\x01\x19\x01L!%\x13\x15!(\x06\x07\
\x1a+\x12\x06\x07\x16\x16\x15\x15\x14\x1633\x15#\x22\
&554&''576655463\
3\x15#\x22\x06\x15\x15\xf4-\x1f\x1f-\x15\x16Gh\
49\x1e&\x1f\x1f&\x1e94hG\x16\x15\x01G\
9\x07\x07:,\xd4\x17\x15N:5\xd4(%\x02\x03\
K\x03\x02%(\xd45:N\x15\x17\xd4\x00\x00\x01\x00\
\x0a\xffL\x01B\x02\xc1\x00\x22\x001@.\x12\x01\x00\
\x03\x00\x05\x01J\x00\x05\x00\x00\x02\x05\x00g\x00\x03\x03\
\x04]\x00\x04\x04\x14K\x00\x02\x02\x01]\x00\x01\x01\x19\
\x01L\x15!*!%\x12\x06\x07\x1a+\x01\x15\x07\x06\
\x06\x15\x15\x14\x06##53255467&\
&554##532\x16\x15\x15\x14\x16\x17\x01\
B &\x1d95gG+-\x1f\x1f-+Gg\
59\x1d&\x01,K\x03\x02$)\xd45:N,\
\xd4,:\x07\x079,\xd4,N:5\xd4)$\x02\
\x00\x00\x01\x00l\xffL\x01A\x02\xc1\x00\x07\x00%@\
\x22\x00\x01\x01\x00]\x00\x00\x00\x14K\x00\x02\x02\x03]\
\x04\x01\x03\x03\x19\x03L\x00\x00\x00\x07\x00\x07\x11\x11\x11\
\x05\x07\x17+\x17\x113\x15#\x113\x15l\xd5rr\
\xb4\x03uN\xfd'N\x00\x01\x00\x0a\xffL\x00\xdf\x02\
\xc1\x00\x07\x00\x1f@\x1c\x00\x02\x02\x03]\x00\x03\x03\x14\
K\x00\x01\x01\x00]\x00\x00\x00\x19\x00L\x11\x11\x11\x10\
\x04\x07\x18+\x17#53\x11#53\xdf\xd5rr\
\xd5\xb4N\x02\xd9N\x00\x00\x01\x00f\xff>\x01)\x02\
\xd0\x00\x0d\x00\x06\xb3\x0d\x05\x010+\x16&546\
7\x17\x06\x06\x15\x14\x16\x17\x07\xa0::DE2)\
)2EI\xdbuu\xdaz\x1cw\xcdii\xcdw\
\x1c\x00\x01\x00#\xff>\x00\xe5\x02\xd0\x00\x0d\x00\x06\xb3\
\x0d\x07\x010+\x176654&'7\x16\x16\x15\
\x14\x06\x07#2))2EC::C\xa6w\xcd\
ii\xcdw\x1cz\xdauu\xdby\x00\x01\x00\x00\x00\
\xeb\x03\xe8\x01*\x00\x03\x00\x1e@\x1b\x00\x00\x01\x01\x00\
U\x00\x00\x00\x01]\x02\x01\x01\x00\x01M\x00\x00\x00\x03\
\x00\x03\x11\x03\x07\x15+55!\x15\x03\xe8\xeb??\
\x00\x00\x01\x00\x00\x00\xeb\x01\xf4\x01*\x00\x03\x00\x1e@\
\x1b\x00\x00\x01\x01\x00U\x00\x00\x00\x01]\x02\x01\x01\x00\
\x01M\x00\x00\x00\x03\x00\x03\x11\x03\x07\x15+55!\
\x15\x01\xf4\xeb??\x00\x00\x01\x00F\x00\xeb\x02\x12\x01\
*\x00\x03\x00\x1e@\x1b\x00\x00\x01\x01\x00U\x00\x00\x00\
\x01]\x02\x01\x01\x00\x01M\x00\x00\x00\x03\x00\x03\x11\x03\
\x07\x15+75!\x15F\x01\xcc\xeb??\x00\x01\x00\
\x00\x00\xeb\x03\xe8\x01*\x00\x03\x00\x1e@\x1b\x00\x00\x01\
\x01\x00U\x00\x00\x00\x01]\x02\x01\x01\x00\x01M\x00\x00\
\x00\x03\x00\x03\x11\x03\x07\x15+55!\x15\x03\xe8\xeb\
??\x00\x00\x01\x00F\x00\xe2\x01g\x013\x00\x03\x00\
\x1e@\x1b\x00\x00\x01\x01\x00U\x00\x00\x00\x01]\x02\x01\
\x01\x00\x01M\x00\x00\x00\x03\x00\x03\x11\x03\x07\x15+7\
5!\x15F\x01!\xe2QQ\xff\xff\x00F\x00\xe2\x01\
g\x013\x00\x02\x02`\x00\x00\xff\xff\x00F\x00\xe2\x01\
g\x013\x00\x02\x02`\x00\x00\xff\xff\x00=\x00P\x01\
\xa5\x01\xc3\x00\x22\x02e\x00\x00\x00\x03\x02e\x00\xc1\x00\
\x00\xff\xff\x00,\x00P\x01\x94\x01\xc3\x00\x22\x02f\x00\
\x00\x00\x03\x02f\x00\xc1\x00\x00\x00\x01\x00=\x00P\x00\
\xe4\x01\xc3\x00\x06\x00\x06\xb3\x03\x00\x010+7'5\
7\x17\x07\x17\x9fbaFLLP\xa03\xa0\x1e\x9c\
\x9c\x00\x01\x00,\x00P\x00\xd3\x01\xc3\x00\x06\x00\x06\xb3\
\x04\x00\x010+7'7'7\x17\x15qELL\
FaP\x1d\x9c\x9c\x1e\xa03\xff\xff\x00;\xff\x85\x01\
d\x00w\x00\x22\x02l\x00\x00\x00\x03\x02l\x00\xb2\x00\
\x00\xff\xff\x00;\x01\xd6\x01d\x02\xc7\x00\x22\x02j\x00\
\x00\x00\x03\x02j\x00\xb2\x00\x00\xff\xff\x00;\x01\xcf\x01\
d\x02\xc1\x00\x22\x02k\x00\x00\x00\x03\x02k\x00\xb2\x00\
\x00\x00\x01\x00;\x01\xd6\x00\xb2\x02\xc7\x00\x09\x00$@\
!\x07\x06\x02\x01H\x02\x01\x01\x00\x00\x01U\x02\x01\x01\
\x01\x00]\x00\x00\x01\x00M\x00\x00\x00\x09\x00\x09\x11\x03\
\x07\x15+\x13\x15#5467\x17\x06\x07\xb2w \
%,*\x06\x02MwQ.M%\x22.*\x00\x00\
\x01\x00;\x01\xcf\x00\xb2\x02\xc1\x00\x09\x00\x1e@\x1b\x05\
\x04\x02\x00G\x00\x00\x00\x01]\x02\x01\x01\x01\x14\x00L\
\x00\x00\x00\x09\x00\x09\x17\x03\x07\x15+\x13\x15\x14\x06\x07\
'67#5\xb2\x1f%,*\x067\x02\xc1Q/\
L&#-+w\x00\x00\x01\x00;\xff\x85\x00\xb2\x00\
w\x00\x09\x00\x1e@\x1b\x05\x04\x02\x00G\x02\x01\x01\x01\
\x00]\x00\x00\x00\x15\x00L\x00\x00\x00\x09\x00\x09\x17\x03\
\x07\x15+7\x15\x14\x06\x07'67#5\xb2\x1f%\
,*\x067wQ/M%#-+w\x00\x01\x00\
9\xff\x8d\x027\x034\x00\x1d\x004@1\x0f\x0c\x02\
\x02\x01\x1d\x13\x12\x03\x03\x02\x06\x03\x02\x00\x03\x03J\x00\
\x01\x00\x02\x03\x01\x02g\x00\x03\x00\x00\x03W\x00\x03\x03\
\x00]\x00\x00\x03\x00M$&\x18\x14\x04\x07\x18+%\
\x06\x06\x07\x15#5&&546753\x15\x16\
\x16\x17\x07&#\x22\x06\x15\x14\x16327\x027!\
_0Tu\x85\x84uT1_!%WU]h\
h]UWO!-\x06nn\x11\xbc\x99\x97\xbd\x11\
nm\x07-!LN\x90\x83\x83\x91N\x00\x00\x01\x00\
W\xff\x8d\x01\xfd\x02_\x00\x1d\x004@1\x12\x0f\x0c\
\x03\x02\x01\x1d\x13\x02\x03\x02\x06\x03\x02\x00\x03\x03J\x00\
\x01\x00\x02\x03\x01\x02g\x00\x03\x00\x00\x03W\x00\x03\x03\
\x00]\x00\x00\x03\x00M$&\x18\x14\x04\x07\x18+%\
\x06\x06\x07\x15#5&&546753\x15\x16\
\x16\x17\x07&#\x22\x06\x15\x14\x16327\x01\xfd\x1b\
O-UUeeUU,Q\x1a\x1fBGFO\
NGGB7\x19\x1f\x05mq\x11\x84aa\x86\x13\
ql\x04!\x19H6\x5cRRY6\x00\x00\x01\x00\
\x1d\xff\x84\x02^\x034\x00(\x00D@A# \x1e\
\x03\x04\x02&%\x15\x08\x07\x05\x00\x04\x12\x10\x0d\x03\x01\
\x00\x03J\x14\x13\x0f\x0e\x04\x01G\x03\x01\x02\x05\x01\x04\
\x00\x02\x04g\x00\x00\x00\x01_\x00\x01\x01\x1d\x01L\x00\
\x00\x00(\x00'\x22!\x1d\x1c$$\x06\x07\x16+\x00\
\x06\x15\x14\x16327\x17\x06\x06#\x22'\x07'7\
&'\x07'7&5466773\x07\x16\x17\
73\x07\x16\x17\x07&#\x01\x09hh]UW%\
'v7%%1C1#\x1b9BJ.B{\
T+K,!(5LC\x0d\x0f%WU\x02t\
\x90\x83\x83\x91NL'0\x08|\x1a{\x12\x1d\x8e\x19\
\xb9W~j\x9dZ\x06lp\x05\x11\x86\xaa\x09\x0fL\
N\x00\x02\x005\xff\xf9\x02!\x01\xf3\x00\x1b\x00+\x00\
F@C\x18\x16\x12\x10\x04\x02\x01\x19\x0f\x0b\x01\x04\x03\
\x02\x0a\x08\x04\x02\x04\x00\x03\x03J\x17\x11\x02\x01H\x09\
\x03\x02\x00G\x00\x02\x02\x01_\x00\x01\x01\x17K\x04\x01\
\x03\x03\x00_\x00\x00\x00\x15\x00L\x1c\x1c\x1c+\x1c*\
-,%\x05\x07\x17+$\x07\x17\x07'\x06#\x22'\
\x07'7&547'7\x17632\x177\x17\
\x07\x16\x15\x066654&&#\x22\x06\x06\x15\x14\
\x16\x163\x02\x1d25.5APRA6.6\
116/5ARQ?4151\xc8H*\
+H+*G**H+\xa2D7.623\
7.8BTUA8/831717A\
U\xa6-L-.L,-L--L-\x00\x00\
\x01\x00*\xff\x8d\x02.\x034\x00.\x005@2\x1d\
\x1a\x02\x03\x02! \x09\x08\x04\x01\x03\x05\x02\x02\x00\x01\
\x03J\x00\x02\x00\x03\x01\x02\x03g\x00\x01\x00\x00\x01W\
\x00\x01\x01\x00]\x00\x00\x01\x00M&\x1e'\x13\x04\x07\
\x18+$\x06\x07\x15#5&&'7\x16\x1632\
654&&'.\x02546753\x15\x16\
\x16\x17\x07&#\x22\x06\x15\x14\x16\x16\x17\x1e\x02\x15\x02\
.p^TCt+%3j?JQ+@9\
K^Cu`T:g$%ZpER.D\
;IZ@sl\x0cnl\x05+&M*&<\
8!)\x16\x0f\x13&PBQq\x0bmm\x06,\
\x22LN?7%/\x19\x0e\x12$L?\x00\x03\x00\
7\xffq\x02D\x02\xc1\x00\x1a\x00&\x00*\x00\x90\xb6\
\x12\x04\x02\x09\x08\x01JK\xb0'PX@.\x07\x01\
\x05\x04\x01\x00\x03\x05\x00e\x00\x0a\x0d\x01\x0b\x0a\x0ba\
\x00\x06\x06\x14K\x00\x08\x08\x03_\x00\x03\x03\x1fK\x0c\
\x01\x09\x09\x01_\x02\x01\x01\x01\x15\x01L\x1b@2\x07\
\x01\x05\x04\x01\x00\x03\x05\x00e\x00\x0a\x0d\x01\x0b\x0a\x0b\
a\x00\x06\x06\x14K\x00\x08\x08\x03_\x00\x03\x03\x1fK\
\x00\x01\x01\x15K\x0c\x01\x09\x09\x02_\x00\x02\x02 \x02\
LY@\x1a''\x1b\x1b'*'*)(\x1b&\
\x1b%%\x11\x11\x11\x13&#\x11\x10\x0e\x07\x1d+\x01\
#\x11#5\x06\x06#\x22&&546632\
\x16\x175#5353\x153\x02654&#\
\x22\x06\x15\x14\x163\x075!\x15\x02DHd\x15O\
2;\x5c44\x5c;1O\x15\x94\x94eH\xedA\
A<:DE9\xd1\x01\xb2\x02)\xfd\xd7T+/\
=sNNq<.*\x8eBVV\xfd\xdf\x5cP\
P\x5cZPP^\xd9BB\x00\x01\x00\x12\xff\xf8\x02\
H\x02\xc9\x00)\x00O@L\x19\x18\x02\x04\x06\x02\x01\
\x02\x0b\x01\x02J\x07\x01\x04\x08\x01\x03\x02\x04\x03e\x09\
\x01\x02\x0a\x01\x01\x0b\x02\x01e\x00\x06\x06\x05_\x00\x05\
\x05\x1cK\x0c\x01\x0b\x0b\x00_\x00\x00\x00\x1d\x00L\x00\
\x00\x00)\x00('&%$\x11\x11$\x22\x11\x14\x11\
\x12$\x0d\x07\x1d+$7\x17\x06\x06#\x22&'#\
53&547#536632\x16\x17\x07\
&#\x22\x073\x15#\x06\x15\x14\x173\x15#\x163\
\x01\xcfU$&t9f\x85\x14d\x5c\x01\x01\x5cd\
\x14\x85f<o($UV\x81\x1c\xa6\xad\x01\x01\xad\
\xa6\x1c\x81MNL(/\x83xD\x0e\x1c\x1c\x0eD\
x\x82-*LN\xa5D\x0d\x1d\x1d\x0dD\xa6\x00\x00\
\x01\x00%\xffG\x022\x02\xc5\x00\x1b\x005@2\x08\
\x01\x07\x07\x06_\x00\x06\x06\x14K\x04\x01\x01\x01\x00]\
\x05\x01\x00\x00\x17K\x00\x03\x03\x02_\x00\x02\x02!\x02\
L\x00\x00\x00\x1b\x00\x1a#\x11\x13!#\x11\x13\x09\x07\
\x1b+\x00\x06\x07\x073\x15#\x03\x06\x06##53\
267\x13#5376633\x15#\x01\xd2\
0\x0a\x09w\x85^\x12hJ:8(1\x0a\x5cv\
\x84\x0a\x12hK98\x02t-1,B\xfeJW\
TQ-1\x01\xb2B0WTQ\x00\x01\x00C\x00\
\x00\x02K\x02\xc1\x00\x17\x00t\xb5\x14\x01\x02\x06\x01J\
K\xb0!PX@%\x00\x06\x00\x02\x01\x06\x02e\x00\
\x05\x05\x04]\x00\x04\x04\x14K\x00\x00\x00\x07_\x09\x08\
\x02\x07\x07\x17K\x03\x01\x01\x01\x15\x01L\x1b@)\x00\
\x06\x00\x02\x01\x06\x02e\x00\x05\x05\x04]\x00\x04\x04\x14\
K\x00\x07\x07\x17K\x00\x00\x00\x08_\x09\x01\x08\x08\x1f\
K\x03\x01\x01\x01\x15\x01LY@\x11\x00\x00\x00\x17\x00\
\x16\x11\x11\x11\x11\x11\x11\x13!\x0a\x07\x1c+\x01\x15#\
\x22\x06\x15\x11#\x11#\x11#\x11!\x15!\x1535\
3\x15663\x02K\x0bGDa\xafb\x01\xa7\xfe\
\xbb\xaf[\x13F3\x01\xefTK@\xfe\xf0\x01<\xfe\
\xc4\x02\xc1U\xdbWY4,\x00\x01\x00/\xff\x8d\x02\
-\x034\x00!\x00B@?\x11\x0e\x02\x03\x02\x15\x14\
\x02\x00\x03\x1f\x01\x04\x05\x08\x05\x02\x03\x01\x04\x04J\x00\
\x02\x00\x03\x00\x02\x03g\x00\x00\x00\x05\x04\x00\x05e\x00\
\x04\x01\x01\x04W\x00\x04\x04\x01]\x00\x01\x04\x01M\x12\
$&\x18\x15\x10\x06\x07\x1a+\x013\x11\x06\x06\x07\x15\
#5&&546753\x15\x16\x16\x17\x07&\
#\x22\x06\x15\x14\x163275#\x01F\xe4$\x5c\
,Tv\x85\x84uT0`!$XU\x5chg\
[6=\x87\x01v\xfe\xb5\x13\x19\x05mn\x11\xbc\x99\
\x98\xbb\x11om\x07-!LN\x8f\x84\x84\x92\x17\xc6\
\x00\x00\x01\x00\x12\x00\x00\x02O\x02\xc1\x00\x11\x00/@\
,\x0d\x01\x04\x05\x04\x01\x01\x00\x02J\x07\x01\x04\x03\x01\
\x00\x01\x04\x00f\x06\x01\x05\x05\x14K\x02\x01\x01\x01\x15\
\x01L\x11\x12\x11\x11\x11\x12\x11\x10\x08\x07\x1c+\x01#\
\x01#\x01\x11#\x11#53\x113\x11\x013\x013\
\x02'\xe7\x01\x0ft\xfe\xf3dXXd\x01\x0dt\xfe\
\xf0\xe8\x01?\xfe\xc1\x01;\xfe\xc5\x01?C\x01?\xfe\
\xc5\x01;\xfe\xc1\x00\x01\x00.\x00\x00\x029\x02\xc9\x00\
#\x00H@E\x15\x14\x02\x06\x08\x01J\x09\x01\x06\x0a\
\x01\x05\x04\x06\x05e\x0b\x01\x04\x0c\x01\x03\x00\x04\x03e\
\x00\x08\x08\x07_\x00\x07\x07\x1cK\x02\x01\x00\x00\x01]\
\x00\x01\x01\x15\x01L#\x22! \x1f\x1e\x1d\x1c%#\
\x11\x11\x11\x11\x11\x11\x10\x0d\x07\x1d+7!\x15!5\
35#535#5354632\x16\x17\
\x07&&#\x22\x06\x15\x153\x15#\x153\x15#\xef\
\x01D\xfd\xfb[[[[[o^Au-%,\
^.58\xaf\xaf\xaf\xafUUU\x9eDTD8\
Yi,*L&(<91DTD\x00\x01\x00\
?\xff\xf8\x02:\x02\xcd\x00\x1b\x007@4\x1b\x17\x16\
\x15\x14\x13\x12\x11\x0f\x0c\x0b\x0a\x09\x08\x07\x06\x05\x11\x02\
\x01\x04\x01\x00\x02\x02J\x10\x01\x01H\x00\x01\x01\x14K\
\x00\x02\x02\x00`\x00\x00\x00\x1d\x00L*\x1a!\x03\x07\
\x17+%\x06#\x22'\x11\x07575\x07575\
3\x157\x15\x07\x157\x15\x07\x11\x16327\x02:\
^\x98WS[[[[g\xb0\xb0\xb0\xb0$,j\
ZMU\x1c\x01)3O3W3O3\x8fVb\
ObWbNb\xfe\xe1\x0bM\x00\x00\x01\x001\x00\
\x00\x02)\x034\x00\x17\x00\x22@\x1f\x17\x14\x0b\x08\x04\
\x01\x03\x01J\x00\x03\x00\x01\x00\x03\x01e\x02\x01\x00\x00\
\x15\x00L\x15\x15\x15\x13\x04\x07\x18+\x00\x16\x12\x11#\
4\x02&'\x11#\x11\x06\x06\x02\x15#\x10\x1267\
53\x15\x01\x9c\x5c1e\x190'P&0\x18e\
1ZFT\x02\xb9\x84\xfe\xd1\xfe\xfa\xe8\x01\x08t\x0e\
\xfe\xd2\x01-\x0ev\xfe\xf9\xe6\x01\x06\x01/\x84\x0co\
o\x00\x01\x00\x12\x00\x00\x02G\x02\xc1\x00\x19\x00\xc6@\
\x0a\x08\x01\x08\x09\x15\x01\x03\x02\x02JK\xb0\x0dPX\
@#\x06\x01\x01\x05\x01\x02\x03\x01\x02e\x0a\x01\x09\x09\
\x14K\x07\x01\x00\x00\x08]\x0b\x01\x08\x08\x17K\x04\x01\
\x03\x03\x15\x03L\x1bK\xb0\x0fPX@!\x0b\x01\x08\
\x07\x01\x00\x01\x08\x00e\x06\x01\x01\x05\x01\x02\x03\x01\x02\
e\x0a\x01\x09\x09\x14K\x04\x01\x03\x03\x15\x03L\x1bK\
\xb0\x15PX@#\x06\x01\x01\x05\x01\x02\x03\x01\x02e\
\x0a\x01\x09\x09\x14K\x07\x01\x00\x00\x08]\x0b\x01\x08\x08\
\x17K\x04\x01\x03\x03\x15\x03L\x1b@!\x0b\x01\x08\x07\
\x01\x00\x01\x08\x00e\x06\x01\x01\x05\x01\x02\x03\x01\x02e\
\x0a\x01\x09\x09\x14K\x04\x01\x03\x03\x15\x03LYYY\
@\x12\x19\x18\x17\x16\x14\x13\x11\x11\x11\x11\x12\x11\x11\x11\
\x10\x0c\x07\x1d+\x01#\x153\x15#\x15#\x03\x11#\
5#535#5353\x13\x113\x153\x02\
GZZZT\xd6XYYYYT\xd6XZ\x01\
\x8cTD\xf4\x01\xea\xfe\x16\xf4DTD\xf1\xfe\x08\x01\
\xf8\xf1\x00\x00\x02\x00M\xff\xf9\x04\x86\x02\xc1\x00E\x00\
N\x01>K\xb0\x15PX@\x13<\x01\x02\x06=\x01\
\x0f\x02(\x01\x0a\x03\x09\x08\x02\x00\x0a\x04J\x1bK\xb0\
!PX@\x13<\x01\x0d\x06=\x01\x0f\x02(\x01\x0a\
\x03\x09\x08\x02\x00\x0a\x04J\x1b@\x16<\x01\x0d\x06=\
\x01\x0f\x02(\x01\x0a\x03\x08\x01\x04\x0a\x09\x01\x00\x04\x05\
JYYK\xb0\x15PX@7\x00\x07\x05\x0e\x05\x07\
\x0e~\x10\x01\x0f\x00\x03\x0a\x0f\x03e\x00\x0e\x0e\x05]\
\x00\x05\x05\x14K\x0d\x09\x02\x02\x02\x06]\x0c\x08\x02\x06\
\x06\x17K\x0b\x01\x0a\x0a\x00`\x04\x01\x02\x00\x00 \x00\
L\x1bK\xb0!PX@?\x00\x07\x05\x0e\x05\x07\x0e\
~\x10\x01\x0f\x00\x03\x0a\x0f\x03e\x00\x0e\x0e\x05]\x00\
\x05\x05\x14K\x00\x0d\x0d\x0c_\x00\x0c\x0c\x1fK\x09\x01\
\x02\x02\x06]\x08\x01\x06\x06\x17K\x0b\x01\x0a\x0a\x00`\
\x04\x01\x02\x00\x00 \x00L\x1b@C\x00\x07\x05\x0e\x05\
\x07\x0e~\x10\x01\x0f\x00\x03\x0a\x0f\x03e\x00\x0e\x0e\x05\
]\x00\x05\x05\x14K\x00\x0d\x0d\x0c_\x00\x0c\x0c\x1fK\
\x09\x01\x02\x02\x06]\x08\x01\x06\x06\x17K\x00\x04\x04\x15\
K\x0b\x01\x0a\x0a\x00`\x01\x01\x00\x00 \x00LYY\
@\x1eFFFNFMLJ@>:8,*\
&$\x22!\x11\x11\x12!\x11\x22\x13#%\x11\x07\x1d\
+\x00\x16\x16\x15\x14\x06#\x22'\x07\x06#\x22&5\
5#\x06\x06##\x15#\x1132\x16\x17353\
\x153\x15#\x15\x143277\x16\x163665\
4&&'&&546632\x16\x17\x07&\
#\x22\x06\x15\x14\x16\x17$654&##\x113\
\x04\x1cJ kXlJ\x03\x19\x1b_]C\x11u\
XGe\xacix\x04<e}}c\x0a\x1a\x17*\
Q-.4\x1520UL1W7/^!\x1f\
LH)1,@\xfd`CBGCC\x01\x0b%\
5(AO3/\x04]X\xecNY\xf3\x02\xc1s\
f\x93\x93M\xe9k\x027\x1e\x1b\x01\x22\x1e\x13\x19\x14\
\x0a\x13A8+E&\x22\x1dG7$\x1f\x1c\x1d\x0f\
,HLLH\xfe\xd8\x00\x02\x00\x12\x00\x00\x02G\x02\
\xc1\x00\x1c\x00%\x00H@E\x0a\x01\x08\x07\x01\x00\x01\
\x08\x00e\x06\x01\x01\x05\x01\x02\x0c\x01\x02e\x0d\x01\x0c\
\x00\x03\x04\x0c\x03e\x00\x0b\x0b\x09]\x00\x09\x09\x14K\
\x00\x04\x04\x15\x04L\x1d\x1d\x1d%\x1d$#!\x1c\x1b\
\x19\x17\x11\x11\x11\x11\x11\x22\x11\x14\x10\x0e\x07\x1d+\x01\
#\x16\x15\x14\x073\x15#\x06\x06##\x15#\x11#\
535#53532\x16\x173\x02654\
&##\x113\x02GN\x03\x03Na\x1ajKG\
eYYYY\xacMj\x19`\xefCCEDD\
\x02\x04\x13\x16\x16\x15D9@\xf3\x01lDTDy\
@9\xfe\xfeGMNF\xfe\xd8\x00\x00\x02\x00\x12\x00\
\x00\x02A\x02\xc1\x00\x16\x00\x1e\x00=@:\x09\x01\x06\
\x0b\x08\x02\x05\x00\x06\x05e\x04\x01\x00\x03\x01\x01\x02\x00\
\x01e\x00\x0a\x0a\x07]\x00\x07\x07\x14K\x00\x02\x02\x15\
\x02L\x00\x00\x1e\x1c\x19\x17\x00\x16\x00\x15!\x11\x11\x11\
\x11\x11\x11\x11\x0c\x07\x1c+\x13\x153\x15#\x15#5\
#535#53\x1132\x16\x15\x14\x06#'\
3254&##\xd0\xac\xaceYYYY\xea\
p|}o\x86s\x9dLLx\x01+SE\x93\x93\
ESD\x01Rm]_mD\x7fC@\x00\x01\x00\
\x15\x00\x00\x02C\x02\xc1\x00\x1f\x00\x06\xb3\x1e\x0d\x010\
+\x01#\x16\x173\x15#\x06\x06\x07\x16\x16\x17\x17#\
'&&##5327!5!&##5\
!\x02C\x93#\x0cd_\x05]M\x1c,\x15\x96{\
\x94\x183*\x8f\xd5\x88\x0d\xfe\x96\x01e\x17y\xd5\x02\
.\x02} 4DJ`\x0d\x08%\x1f\xe2\xe2$\x1d\
TnDTD\x00\x01\x00.\x00\x00\x029\x02\xc9\x00\
\x1b\x006@3\x11\x10\x02\x04\x06\x01J\x07\x01\x04\x08\
\x01\x03\x00\x04\x03e\x00\x06\x06\x05_\x00\x05\x05\x1cK\
\x02\x01\x00\x00\x01]\x00\x01\x01\x15\x01L\x11\x13%#\
\x11\x11\x11\x11\x10\x09\x07\x1d+7!\x15!535\
#5354632\x16\x17\x07&&#\x22\x06\
\x15\x153\x15#\xef\x01D\xfd\xfb[[[o^A\
u-%,^.58\xaf\xafUUU\xeaD\x84\
Yi,*L&(<9}D\x00\x01\x00\x12\x00\
\x00\x02G\x02\xc1\x00\x1c\x00\xcd@\x0b\x08\x01\x08\x09\x18\
\x15\x02\x03\x02\x02JK\xb0\x0dPX@$\x06\x01\x01\
\x05\x01\x02\x03\x01\x02e\x0b\x0a\x02\x09\x09\x14K\x07\x01\
\x00\x00\x08]\x0c\x01\x08\x08\x17K\x04\x01\x03\x03\x15\x03\
L\x1bK\xb0\x0fPX@\x22\x0c\x01\x08\x07\x01\x00\x01\
\x08\x00f\x06\x01\x01\x05\x01\x02\x03\x01\x02e\x0b\x0a\x02\
\x09\x09\x14K\x04\x01\x03\x03\x15\x03L\x1bK\xb0\x15P\
X@$\x06\x01\x01\x05\x01\x02\x03\x01\x02e\x0b\x0a\x02\
\x09\x09\x14K\x07\x01\x00\x00\x08]\x0c\x01\x08\x08\x17K\
\x04\x01\x03\x03\x15\x03L\x1b@\x22\x0c\x01\x08\x07\x01\x00\
\x01\x08\x00f\x06\x01\x01\x05\x01\x02\x03\x01\x02e\x0b\x0a\
\x02\x09\x09\x14K\x04\x01\x03\x03\x15\x03LYYY@\
\x14\x1c\x1b\x1a\x19\x17\x16\x14\x13\x11\x11\x11\x11\x12\x11\x11\
\x11\x10\x0d\x07\x1d+\x01#\x073\x15#\x07#\x03\x03\
#'#53'#53'3\x13\x133\x13\x13\
3\x073\x02GQ\x0b\x5ce @VV@ d\
[\x0bPG R5M>M5R H\x01\x8c\
TD\xf4\x01\xf4\xfe\x0c\xf4DTD\xf1\xfe+\x01\xd5\
\xfe+\x01\xd5\xf1\x00\x01\xff\xf6\x00\x00\x02b\x02\xc1\x00\
\x16\x00>@;\x15\x01\x00\x09\x01J\x08\x01\x00\x07\x01\
\x01\x02\x00\x01f\x06\x01\x02\x05\x01\x03\x04\x02\x03e\x0b\
\x0a\x02\x09\x09\x14K\x00\x04\x04\x15\x04L\x00\x00\x00\x16\
\x00\x16\x14\x13\x11\x11\x11\x11\x11\x11\x11\x11\x11\x0c\x07\x1d\
+\x01\x033\x15#\x153\x15#\x15#5#53\
5#53\x033\x13\x13\x02b\xde\x8e\xb3\xb3\xb3g\
\xb2\xb2\xb2\x8e\xder\xc4\xc4\x02\xc1\xfe\xc5DTD\xaa\
\xaaDTD\x01;\xfe\xe3\x01\x1d\x00\x00\x01\x00\xf1\x00\
\xcf\x01h\x01F\x00\x03\x00\x06\xb3\x02\x00\x010+\x13\
3\x15#\xf1ww\x01Fw\x00\x01\x00\x84\xff\xbc\x01\
\xd4\x02\xf4\x00\x03\x00\x06\xb3\x02\x00\x010+\x17'\x01\
\x17\xd4P\x01\x00PD\x19\x03\x1f\x19\x00\x01\x008\x00\
)\x02 \x02\x11\x00\x0b\x00,@)\x00\x04\x03\x01\x04\
U\x06\x05\x02\x03\x02\x01\x00\x01\x03\x00e\x00\x04\x04\x01\
]\x00\x01\x04\x01M\x00\x00\x00\x0b\x00\x0b\x11\x11\x11\x11\
\x11\x07\x07\x19+\x01\x15#\x15#5#5353\
\x15\x02 \xcfJ\xcf\xcfJ\x01BJ\xcf\xcfJ\xcf\xcf\
\x00\x00\x01\x008\x00\xf8\x02 \x01B\x00\x03\x00\x06\xb3\
\x01\x00\x010+\x01\x15!5\x02 \xfe\x18\x01BJ\
J\x00\x01\x00B\x003\x02\x16\x02\x07\x00\x0b\x00\x06\xb3\
\x09\x03\x010+\x01\x07\x17\x07'\x07'7'7\x17\
7\x02\x16\xb6\xb64\xb6\xb64\xb6\xb64\xb6\xb6\x01\xd3\
\xb6\xb64\xb6\xb64\xb6\xb64\xb6\xb6\x00\x03\x008\x00\
$\x02 \x02\x14\x00\x03\x00\x07\x00\x0b\x00@@=\x00\
\x00\x06\x01\x01\x03\x00\x01e\x07\x01\x03\x00\x02\x04\x03\x02\
e\x00\x04\x05\x05\x04U\x00\x04\x04\x05]\x08\x01\x05\x04\
\x05M\x08\x08\x04\x04\x00\x00\x08\x0b\x08\x0b\x0a\x09\x04\x07\
\x04\x07\x06\x05\x00\x03\x00\x03\x11\x09\x07\x15+\x1353\
\x15\x17\x15!5\x1353\x15\xf4d\xc8\xfe\x18\xbcd\
\x01\xaefflJJ\xfe\xe2ff\x00\x02\x008\x00\
\x94\x02 \x01\xa6\x00\x03\x00\x07\x000@-\x04\x01\x01\
\x00\x00\x03\x01\x00e\x05\x01\x03\x02\x02\x03U\x05\x01\x03\
\x03\x02]\x00\x02\x03\x02M\x04\x04\x00\x00\x04\x07\x04\x07\
\x06\x05\x00\x03\x00\x03\x11\x06\x07\x15+\x01\x15!5\x05\
\x15!5\x02 \xfe\x18\x01\xe8\xfe\x18\x01\xa6JJ\xc8\
JJ\x00\x00\x01\x008\x00\x0e\x02 \x02,\x00\x13\x00\
\x06\xb3\x10\x06\x010+\x01#\x073\x15!\x07'7\
#537#537\x17\x073\x02 \xb85\xed\
\xfe\xf58D,\x8d\xab5\xe0\xfe8D,\x9a\x01\x5c\
~J\x86\x1diJ~J\x86\x1di\x00\x01\x008\x00\
 \x02 \x02\x1a\x00\x06\x00\x06\xb3\x03\x00\x010+\x13\
\x05\x15\x055%%8\x01\xe8\xfe\x18\x01\x8c\xfet\x02\
\x1a\xd6N\xd6Q\xac\xac\x00\x01\x008\x00 \x02 \x02\
\x1a\x00\x06\x00\x06\xb3\x04\x00\x010+\x01\x15\x05\x05\x15\
%5\x02 \xfet\x01\x8c\xfe\x18\x02\x1aQ\xac\xacQ\
\xd6N\x00\x00\x02\x008\x00\x00\x02 \x02\x1a\x00\x06\x00\
\x0a\x00\x08\xb5\x08\x07\x03\x00\x020+\x13\x05\x15\x055\
%%\x115!\x158\x01\xe8\xfe\x18\x01\x7f\xfe\x81\x01\
\xe8\x02\x1a\xaaN\xaaO\x82\x82\xfe5JJ\x00\x02\x00\
8\x00\x00\x02 \x02\x1a\x00\x06\x00\x0a\x00\x08\xb5\x08\x07\
\x04\x00\x020+\x01\x15\x05\x05\x15%5\x115!\x15\
\x02 \xfe\x81\x01\x7f\xfe\x18\x01\xe8\x02\x1aO\x82\x82O\
\xaaN\xfe\x90JJ\x00\x00\x02\x008\x00\x00\x02 \x02\
\x11\x00\x0b\x00\x0f\x001@.\x04\x01\x00\x03\x01\x01\x02\
\x00\x01e\x00\x05\x00\x02\x06\x05\x02e\x00\x06\x06\x07]\
\x08\x01\x07\x07\x15\x07L\x0c\x0c\x0c\x0f\x0c\x0f\x12\x11\x11\
\x11\x11\x11\x10\x09\x07\x1b+\x013\x15#\x15#5#\
5353\x015!\x15\x01Q\xcf\xcfJ\xcf\xcfJ\
\xfe\xe7\x01\xe8\x01nJ\xa3\xa3J\xa3\xfd\xefJJ\x00\
\x02\x004\x00p\x02\x1c\x01\xcb\x00\x18\x001\x00\x08\xb5\
'\x1b\x0e\x02\x020+\x01\x06\x06#\x22&'&&\
#\x22\x07'6632\x16\x17\x16\x163267\
\x17\x06\x06#\x22&'&&#\x22\x07'663\
2\x16\x17\x16\x163267\x02\x1c\x11E-\x1f;\
)\x1e(\x127\x19:\x12E-\x1f<'#$\x11\
\x1e&\x0c:\x11E-\x1f;)\x1e(\x127\x19:\
\x12E-\x1f<'#$\x11\x1e&\x0c\x01\x9d05\
\x17\x15\x10\x10@\x2205\x17\x15\x12\x0f!\x1f\xe90\
5\x17\x15\x10\x10@\x2205\x17\x15\x12\x0f!\x1f\x00\
\x01\x008\x00\xd4\x02 \x01g\x00\x17\x005\xb1\x06d\
D@*\x17\x01\x01\x02\x0c\x0b\x02\x00\x03\x02J\x00\x02\
\x00\x01\x03\x02\x01g\x00\x03\x00\x00\x03W\x00\x03\x03\x00\
_\x00\x00\x03\x00O$$$\x22\x04\x07\x18+\xb1\x06\
\x00D\x01\x06\x06#\x22&'&&#\x22\x07'6\
632\x16\x17\x16\x16327\x02 \x12E-\x1f\
<' '\x117\x19:\x12E-\x1f<'#$\
\x117\x19\x01905\x17\x15\x11\x0f@\x2205\x17\
\x15\x12\x0f@\x00\x00\x01\x008\x00\x91\x02 \x01\xa9\x00\
\x05\x00%@\x22\x00\x00\x01\x00\x84\x03\x01\x02\x01\x01\x02\
U\x03\x01\x02\x02\x01]\x00\x01\x02\x01M\x00\x00\x00\x05\
\x00\x05\x11\x11\x04\x07\x16+\x01\x11#5!5\x02 \
J\xfeb\x01\xa9\xfe\xe8\xceJ\x00\x03\x00\x04\xff\xea\x02\
T\x02\x9b\x00\x17\x00!\x00+\x00\x0a\xb7(\x22!\x19\
\x16\x0a\x030+7&&546632\x177\
\x17\x07\x16\x16\x15\x14\x06\x06#\x22'\x07'\x01&#\
\x22\x06\x06\x15\x14\x16\x17\x166654&'\x01\x16\
3k07N\x88SSIN0N+0P\x87\
PLEO1\x01\x866??h<%\x22\xd9h\
= \x1d\xfe\xf00;p'o?K\x82O+e\
$e'j<L\x82L%f \x01\xf9\x1f:e\
>0U\x1e:9e?,O\x1f\xfe\xa2\x19\x00\x00\
\x03\x00(\x00\x87\x020\x01\xb1\x00\x17\x00!\x00+\x00\
\x0a\xb7&\x22\x1a\x18\x04\x00\x030+\x00\x16\x15\x14\x06\
#\x22&'\x06\x06#\x22&54632\x16\x17\
663\x067&#\x22\x06\x15\x14\x163 65\
4&#\x22\x07\x163\x01\xe7II?#C\x16\x16\
C#?II?#C\x16\x16C#\xb7! ?\
!&&!\x01\x13&&!>!!>\x01\xb1S\
BCR%))%RCBS%))%\xeb\
WU1%%11%%1UW\x00\x00\x01\x00\
p\xffL\x01\xe8\x02\xc1\x00\x13\x00\x06\xb3\x08\x00\x010\
+\x01\x15#\x22\x06\x15\x11\x14\x06##5326\
5\x11463\x01\xe81-,`T:0-,\
aS\x02\xc1S+2\xfd\xe6WTR+2\x02\x1a\
WU\x00\x00\x01\x005\x00\x00\x02\xdf\x02\xca\x00#\x00\
\x06\xb3\x1e\x05\x010+\x00\x06\x06\x073\x15!56\
654&#\x22\x06\x15\x14\x16\x17\x15!53.\
\x02546632\x16\x16\x15\x02\xdf\x1fMJ\xad\
\xfe\xf3dI}oo}Jc\xfe\xf4\xadML\x1e\
S\x9ahg\x9aT\x01\x92\x5c~cUR\x9b\x9a9\
U``U:\x9b\x99RUj|X/Px@\
AxO\x00\x01\x005\x00\x00\x02\xdf\x02\xca\x00#\x00\
\x06\xb3\x1e\x05\x010+\x00\x06\x06\x073\x15!56\
654&#\x22\x06\x15\x14\x16\x17\x15!53.\
\x02546632\x16\x16\x15\x02\xdf\x1fMJ\xad\
\xfe\xf3dI}oo}Jc\xfe\xf4\xadML\x1e\
S\x9ahg\x9aT\x01\x92\x5c~cUR\x9b\x9a9\
U``U:\x9b\x99RUj|X/Px@\
AxO\x00\x01\x008\xffL\x02 \x02\xc1\x00\x07\x00\
\x06\xb3\x01\x00\x010+\x01\x11#\x11!\x11#\x11\x02\
 ^\xfe\xd4^\x02\xc1\xfc\x8b\x03 \xfc\xe0\x03u\x00\
\x01\x00*\xffL\x02!\x02\xc1\x00\x0c\x00\x06\xb3\x07\x00\
\x010+\x01\x15!\x13\x15\x03!\x15!5\x01\x015\
\x02!\xfe\x81\xe4\xe4\x01\x7f\xfe\x09\x01\x02\xfe\xfe\x02\xc1\
U\xfe\xbdD\xfe\xbcUK\x01p\x01oK\x00\x01\x00\
\x06\xff8\x02C\x02\xf6\x00\x08\x00\x06\xb3\x01\x00\x010\
+\x01\x01#\x03#53\x13\x13\x02C\xff\x00N\x8d\
b\x9by\xda\x02\xf6\xfcB\x01\xc0J\xfes\x03A\x00\
\x01\x00D\xffL\x01\xf2\x01\xe8\x00\x14\x00\x5c@\x0a\x03\
\x01\x04\x03\x08\x01\x00\x04\x02JK\xb0!PX@\x18\
\x06\x05\x02\x03\x03\x17K\x00\x04\x04\x00_\x01\x01\x00\x00\
\x15K\x00\x02\x02\x19\x02L\x1b@\x1c\x06\x05\x02\x03\x03\
\x17K\x00\x00\x00\x15K\x00\x04\x04\x01_\x00\x01\x01 \
K\x00\x02\x02\x19\x02LY@\x0e\x00\x00\x00\x14\x00\x14\
#\x11\x12#\x11\x07\x07\x19+\x01\x11#5\x06\x06#\
\x22'\x15#\x113\x11\x14\x163265\x11\x01\xf2\
b\x17Q2/\x1eee02;G\x01\xe8\xfe\x18\
O*,\x11\xbe\x02\x9c\xfe\xd6;8L?\x01\x12\x00\
\x02\x00.\xff\xf0\x02 \x02\xff\x00\x17\x00#\x00\x08\xb5\
\x1c\x18\x05\x00\x020+\x00\x16\x16\x15\x14\x06#.\x02\
546632\x17&&##563\x126\
54&#\x22\x06\x15\x14\x163\x015\x93X\x86v\
Hp>=kAg6\x0f\x84e*&\x22\x8bQ\
R?@RR?\x02\xff[\xc5\x99\xac\xaa\x01?x\
RQy@L\x80uL\x06\xfdDgZQ\x5cb\
XSa\x00\x05\x002\xff\xe6\x03x\x02\xdb\x00\x03\x00\
\x0f\x00\x1b\x00'\x003\x00\x5c@Y\x03\x01\x02\x00\x01\
\x01\x05\x07\x02J\x02\x01\x00H\x00\x04\x00\x06\x03\x04\x06\
g\x09\x01\x03\x08\x01\x01\x07\x03\x01g\x00\x02\x02\x00_\
\x00\x00\x00\x1cK\x0b\x01\x07\x07\x05_\x0a\x01\x05\x05 \
\x05L((\x1c\x1c\x10\x10\x04\x04(3(2.,\
\x1c'\x1c&\x22 \x10\x1b\x10\x1a\x16\x14\x04\x0f\x04\x0e\
(\x0c\x07\x15+\x05'\x01\x17\x00&54632\
\x16\x15\x14\x06#6654&#\x22\x06\x15\x14\x16\
3\x00&54632\x16\x15\x14\x06#665\
4&#\x22\x06\x15\x14\x163\x01(F\x01\x9fF\xfd\
\xc7\x5c\x5cQR\x5c\x5cR,**,,)),\
\x01\x99\x5c\x5cRQ]\x5cR,)*+,**\
,\x1a(\x02\xcd(\xfehnjjmmjkm\
DGMLFEMMG\xfe\x9amkjmm\
jjnDGMLGFMMG\x00\x00\x07\x00\
2\xff\xe6\x05\x05\x02\xdb\x00\x03\x00\x0f\x00\x1b\x00'\x00\
3\x00?\x00K\x00r@o\x03\x01\x02\x00\x01\x01\x05\
\x09\x02J\x02\x01\x00H\x06\x01\x04\x0a\x01\x08\x03\x04\x08\
g\x0d\x01\x03\x0c\x01\x01\x09\x03\x01g\x00\x02\x02\x00_\
\x00\x00\x00\x1cK\x11\x0b\x10\x03\x09\x09\x05_\x0f\x07\x0e\
\x03\x05\x05 \x05L@@44((\x1c\x1c\x10\x10\
\x04\x04@K@JFD4?4>:8(3\
(2.,\x1c'\x1c&\x22 \x10\x1b\x10\x1a\x16\x14\
\x04\x0f\x04\x0e(\x12\x07\x15+\x05'\x01\x17\x00&5\
4632\x16\x15\x14\x06#6654&#\x22\
\x06\x15\x14\x163\x00&54632\x16\x15\x14\x06\
# &54632\x16\x15\x14\x06#$65\
4&#\x22\x06\x15\x14\x163 654&#\x22\
\x06\x15\x14\x163\x01(F\x01\x9fF\xfd\xc7\x5c\x5cQ\
R\x5c\x5cR,**,,)),\x01\x99\x5c\x5c\
RQ]\x5cR\x01;\x5c]QR\x5c\x5cR\xfe\x9f\
)*+,**,\x01\xb9**,,**,\
\x1a(\x02\xcd(\xfehnjjmmjkmD\
GMLFEMMG\xfe\x9amkjmmj\
jnnjjmmjkmDGMLGF\
MMGGMMFFMMG\x00\x02\x00/\xff\
8\x02)\x02\xf6\x00\x05\x00\x09\x00\x08\xb5\x09\x07\x04\x01\
\x020+\x01\x03#\x03\x133\x13\x03\x03\x13\x02)\xd6\
N\xd6\xd6N\x85\xac\xac\xac\x01\x17\xfe!\x01\xdf\x01\xdf\
\xfe!\x01\x82\xfe~\xfe~\x00\x00\x03\x00\x11\x00\x01\x02\
\x81\x02Q\x00\x09\x00-\x007\x00\x0a\xb73.\x1a\x0a\
\x04\x00\x030+77'37\x173\x07\x17'6\
654&'&&54632\x177&&\
#\x22\x06\x15\x14\x16\x17\x16\x16\x15\x14\x06#\x22'\x07\
\x16\x163'35\x1735#\x15'#\x89F\xbe\
\xecJM\xed\xbfG\xc2P\x1b\x14\x13\x0e\x0c\x0b\x08\x10\
\x12\x08\x07\x18\x0b\x14\x1c\x15\x14\x0c\x0c\x0b\x09\x13\x13\x09\
\x09\x1a\x0b\x9b\x1c.\x16\x1c.\x16\x01\xe0\x90\xe0\xe0\x90\
\xe0\x87=\x16\x12\x12\x0e\x05\x03\x06\x08\x07\x08\x0c\x14\x07\
\x08\x17\x12\x12\x0f\x05\x03\x06\x07\x07\x07\x0d\x15\x07\x08\x01\
HH\x82HH\x00\x02\x00.\xfff\x03s\x02\xc7\x00\
?\x00M\x00\x96\xb6\x1f\x12\x02\x05\x0a\x01JK\xb0\x15\
PX@1\x00\x08\x01\x07\x01\x08\x07~\x0d\x0b\x02\x05\
\x02\x01\x01\x08\x05\x01h\x00\x07\x0c\x01\x09\x07\x09c\x00\
\x06\x06\x00_\x00\x00\x00\x1cK\x00\x0a\x0a\x03_\x04\x01\
\x03\x03\x1f\x0aL\x1b@5\x00\x08\x01\x07\x01\x08\x07~\
\x0d\x0b\x02\x05\x02\x01\x01\x08\x05\x01h\x00\x07\x0c\x01\x09\
\x07\x09c\x00\x06\x06\x00_\x00\x00\x00\x1cK\x00\x04\x04\
\x17K\x00\x0a\x0a\x03_\x00\x03\x03\x1f\x0aLY@\x1a\
@@\x00\x00@M@LGE\x00?\x00>\x12&\
&%\x14%$&&\x0e\x07\x1d+\x04&&54\
6632\x16\x16\x15\x14\x06\x06#\x22&'#\x06\
#\x22&546632\x16\x17373\x03\x06\
\x15\x14\x16326654&&#\x22\x06\x06\x15\
\x14\x16\x1632673\x06\x06#\x026654\
&#\x22\x06\x06\x15\x14\x163\x01Y\xc2ip\xc4z\
\x81\xb8^9\x5c65>\x05\x026_DS5`\
>.D\x0b\x02\x0bM.\x04\x1d\x1f\x1a5$K\x96\
le\xa0[T\x9flQv\x1ff*\xacv\x02D\
#3,-B\x222(\x9aj\xc1}\x86\xc8kf\
\xa9a_};.)W^REwG*\x22A\
\xfe\xfb\x1e\x08!\x1d+aLP\x88SY\xa9rk\
\xa0W,(GS\x01\x199\x5c2588Y0\
7<\x00\x00\x03\x00.\xff\xf9\x02\xb5\x02\xc8\x00\x1e\x00\
*\x003\x00\x7f@\x10$\x01\x02\x04-,\x1d\x18\x17\
\x0b\x01\x07\x05\x02\x02JK\xb0!PX@%\x07\x01\
\x04\x04\x01_\x00\x01\x01\x1cK\x00\x02\x02\x00_\x06\x03\
\x02\x00\x00 K\x08\x01\x05\x05\x00_\x06\x03\x02\x00\x00\
 \x00L\x1b@\x22\x07\x01\x04\x04\x01_\x00\x01\x01\x1c\
K\x00\x02\x02\x03]\x06\x01\x03\x03\x15K\x08\x01\x05\x05\
\x00_\x00\x00\x00 \x00LY@\x18++\x1f\x1f\x00\
\x00+3+2\x1f*\x1f)\x00\x1e\x00\x1e\x18+#\
\x09\x07\x17+!'\x06\x06#\x22&&5467\
&&54632\x16\x15\x14\x06\x07\x17673\
\x06\x07\x17\x00\x06\x15\x14\x16\x176654&#\x12\
7'\x06\x06\x15\x14\x163\x02<N+m>Ej\
;KS+%dRLZ?L\x9c*\x04V\x06\
B\x90\xfeV1\x1b$<.,$CA\xb6<4\
K?S+//U7@e0/I(GX\
OD5T/\xa5Vu\x9ap\x99\x02\x7f/'\x1a\
2($7!#+\xfd\xc9F\xc2$F-4=\
\x00\x00\x01\x00)\xffL\x02\x02\x02\xc1\x00\x0f\x00$@\
!\x00\x03\x01\x00\x01\x03\x00~\x00\x01\x01\x04]\x00\x04\
\x04\x14K\x02\x01\x00\x00\x19\x00L&\x11\x11\x11\x10\x05\
\x07\x19+\x05#\x11#\x11#\x11\x22&&546\
63!\x02\x02MsL=]33^>\x01\x0a\
\xb4\x030\xfc\xd0\x01\xdd4\x5c<<\x5c4\x00\x02\x00\
&\xffE\x01\xff\x02\xc8\x00/\x00?\x004@1\x22\
\x01\x03\x0291#\x1a\x0a\x02\x06\x01\x03\x09\x01\x00\x01\
\x03J\x00\x03\x03\x02_\x00\x02\x02\x1cK\x00\x01\x01\x00\
_\x00\x00\x00!\x00L&$ \x1e$&\x04\x07\x16\
+$\x06\x07\x16\x15\x14\x06#\x22'7\x16\x1632\
654&''&&5467&546\
72\x16\x17\x07&#\x22\x06\x15\x14\x16\x17\x17\x16\x16\
\x15\x06\x17654&''&'\x06\x15\x14\x16\x17\
\x17\x01\xff\x1f\x1d\x14ma}O\x1f*Q-5;\
&,kMD\x1f\x1c\x13p_4_\x22\x1fGI\
7;&,jND\x8b\x1c\x12.4h/\x14\x13\
.5h\xa6D\x19\x22.T`?I\x1e\x1b1-\
$0\x162%T<%E\x19\x22,Ra\x01!\
\x1dG71.#0\x163&T:3\x17\x1b \
\x225\x1b5\x19\x11\x1c !5\x1b5\x00\x00\x03\x00\
2\xff\xfb\x02\xfd\x02\xc6\x00\x0f\x00\x1f\x007\x00d\xb1\
\x06dD@Y(\x01\x05\x043)\x02\x06\x054\x01\
\x07\x06\x03J\x00\x00\x00\x02\x04\x00\x02g\x00\x04\x00\x05\
\x06\x04\x05g\x00\x06\x0a\x01\x07\x03\x06\x07g\x09\x01\x03\
\x01\x01\x03W\x09\x01\x03\x03\x01_\x08\x01\x01\x03\x01O\
  \x10\x10\x00\x00 7 620,*&$\
\x10\x1f\x10\x1e\x18\x16\x00\x0f\x00\x0e&\x0b\x07\x15+\xb1\
\x06\x00D\x04&&546632\x16\x16\x15\x14\
\x06\x06#>\x0254&&#\x22\x06\x06\x15\x14\x16\
\x163&&54632\x16\x17\x07&#\x22\x06\
\x15\x14\x16327\x17\x06\x06#\x014\xa3_^\xa4\
dd\xa3^^\xa4cV\x8bPP\x8bVV\x8cP\
P\x8cVVpp`+P\x1c\x1b6<;@@\
;<6\x1b\x1cP+\x05_\xa3dd\xa3^^\xa3\
dd\xa3_2Q\x8dVV\x8dPP\x8dVV\x8d\
Q\x5cucbu\x1b\x19A,JDEJ,A\
\x19\x1b\x00\x00\x04\x002\xff\xfb\x02\xfd\x02\xc6\x00\x0f\x00\
\x1f\x002\x00;\x00h\xb1\x06dD@]2\x01\x05\
\x09\x01J\x06\x01\x04\x05\x03\x05\x04\x03~\x0a\x01\x01\x00\
\x02\x07\x01\x02g\x00\x07\x00\x08\x09\x07\x08e\x0c\x01\x09\
\x00\x05\x04\x09\x05g\x0b\x01\x03\x00\x00\x03W\x0b\x01\x03\
\x03\x00_\x00\x00\x03\x00O33\x10\x10\x00\x003;\
3:97-+*)(&#\x22\x10\x1f\x10\x1e\
\x18\x16\x00\x0f\x00\x0e&\x0d\x07\x15+\xb1\x06\x00D\x00\
\x16\x16\x15\x14\x06\x06#\x22&&54663\x12\
6654&&#\x22\x06\x06\x15\x14\x16\x163\x12\
\x17\x17#'&&##\x15#\x1132\x16\x15\x14\
\x06\x07&654&##\x153\x01\xfc\xa3^^\
\xa4cd\xa3_^\xa4dV\x8bPP\x8bVV\x8c\
PP\x8cVp\x14HeL\x0a\x16\x12+[\xb8H\
N72\x13$#&SS\x02\xc6^\xa3dd\xa3\
__\xa3dd\xa3^\xfdgQ\x8dVV\x8dPP\
\x8dVV\x8dQ\x01\x03&|\x87\x10\x0d\xa4\x01\xa6D\
<0A\x09;\x1d\x1f\x1f\x1dx\x00\x00\x02\x00\x0a\x01\
\x1c\x03O\x02\xc1\x00\x07\x00\x14\x00\x08\xb5\x0a\x08\x05\x01\
\x020+\x135!\x15#\x11#\x11%3\x11#5\
\x07#'\x15#\x113\x13\x0a\x01d\x84]\x02{G\
R`<aSI\x89\x02uLL\xfe\xa7\x01YL\
\xfe[\xff\xb9\xb6\xfc\x01\xa5\xfe\xfb\x00\x00\x02\x00#\x01\
\xa1\x01J\x02\xc6\x00\x0f\x00\x1b\x008\xb1\x06dD@\
-\x00\x00\x00\x02\x03\x00\x02g\x05\x01\x03\x01\x01\x03W\
\x05\x01\x03\x03\x01_\x04\x01\x01\x03\x01O\x10\x10\x00\x00\
\x10\x1b\x10\x1a\x16\x14\x00\x0f\x00\x0e&\x06\x07\x15+\xb1\
\x06\x00D\x12&&546632\x16\x16\x15\x14\
\x06\x06#6654&#\x22\x06\x15\x14\x163\x8e\
D''D))C''C)$//$$\
00$\x01\xa1&C)*C&&C*)C\
&;1&&11&&1\x00\x00\x01\x00W\xff\
L\x00\xb6\x02\xc1\x00\x03\x00\x19@\x16\x00\x00\x00\x14K\
\x02\x01\x01\x01\x19\x01L\x00\x00\x00\x03\x00\x03\x11\x03\x07\
\x15+\x17\x113\x11W_\xb4\x03u\xfc\x8b\x00\x02\x00\
W\xffL\x00\xb6\x02\xc1\x00\x03\x00\x07\x00,@)\x04\
\x01\x01\x01\x00]\x00\x00\x00\x14K\x00\x02\x02\x03]\x05\
\x01\x03\x03\x19\x03L\x04\x04\x00\x00\x04\x07\x04\x07\x06\x05\
\x00\x03\x00\x03\x11\x06\x07\x15+\x13\x113\x11\x03\x113\
\x11W___\x01s\x01N\xfe\xb2\xfd\xd9\x01N\xfe\
\xb2\x00\x01\x00\x14\x00\xa5\x01:\x02\xc9\x00\x0b\x00'@\
$\x04\x01\x00\x03\x01\x01\x02\x00\x01e\x00\x02\x02\x05]\
\x06\x01\x05\x05\x14\x02L\x00\x00\x00\x0b\x00\x0b\x11\x11\x11\
\x11\x11\x07\x07\x19+\x13\x153\x15#\x11#\x11#5\
35\xcdmmLmm\x02\xc9xA\xfe\x95\x01k\
Ax\x00\x00\x02\x00c\xff\xf1\x01\xc8\x02\xc6\x00\x1b\x00\
&\x00\x08\xb5\x22\x1c\x09\x00\x020+\x16&55\x07\
'754632\x16\x15\x14\x06\x07\x06\x07\x15\x14\
3267\x17\x06#\x0276654&#\x22\
\x15\x15\xfe>3*]G>49=;\x17\x059\
\x13%\x18!?I\x22\x0f\x1e$\x12\x12-\x0fM<\
]9)e\xf0PZ@0F|J\x1c\x08\x9aL\
\x14\x159?\x01\x94\x15,Z&\x15\x1dX\x9b\x00\x00\
\x01\x00\x14\x00\xa5\x01:\x02\xc9\x00\x13\x005@2\x08\
\x01\x00\x07\x01\x01\x02\x00\x01e\x06\x01\x02\x05\x01\x03\x04\
\x02\x03e\x00\x04\x04\x09]\x0a\x01\x09\x09\x14\x04L\x00\
\x00\x00\x13\x00\x13\x11\x11\x11\x11\x11\x11\x11\x11\x11\x0b\x07\
\x1d+\x13\x153\x15#\x153\x15#\x15#5#5\
35#535\xcdmmmmLmmmm\
\x02\xc9wA\xb4@xx@\xb4Aw\x00\x00\x02\x00\
2\xff\xfb\x03L\x02\xc6\x00\x1b\x00,\x00\x08\xb5#\x1c\
\x06\x00\x020+\x04&&546632\x16\x16\
\x15!\x22\x15\x15\x14\x17\x16\x1632673\x06\x06\
#\x132554'&&#\x22\x06\x07\x06\x15\x15\
\x143\x01F\xb5_a\xb4w\x90\xb2L\xfd}\x05\x07\
(|NQ|6G>\x92w\xf5\x05\x0a.\x84C\
@|2\x09\x05\x05_\xa0__\xa8fm\xaad\x06\
\xac\x15\x080165IB\x01o\x06\xbc\x0e\x0c7\
*-2\x09\x12\xbd\x06\x00\x04\x00R\x00\x00\x04,\x02\
\xc6\x00\x0b\x00\x15\x00!\x00%\x00\xbd@\x0a\x11\x01\x06\
\x07\x0c\x01\x03\x09\x02JK\xb0#PX@(\x00\x08\
\x0c\x01\x09\x03\x08\x09e\x0b\x01\x07\x07\x00]\x05\x02\x02\
\x00\x00\x14K\x0a\x01\x01\x01\x06_\x00\x06\x06\x17K\x04\
\x01\x03\x03\x15\x03L\x1bK\xb0-PX@&\x00\x06\
\x0a\x01\x01\x08\x06\x01g\x00\x08\x0c\x01\x09\x03\x08\x09e\
\x0b\x01\x07\x07\x00]\x05\x02\x02\x00\x00\x14K\x04\x01\x03\
\x03\x15\x03L\x1b@*\x00\x06\x0a\x01\x01\x08\x06\x01g\
\x00\x08\x0c\x01\x09\x03\x08\x09e\x05\x01\x02\x02\x14K\x0b\
\x01\x07\x07\x00_\x00\x00\x00\x1cK\x04\x01\x03\x03\x15\x03\
LYY@\x22\x22\x22\x16\x16\x00\x00\x22%\x22%$\
#\x16!\x16 \x1c\x1a\x15\x14\x13\x12\x10\x0f\x0e\x0d\x00\
\x0b\x00\x0a$\x0d\x07\x15+\x00&54632\x16\
\x15\x14\x06#\x05\x113\x11#\x01\x11#\x113\x04\x06\
\x15\x14\x1632654&#\x035!\x15\x03G\
QQJJQQJ\xfe\xa3aO\xfemaN\x02\
\xcf##\x22\x22$$\x22\x8e\x01 \x01\x95UDC\
UUCDU\xe9\x02\x15\xfd?\x02\x14\xfd\xec\x02\xc1\
?+))+,()+\xfe`QQ\x00\x01\x00\
/\x00\x8d\x02)\x02u\x00\x06\x00!\xb1\x06dD@\
\x16\x02\x01\x00\x02\x01J\x00\x02\x00\x02\x83\x01\x01\x00\x00\
t\x11\x12\x10\x03\x07\x17+\xb1\x06\x00D%#\x03\x03\
#\x133\x02)Q\xac\xacQ\xd6N\x8d\x01\x8c\xfet\
\x01\xe8\x00\x00\x01\x008\x01\xa6\x00\xae\x02\xc1\x00\x03\x00\
\x19@\x16\x02\x01\x01\x01\x00]\x00\x00\x00\x14\x01L\x00\
\x00\x00\x03\x00\x03\x11\x03\x07\x15+\x13\x033\x03R\x1a\
v\x19\x01\xa6\x01\x1b\xfe\xe5\x00\x00\x02\x008\x01\xa6\x01\
z\x02\xc1\x00\x03\x00\x07\x00$@!\x05\x03\x04\x03\x01\
\x01\x00]\x02\x01\x00\x00\x14\x01L\x04\x04\x00\x00\x04\x07\
\x04\x07\x06\x05\x00\x03\x00\x03\x11\x06\x07\x15+\x13\x033\
\x033\x033\x03R\x1av\x19\x89\x1av\x19\x01\xa6\x01\
\x1b\xfe\xe5\x01\x1b\xfe\xe5\x00\x02\xfe\xde\x02\x5c\xff\xf6\x02\
\xbf\x00\x03\x00\x07\x00%\xb1\x06dD@\x1a\x02\x01\x00\
\x01\x01\x00U\x02\x01\x00\x00\x01]\x03\x01\x01\x00\x01M\
\x11\x11\x11\x10\x04\x07\x18+\xb1\x06\x00D\x013\x15#\
73\x15#\xfe\xdegg\xb1gg\x02\xbfccc\
\x00\x00\x01\xff0\x02Y\xff\xa4\x02\xc2\x00\x03\x00 \xb1\
\x06dD@\x15\x00\x00\x01\x01\x00U\x00\x00\x00\x01]\
\x00\x01\x00\x01M\x11\x10\x02\x07\x16+\xb1\x06\x00D\x03\
3\x15#\xd0tt\x02\xc2i\x00\x01\xfe\xbc\x02(\xff\
\x8b\x02\xf3\x00\x03\x00\x1f\xb1\x06dD@\x14\x00\x00\x01\
\x00\x83\x02\x01\x01\x01t\x00\x00\x00\x03\x00\x03\x11\x03\x07\
\x15+\xb1\x06\x00D\x03'3\x17\xb7\x8dlc\x02(\
\xcb\xcb\x00\x00\x01\xffI\x02(\x00\x18\x02\xf3\x00\x03\x00\
\x19\xb1\x06dD@\x0e\x00\x01\x00\x01\x83\x00\x00\x00t\
\x11\x10\x02\x07\x16+\xb1\x06\x00D\x03#73uB\
cl\x02(\xcb\x00\x02\xff\x13\x02(\x00\x0f\x02\xf3\x00\
\x03\x00\x07\x00%\xb1\x06dD@\x1a\x03\x01\x01\x00\x00\
\x01U\x03\x01\x01\x01\x00]\x02\x01\x00\x01\x00M\x11\x11\
\x11\x10\x04\x07\x18+\xb1\x06\x00D\x03#73\x17#\
73\xbd0*T00*T\x02(\xcb\xcb\xcb\x00\
\x01\xffj\x02\x02\xff\xb7\x02\xc1\x00\x03\x00\x13@\x10\x00\
\x00\x00\x01]\x00\x01\x01\x14\x00L\x11\x10\x02\x07\x16+\
\x03#53c3M\x02\x02\xbf\x00\x00\x01\xfe\xd0\x02\
(\x00\x04\x02\xf3\x00\x06\x00!\xb1\x06dD@\x16\x06\
\x01\x00\x01\x01J\x00\x01\x00\x01\x83\x02\x01\x00\x00t\x11\
\x11\x10\x03\x07\x17+\xb1\x06\x00D\x03#73\x17#\
'\xdaVyByVD\x02(\xcb\xcb\x87\x00\x01\xfe\
\xd0\x02(\x00\x04\x02\xf3\x00\x06\x00!\xb1\x06dD@\
\x16\x06\x01\x01\x00\x01J\x02\x01\x00\x01\x00\x83\x00\x01\x01\
t\x11\x11\x10\x03\x07\x17+\xb1\x06\x00D\x033\x07#\
'3\x17RVyByVD\x02\xf3\xcb\xcb\x87\x00\
\x01\xfe\xbf\x02D\x00\x15\x02\xe0\x00\x0d\x00-\xb1\x06d\
D@\x22\x0a\x09\x03\x02\x04\x00H\x00\x00\x01\x01\x00W\
\x00\x00\x00\x01_\x02\x01\x01\x00\x01O\x00\x00\x00\x0d\x00\
\x0c%\x03\x07\x15+\xb1\x06\x00D\x02&'7\x16\x16\
3267\x17\x06\x06#\xd1\x5c\x149\x168$$\
8\x169\x13];\x02DBB\x18.((.\x18\
BB\x00\x00\x02\xff\x02\x02(\xff\xd2\x02\xf3\x00\x0b\x00\
\x17\x008\xb1\x06dD@-\x00\x00\x00\x02\x03\x00\x02\
g\x05\x01\x03\x01\x01\x03W\x05\x01\x03\x03\x01_\x04\x01\
\x01\x03\x01O\x0c\x0c\x00\x00\x0c\x17\x0c\x16\x12\x10\x00\x0b\
\x00\x0a$\x06\x07\x15+\xb1\x06\x00D\x02&546\
32\x16\x15\x14\x06#6654&#\x22\x06\x15\
\x14\x163\xc1==++==+\x14\x1b\x1b\x14\x14\
\x1b\x1b\x14\x02(;+*;;*+;5\x1d\x14\
\x14\x1c\x1c\x14\x14\x1d\x00\x00\x01\xfe\xc5\x02P\x00\x0f\x02\
\xce\x00\x19\x00.\xb1\x06dD@#\x00\x01\x04\x03\x01\
W\x02\x01\x00\x00\x04\x03\x00\x04g\x00\x01\x01\x03_\x05\
\x01\x03\x01\x03O\x12$\x22\x12$!\x06\x07\x1a+\xb1\
\x06\x00D\x00632\x16\x17\x16\x1632673\
\x14\x06#\x22&'&&#\x22\x06\x07#\xfe\xc54\
+\x14#\x1b\x17\x17\x0b\x14\x18\x0134+\x14%\x19\
\x13\x1a\x0c\x14\x18\x013\x02\x8e@\x10\x10\x0d\x0b\x1e\x17\
;@\x10\x0f\x0c\x0c\x1d\x17\x00\x00\x01\xfe\xd2\x02j\x00\
\x02\x02\xb0\x00\x03\x00&\xb1\x06dD@\x1b\x00\x00\x01\
\x01\x00U\x00\x00\x00\x01]\x02\x01\x01\x00\x01M\x00\x00\
\x00\x03\x00\x03\x11\x03\x07\x15+\xb1\x06\x00D\x015!\
\x15\xfe\xd2\x010\x02jFF\x00\x01\xff\x1d\x02(\xff\
\xd7\x02\xf6\x00\x19\x00R\xb1\x06dD@\x0a\x0e\x01\x01\
\x02\x0d\x01\x00\x01\x02JK\xb0\x09PX@\x16\x00\x00\
\x01\x01\x00o\x00\x02\x01\x01\x02W\x00\x02\x02\x01_\x00\
\x01\x02\x01O\x1b@\x15\x00\x00\x01\x00\x84\x00\x02\x01\x01\
\x02W\x00\x02\x02\x01_\x00\x01\x02\x01OY\xb5#)\
\x10\x03\x07\x17+\xb1\x06\x00D\x03#54676\
654&#\x22\x07'632\x16\x15\x14\x06\x07\
\x06\x06\x15w;\x14\x12\x0d\x0b\x14\x12\x1a\x1e\x11(*\
17\x16\x15\x12\x11\x02(\x1b\x15\x1d\x10\x0c\x0e\x09\x0b\
\x0d\x0b0\x11(\x1e\x17\x1d\x10\x0e\x15\x0f\x00\x00\x02\xfe\
\xc5\x02(\xff\xc1\x02\xf3\x00\x03\x00\x07\x002\xb1\x06d\
D@'\x02\x01\x00\x01\x01\x00U\x02\x01\x00\x00\x01]\
\x05\x03\x04\x03\x01\x00\x01M\x04\x04\x00\x00\x04\x07\x04\x07\
\x06\x05\x00\x03\x00\x03\x11\x06\x07\x15+\xb1\x06\x00D\x03\
'3\x173'3\x17\xedNT*NNT*\x02\
(\xcb\xcb\xcb\xcb\x00\x01\xfe\xbf\x02B\x00\x15\x02\xdd\x00\
\x0b\x00.\xb1\x06dD@#\x08\x07\x03\x02\x04\x00G\
\x02\x01\x01\x00\x00\x01W\x02\x01\x01\x01\x00_\x00\x00\x01\
\x00O\x00\x00\x00\x0b\x00\x0a$\x03\x07\x15+\xb1\x06\x00\
D\x02\x16\x17\x07&#\x22\x07'663\x5c]\x14\
9)II)9\x13];\x02\xddAB\x18VV\
\x17BB\x00\x01\xff1\x02E\xff\xa2\x03\x07\x00\x0a\x00\
,\xb1\x06dD@!\x07\x06\x02\x01H\x02\x01\x01\x00\
\x00\x01U\x02\x01\x01\x01\x00]\x00\x00\x01\x00M\x00\x00\
\x00\x0a\x00\x0a\x11\x03\x07\x15+\xb1\x06\x00D\x03\x15#\
5467\x17\x06\x06\x07^q\x18\x1e)\x12\x0f\x02\
\x02\xa1\x5c<*@\x1c\x1e\x12\x22\x14\x00\x01\xffi\x01\
\xb4\x00+\x02h\x00\x0a\x00\x1e\xb1\x06dD@\x13\x0a\
\x00\x02\x00G\x00\x01\x00\x01\x83\x00\x00\x00t\x13\x11\x02\
\x07\x16+\xb1\x06\x00D\x03566553\x15\x14\
\x06\x07\x97;.YJA\x01\xd8\x14\x011:\x10\x1e\
AP\x05\x00\x01\xff5\xffE\xff\x9f\xff\xaa\x00\x03\x00\
 \xb1\x06dD@\x15\x00\x00\x01\x01\x00U\x00\x00\x00\
\x01]\x00\x01\x00\x01M\x11\x10\x02\x07\x16+\xb1\x06\x00\
D\x073\x15#\xcbjjVe\x00\x00\x02\xfe\xde\xff\
F\xff\xf6\xff\xa9\x00\x03\x00\x07\x00%\xb1\x06dD@\
\x1a\x02\x01\x00\x01\x01\x00U\x02\x01\x00\x00\x01]\x03\x01\
\x01\x00\x01M\x11\x11\x11\x10\x04\x07\x18+\xb1\x06\x00D\
\x053\x15#73\x15#\xfe\xdegg\xb1ggW\
ccc\x00\x01\xff1\xfe\xf8\xff\xa2\xff\xba\x00\x0a\x00\
,\xb1\x06dD@!\x05\x04\x02\x00G\x02\x01\x01\x00\
\x00\x01U\x02\x01\x01\x01\x00]\x00\x00\x01\x00M\x00\x00\
\x00\x0a\x00\x0a\x18\x03\x07\x15+\xb1\x06\x00D\x07\x15\x14\
\x06\x07'667#5^\x18\x1d*\x12\x10\x026\
F<*@\x1c\x1e\x12\x22\x14\x5c\x00\x00\x01\xff\x0d\xff\
>\xff\xe0\x00\x14\x00\x18\x00v\xb1\x06dD@\x10\x16\
\x13\x02\x02\x04\x12\x09\x02\x01\x02\x08\x01\x00\x01\x03JK\
\xb0\x15PX@ \x05\x01\x04\x03\x02\x03\x04p\x00\x03\
\x00\x02\x01\x03\x02g\x00\x01\x00\x00\x01W\x00\x01\x01\x00\
_\x00\x00\x01\x00O\x1b@!\x05\x01\x04\x03\x02\x03\x04\
\x02~\x00\x03\x00\x02\x01\x03\x02g\x00\x01\x00\x00\x01W\
\x00\x01\x01\x00_\x00\x00\x01\x00OY@\x0d\x00\x00\x00\
\x18\x00\x17\x13#$$\x06\x07\x18+\xb1\x06\x00D\x06\
\x16\x15\x14\x06#\x22&'7\x1632654#\
\x22\x07'73\x0763L,@9\x152\x13\x0d\
%'\x19\x1c#\x12\x18\x14\x0b@\x08\x0e\x07)#\x22\
%/\x0a\x09/\x0e\x10\x10\x19\x08\x11`?\x02\x00\x00\
\x01\xfe\xd0\xff>\xff\xa2\x00+\x00\x11\x002\xb1\x06d\
D@'\x0f\x01\x01\x00\x01J\x0e\x06\x05\x03\x00H\x00\
\x00\x01\x01\x00W\x00\x00\x00\x01_\x02\x01\x01\x00\x01O\
\x00\x00\x00\x11\x00\x10+\x03\x07\x15+\xb1\x06\x00D\x06\
&5467\x17\x06\x06\x15\x14\x16327\x17\x06\
#\xedCIC\x0e()!\x1e\x1c\x1d\x11)1\xc2\
;/2H\x09!\x09+ \x1d\x1f\x106\x16\x00\x00\
\x01\xfe\xbf\xff(\x00\x15\xff\xc4\x00\x0d\x00-\xb1\x06d\
D@\x22\x0a\x09\x03\x02\x04\x00H\x00\x00\x01\x01\x00W\
\x00\x00\x00\x01_\x02\x01\x01\x00\x01O\x00\x00\x00\x0d\x00\
\x0c%\x03\x07\x15+\xb1\x06\x00D\x06&'7\x16\x16\
3267\x17\x06\x06#\xd1\x5c\x149\x168$$\
8\x169\x13];\xd8BB\x18.((.\x18B\
B\x00\x01\xfe\xd2\xffV\x00\x02\xff\x99\x00\x03\x00&\xb1\
\x06dD@\x1b\x00\x00\x01\x01\x00U\x00\x00\x00\x01]\
\x02\x01\x01\x00\x01M\x00\x00\x00\x03\x00\x03\x11\x03\x07\x15\
+\xb1\x06\x00D\x055!\x15\xfe\xd2\x010\xaaCC\
\x00\x00\x01\xfe\xd2\x00\xd7\x00\x02\x01\x16\x00\x03\x00&\xb1\
\x06dD@\x1b\x00\x00\x01\x01\x00U\x00\x00\x00\x01]\
\x02\x01\x01\x00\x01M\x00\x00\x00\x03\x00\x03\x11\x03\x07\x15\
+\xb1\x06\x00D%5!\x15\xfe\xd2\x010\xd7??\
\x00\x00\x02\xfe\xde\x03\x19\xff\xf6\x03|\x00\x03\x00\x07\x00\
\x1d@\x1a\x02\x01\x00\x01\x01\x00U\x02\x01\x00\x00\x01]\
\x03\x01\x01\x00\x01M\x11\x11\x11\x10\x04\x07\x18+\x013\
\x15#73\x15#\xfe\xdegg\xb1gg\x03|c\
cc\x00\x00\x01\xff0\x03\x15\xff\xa4\x03\x7f\x00\x03\x00\
\x18@\x15\x00\x00\x01\x01\x00U\x00\x00\x00\x01]\x00\x01\
\x00\x01M\x11\x10\x02\x07\x16+\x033\x15#\xd0tt\
\x03\x7fj\x00\x01\xfe\xbf\x02\xfd\xff\x8b\x03\x96\x00\x03\x00\
\x17@\x14\x00\x00\x01\x00\x83\x02\x01\x01\x01t\x00\x00\x00\
\x03\x00\x03\x11\x03\x07\x15+\x03'3\x17\xb7\x8age\
\x02\xfd\x99\x99\x00\x00\x01\xffI\x02\xfd\x00\x15\x03\x96\x00\
\x03\x00\x11@\x0e\x00\x01\x00\x01\x83\x00\x00\x00t\x11\x10\
\x02\x07\x16+\x03#73uBeg\x02\xfd\x99\x00\
\x01\xffN\x02\xfd\xff\xe9\x03\x96\x00\x03\x00\x17@\x14\x02\
\x01\x01\x00\x01\x83\x00\x00\x00t\x00\x00\x00\x03\x00\x03\x11\
\x03\x07\x15+\x03\x07#7\x17c8G\x03\x96\x99\x99\
\x00\x00\x01\xfe\xd0\x02\xfd\x00\x04\x03\x96\x00\x06\x00\x19@\
\x16\x06\x01\x00\x01\x01J\x00\x01\x00\x01\x83\x02\x01\x00\x00\
t\x11\x11\x10\x03\x07\x17+\x03#73\x17#'\xdc\
Tz@zTF\x02\xfd\x99\x99b\x00\x01\xfe\xd0\x02\
\xfd\x00\x04\x03\x96\x00\x06\x00\x19@\x16\x06\x01\x01\x00\x01\
J\x02\x01\x00\x01\x00\x83\x00\x01\x01t\x11\x11\x10\x03\x07\
\x17+\x033\x07#'3\x17PTz@zTF\
\x03\x96\x99\x99b\x00\x01\xfe\xc3\x03\x08\x00\x11\x03\x8b\x00\
\x0d\x00%@\x22\x0a\x09\x03\x02\x04\x00H\x00\x00\x01\x01\
\x00W\x00\x00\x00\x01_\x02\x01\x01\x00\x01O\x00\x00\x00\
\x0d\x00\x0c%\x03\x07\x15+\x02&'7\x16\x1632\
67\x17\x06\x06#\xd1W\x158\x156$$6\x15\
8\x16W:\x03\x0847\x18$\x1c\x1c$\x1874\
\x00\x00\x02\xff\x02\x02\xf8\xff\xd2\x03\xc3\x00\x0b\x00\x17\x00\
0@-\x00\x00\x00\x02\x03\x00\x02g\x05\x01\x03\x01\x01\
\x03W\x05\x01\x03\x03\x01_\x04\x01\x01\x03\x01O\x0c\x0c\
\x00\x00\x0c\x17\x0c\x16\x12\x10\x00\x0b\x00\x0a$\x06\x07\x15\
+\x02&54632\x16\x15\x14\x06#665\
4&#\x22\x06\x15\x14\x163\xc1==++==\
+\x14\x1b\x1b\x14\x14\x1b\x1b\x14\x02\xf8;+*;;\
*+;5\x1c\x15\x14\x1c\x1c\x14\x15\x1c\x00\x00\x01\xfe\
\xc5\x03\x0b\x00\x0f\x03\x8a\x00\x19\x00&@#\x00\x01\x04\
\x03\x01W\x02\x01\x00\x00\x04\x03\x00\x04g\x00\x01\x01\x03\
_\x05\x01\x03\x01\x03O\x12$\x22\x12$!\x06\x07\x1a\
+\x00632\x16\x17\x16\x1632673\x14\x06\
#\x22&'&&#\x22\x06\x07#\xfe\xc54+\x14\
#\x1b\x17\x17\x0b\x14\x18\x0134+\x14#\x1b\x17\x17\
\x0b\x14\x18\x013\x03IA\x10\x10\x0d\x0b\x1e\x17;A\
\x10\x10\x0d\x0b\x1e\x17\x00\x00\x01\xfe\xd2\x03'\x00\x02\x03\
m\x00\x03\x00\x1e@\x1b\x00\x00\x01\x01\x00U\x00\x00\x00\
\x01]\x02\x01\x01\x00\x01M\x00\x00\x00\x03\x00\x03\x11\x03\
\x07\x15+\x015!\x15\xfe\xd2\x010\x03'FF\x00\
\x01\xff\x1d\x02\xfd\xff\xd7\x03\x9a\x00\x19\x00J@\x0a\x0e\
\x01\x01\x02\x0d\x01\x00\x01\x02JK\xb0\x0bPX@\x16\
\x00\x00\x01\x01\x00o\x00\x02\x01\x01\x02W\x00\x02\x02\x01\
_\x00\x01\x02\x01O\x1b@\x15\x00\x00\x01\x00\x84\x00\x02\
\x01\x01\x02W\x00\x02\x02\x01_\x00\x01\x02\x01OY\xb5\
#)\x10\x03\x07\x17+\x03#5467665\
4&#\x22\x07'632\x16\x15\x14\x06\x07\x06\x06\
\x15x;\x16\x13\x0e\x0b\x14\x12\x1c \x10+*.7\
\x18\x16\x12\x0f\x02\xfd\x13\x11\x15\x09\x07\x08\x07\x08\x0a\x0c\
.\x11$\x1c\x13\x16\x0a\x0a\x0b\x0a\x00\x00\x02\xfe\xaf\x02\
\xfd\xff\xc3\x03\x96\x00\x03\x00\x07\x00*@'\x02\x01\x00\
\x01\x01\x00U\x02\x01\x00\x00\x01]\x05\x03\x04\x03\x01\x00\
\x01M\x04\x04\x00\x00\x04\x07\x04\x07\x06\x05\x00\x03\x00\x03\
\x11\x06\x07\x15+\x03'3\x173'3\x17\xefbO\
HHbOH\x02\xfd\x99\x99\x99\x99\x00\x01\xfe\xc3\x03\
\x09\x00\x11\x03\x8c\x00\x0d\x00&@#\x0a\x09\x03\x02\x04\
\x00G\x02\x01\x01\x00\x00\x01W\x02\x01\x01\x01\x00_\x00\
\x00\x01\x00O\x00\x00\x00\x0d\x00\x0c%\x03\x07\x15+\x02\
\x16\x17\x07&&#\x22\x06\x07'663[W\x15\
8\x156$$6\x158\x16W:\x03\x8c47\x18\
$\x1c\x1c$\x1874\x00\x01\xff1\x02\xfd\xff\xa2\x03\
\xa9\x00\x08\x00$@!\x06\x05\x02\x01H\x02\x01\x01\x00\
\x00\x01U\x02\x01\x01\x01\x00]\x00\x00\x01\x00M\x00\x00\
\x00\x08\x00\x08\x11\x03\x07\x15+\x03\x15#547\x17\
\x06\x07^q6)\x1d\x05\x03NQ0J2\x1e\x1d\
 \x00\x01\x00[\x022\x00\xcc\x02\xf3\x00\x0a\x00,\xb1\
\x06dD@!\x05\x04\x02\x00G\x02\x01\x01\x00\x00\x01\
U\x02\x01\x01\x01\x00]\x00\x00\x01\x00M\x00\x00\x00\x0a\
\x00\x0a\x18\x03\x07\x15+\xb1\x06\x00D\x13\x15\x14\x06\x07\
'667#5\xcc\x18\x1e)\x12\x0f\x025\x02\xf3\
;*@\x1c\x1e\x12\x22\x14[\x00\x01\x00]\x02E\x00\
\xce\x03\x07\x00\x0a\x00,\xb1\x06dD@!\x07\x06\x02\
\x01H\x02\x01\x01\x00\x00\x01U\x02\x01\x01\x01\x00]\x00\
\x00\x01\x00M\x00\x00\x00\x0a\x00\x0a\x11\x03\x07\x15+\xb1\
\x06\x00D\x13\x15#5467\x17\x06\x06\x07\xceq\
\x18\x1e)\x12\x0f\x02\x02\xa1\x5c<*@\x1c\x1e\x12\x22\
\x14\x00\x01\xff\xfe\x02j\x01.\x02\xb0\x00\x03\x00&\xb1\
\x06dD@\x1b\x00\x00\x01\x01\x00U\x00\x00\x00\x01]\
\x02\x01\x01\x00\x01M\x00\x00\x00\x03\x00\x03\x11\x03\x07\x15\
+\xb1\x06\x00D\x035!\x15\x02\x010\x02jFF\
\x00\x00\x01\xff\xe8\x02(\x00\xb7\x02\xf3\x00\x03\x00\x1f\xb1\
\x06dD@\x14\x00\x00\x01\x00\x83\x02\x01\x01\x01t\x00\
\x00\x00\x03\x00\x03\x11\x03\x07\x15+\xb1\x06\x00D\x13'\
3\x17u\x8dlc\x02(\xcb\xcb\x00\x00\x01\x00.\x02\
)\x00\x96\x02\xf4\x00\x0d\x00*\xb1\x06dD@\x1f\x00\
\x03\x00\x00\x01\x03\x00g\x00\x01\x02\x02\x01W\x00\x01\x01\
\x02_\x00\x02\x01\x02O\x14\x11\x14\x10\x04\x07\x18+\xb1\
\x06\x00D\x13\x22\x06\x15\x14\x163\x15\x22&546\
3\x96\x14\x1b\x1b\x14+==+\x02\xbf\x1d\x14\x14\x1d\
4;*+;\x00\x01\x00\x96\x02)\x00\xfe\x02\xf4\x00\
\x0d\x000\xb1\x06dD@%\x04\x01\x03\x00\x02\x01\x03\
\x02g\x00\x01\x00\x00\x01W\x00\x01\x01\x00_\x00\x00\x01\
\x00O\x00\x00\x00\x0d\x00\x0d\x14\x11\x14\x05\x07\x17+\xb1\
\x06\x00D\x12\x16\x15\x14\x06#52654&#\
5\xc1==+\x14\x1b\x1b\x14\x02\xf4;+*;4\
\x1d\x14\x14\x1d5\x00\x01\x00u\x02(\x01D\x02\xf3\x00\
\x03\x00\x19\xb1\x06dD@\x0e\x00\x01\x00\x01\x83\x00\x00\
\x00t\x11\x10\x02\x07\x16+\xb1\x06\x00D\x13#73\
\xb7Bcl\x02(\xcb\x00\x01\x00\x8d\xffP\x00\x9f\xff\
]\x00\x03\x00 \xb1\x06dD@\x15\x00\x00\x01\x01\x00\
U\x00\x00\x00\x01]\x00\x01\x00\x01M\x11\x10\x02\x07\x16\
+\xb1\x06\x00D\x17#\x153\x9f\x12\x12\xa3\x0d\x00\x00\
\x01\x00\x8d\x02\x87\x00\x9f\x02\x94\x00\x03\x00 \xb1\x06d\
D@\x15\x00\x00\x01\x01\x00U\x00\x00\x00\x01]\x00\x01\
\x00\x01M\x11\x10\x02\x07\x16+\xb1\x06\x00D\x13#\x15\
3\x9f\x12\x12\x02\x94\x0d\x00\x01\x00.\x02\xf8\x00\x96\x03\
\xc3\x00\x0d\x00\x22@\x1f\x00\x03\x00\x00\x01\x03\x00g\x00\
\x01\x02\x02\x01W\x00\x01\x01\x02_\x00\x02\x01\x02O\x14\
\x11\x14\x10\x04\x07\x18+\x13\x22\x06\x15\x14\x163\x15\x22\
&5463\x96\x14\x1b\x1b\x14+==+\x03\x8e\
\x1c\x14\x15\x1c5;+*;\x00\x01\x00\x96\x02\xf8\x00\
\xfe\x03\xc3\x00\x0d\x00(@%\x04\x01\x03\x00\x02\x01\x03\
\x02g\x00\x01\x00\x00\x01W\x00\x01\x01\x00_\x00\x00\x01\
\x00O\x00\x00\x00\x0d\x00\x0d\x14\x11\x14\x05\x07\x17+\x12\
\x16\x15\x14\x06#52654&#5\xc1==\
+\x14\x1b\x1b\x14\x03\xc3;*+;5\x1c\x15\x14\x1c\
5\xff\xff\x00u\x02(\x01D\x02\xf3\x00\x03\x02\xbc\x01\
,\x00\x00\xff\xff\xff\xeb\x02D\x01A\x02\xe0\x00\x03\x02\
\xc1\x01,\x00\x00\xff\xff\xff\xfc\x02(\x010\x02\xf3\x00\
\x03\x02\xc0\x01,\x00\x00\x00\x01\x009\xff>\x01\x0c\x00\
\x14\x00\x18\x00v\xb1\x06dD@\x10\x16\x13\x02\x02\x04\
\x12\x09\x02\x01\x02\x08\x01\x00\x01\x03JK\xb0\x15PX\
@ \x05\x01\x04\x03\x02\x03\x04p\x00\x03\x00\x02\x01\x03\
\x02g\x00\x01\x00\x00\x01W\x00\x01\x01\x00_\x00\x00\x01\
\x00O\x1b@!\x05\x01\x04\x03\x02\x03\x04\x02~\x00\x03\
\x00\x02\x01\x03\x02g\x00\x01\x00\x00\x01W\x00\x01\x01\x00\
_\x00\x00\x01\x00OY@\x0d\x00\x00\x00\x18\x00\x17\x13\
#$$\x06\x07\x18+\xb1\x06\x00D\x16\x16\x15\x14\x06\
#\x22&'7\x1632654#\x22\x07'7\
3\x0763\xe0,@9\x152\x13\x0d%'\x19\x1c\
#\x12\x18\x14\x0b@\x08\x0e\x07)#\x22%/\x0a\x09\
/\x0e\x10\x10\x19\x08\x11`?\x02\x00\xff\xff\xff\xfc\x02\
(\x010\x02\xf3\x00\x03\x02\xbf\x01,\x00\x00\xff\xff\x00\
\x0a\x02\x5c\x01\x22\x02\xbf\x00\x03\x02\xb9\x01,\x00\x00\xff\
\xff\x00\x5c\x02Y\x00\xd0\x02\xc2\x00\x03\x02\xba\x01,\x00\
\x00\xff\xff\xff\xe8\x02(\x00\xb7\x02\xf3\x00\x03\x02\xbb\x01\
,\x00\x00\xff\xff\x00?\x02(\x01;\x02\xf3\x00\x03\x02\
\xbd\x01,\x00\x00\xff\xff\xff\xfe\x02j\x01.\x02\xb0\x00\
\x03\x02\xc4\x01,\x00\x00\xff\xff\xff\xfc\xff>\x00\xce\x00\
+\x00\x03\x02\xce\x01,\x00\x00\xff\xff\x00.\x02(\x00\
\xfe\x02\xf3\x00\x03\x02\xc2\x01,\x00\x00\xff\xff\xff\xf1\x02\
P\x01;\x02\xce\x00\x03\x02\xc3\x01,\x00\x00\x00\x02\xfe\
\xc3\x02#\x00\x11\x03\x1e\x00\x03\x00\x0f\x006@3\x0b\
\x07\x02\x00\x01\x0c\x06\x02\x02\x00\x02J\x00\x01\x00\x01\x83\
\x00\x00\x02\x00\x83\x00\x02\x03\x03\x02W\x00\x02\x02\x03_\
\x04\x01\x03\x02\x03O\x04\x04\x04\x0f\x04\x0e%\x11\x10\x05\
\x07\x17+\x03#73\x06&'7\x16327\x17\
\x06\x06#v@db\xe1W\x151&PP&1\
\x16W:\x02\x90\x8e\xfb47\x15CC\x1574\x00\
\x02\xfe\xc3\x02#\x00\x11\x03\x1e\x00\x03\x00\x0f\x00=@\
:\x0b\x07\x02\x01\x00\x0c\x06\x02\x02\x01\x02J\x00\x00\x01\
\x00\x83\x04\x01\x01\x02\x01\x83\x00\x02\x03\x03\x02W\x00\x02\
\x02\x03_\x05\x01\x03\x02\x03O\x04\x04\x00\x00\x04\x0f\x04\
\x0e\x0a\x08\x00\x03\x00\x03\x11\x06\x07\x15+\x03'3\x17\
\x06&'7\x16327\x17\x06\x06#\xb6\x86bd\
ZW\x161&PP&1\x15W;\x02\x90\x8e\x8e\
m47\x15CC\x1574\x00\x02\xfe\xc3\x02#\x00\
\x11\x03#\x00\x18\x00$\x008@5\x0d\x01\x00\x01!\
 \x1c\x1b\x18\x0c\x01\x07\x02\x00\x02J\x00\x01\x00\x00\x02\
\x01\x00g\x00\x02\x03\x03\x02W\x00\x02\x02\x03_\x04\x01\
\x03\x02\x03O\x19\x19\x19$\x19#-#)\x05\x07\x17\
+\x03#5467654&#\x22\x07'6\
32\x16\x15\x14\x06\x07\x06\x06\x15\x06&'7\x163\
27\x17\x06\x06#x;\x17\x14\x17\x14\x12\x1c \x10\
+*/6\x18\x16\x10\x11XW\x161&PP&\
1\x15W;\x02\x91\x11\x12\x12\x09\x09\x08\x08\x09\x0c-\
\x11\x22\x1c\x13\x13\x09\x07\x0c\x0av47\x15CC\x15\
74\x00\x00\x02\xfe\xc3\x02#\x00\x11\x03%\x00\x19\x00\
%\x00?@<\x22!\x1d\x1c\x04\x06\x03\x01J\x02\x01\
\x00\x00\x04\x03\x00\x04g\x00\x01\x05\x01\x03\x06\x01\x03g\
\x00\x06\x07\x07\x06W\x00\x06\x06\x07_\x08\x01\x07\x06\x07\
O\x1a\x1a\x1a%\x1a$%\x12$\x22\x12$!\x09\x07\
\x1b+\x00632\x16\x17\x16\x1632673\x14\
\x06#\x22&'&&#\x22\x06\x07#\x16&'7\
\x16327\x17\x06\x06#\xfe\xc56)\x14%\x19\x0f\
\x1f\x0b\x14\x18\x0136)\x14%\x19\x0f\x1f\x0b\x14\x18\
\x013kW\x161&PP&1\x15W;\x02\xeb\
:\x0e\x0d\x08\x0c\x19\x13.:\x0e\x0d\x08\x0c\x19\x13\x9a\
47\x15CC\x1574\x00\x00\x02\xfe\xd0\x02(\x00\
w\x03\x1e\x00\x03\x00\x0a\x00)@&\x0a\x01\x02\x00\x01\
J\x00\x01\x03\x01\x83\x00\x00\x03\x02\x03\x00\x02~\x04\x01\
\x02\x02\x82\x00\x03\x03\x14\x03L\x11\x11\x11\x11\x10\x05\x07\
\x19+\x03#73\x05#73\x17#'\x069V\
`\xfe\xacSz@zSG\x02\x90\x8e\xf6\x91\x91[\
\x00\x00\x02\xfe\xd0\x02(\x00$\x03\x1e\x00\x03\x00\x0a\x00\
0@-\x0a\x01\x02\x01\x01J\x05\x01\x01\x03\x02\x03\x01\
\x02~\x00\x00\x04\x01\x02\x00\x02a\x00\x03\x03\x14\x03L\
\x00\x00\x09\x08\x07\x06\x05\x04\x00\x03\x00\x03\x11\x06\x07\x15\
+\x03'3\x17\x05#73\x17#'\x14s`K\
\xfe\xffSz@zSG\x02\x90\x8e\x8eh\x91\x91[\
\x00\x00\x02\xfe\xd0\x02(\x00K\x03#\x00\x18\x00\x1f\x00\
/@,\x0d\x01\x00\x01\x0c\x01\x03\x00\x1f\x18\x01\x03\x02\
\x03\x03J\x04\x01\x02\x03\x02\x84\x00\x01\x00\x00\x03\x01\x00\
g\x00\x03\x03\x14\x03L\x11\x11\x19#)\x05\x07\x19+\
\x03#5467654&#\x22\x07'63\
2\x16\x15\x14\x06\x07\x06\x06\x15\x07#73\x17#'\
\x04<\x17\x15\x17\x14\x12\x1d\x1f\x10+*/6\x18\x16\
\x10\x11\xd9Sz@zSG\x02\x91\x11\x12\x12\x09\x09\
\x08\x08\x09\x0c-\x11\x22\x1c\x13\x13\x09\x07\x0c\x0aq\x91\
\x91[\x00\x00\x02\xfe\xc5\x02(\x00\x0f\x03-\x00\x19\x00\
 \x003@0 \x01\x06\x07\x01J\x08\x01\x06\x07\x06\
\x84\x02\x01\x00\x00\x04\x03\x00\x04g\x00\x01\x05\x01\x03\x07\
\x01\x03h\x00\x07\x07\x14\x07L\x11\x11\x11\x12$\x22\x12\
$!\x09\x07\x1d+\x00632\x16\x17\x16\x1632\
673\x14\x06#\x22&'&&#\x22\x06\x07#\
\x17#73\x17#'\xfe\xc56)\x14$\x1a\x0f\x1f\
\x0b\x14\x18\x0136)\x14$\x1a\x0f\x1f\x0b\x14\x18\x01\
3^Sz@zSG\x02\xf49\x0c\x0b\x07\x0a\x17\
\x11+9\x0c\x0b\x07\x0a\x17\x11\xa1\x91\x91[\x00\x02\xfe\
\xc3\x02\xf8\x00\x11\x03\xf2\x00\x03\x00\x0f\x006@3\x0b\
\x07\x02\x00\x01\x0c\x06\x02\x02\x00\x02J\x00\x01\x00\x01\x83\
\x00\x00\x02\x00\x83\x00\x02\x03\x03\x02W\x00\x02\x02\x03_\
\x04\x01\x03\x02\x03O\x04\x04\x04\x0f\x04\x0e%\x11\x10\x05\
\x07\x17+\x03#73\x06&'7\x16327\x17\
\x06\x06#v@db\xe1W\x151&PP&1\
\x16W:\x03e\x8d\xfa47\x15CC\x1574\x00\
\x02\xfe\xc3\x02\xf8\x00\x11\x03\xf2\x00\x03\x00\x0f\x00=@\
:\x0b\x07\x02\x01\x00\x0c\x06\x02\x02\x01\x02J\x00\x00\x01\
\x00\x83\x04\x01\x01\x02\x01\x83\x00\x02\x03\x03\x02W\x00\x02\
\x02\x03_\x05\x01\x03\x02\x03O\x04\x04\x00\x00\x04\x0f\x04\
\x0e\x0a\x08\x00\x03\x00\x03\x11\x06\x07\x15+\x03'3\x17\
\x06&'7\x16327\x17\x06\x06#\xb6\x86bd\
ZW\x161&PP&1\x15W;\x03e\x8d\x8d\
m47\x15CC\x1574\x00\x02\xfe\xc3\x02\xf8\x00\
\x11\x03\xf8\x00\x1a\x00&\x00o@\x11\x0f\x01\x01\x02\x22\
\x1e\x0e\x03\x00\x01#\x1d\x02\x03\x00\x03JK\xb0\x0dP\
X@ \x00\x00\x01\x03\x01\x00p\x00\x02\x00\x01\x00\x02\
\x01g\x00\x03\x04\x04\x03W\x00\x03\x03\x04_\x05\x01\x04\
\x03\x04O\x1b@!\x00\x00\x01\x03\x01\x00\x03~\x00\x02\
\x00\x01\x00\x02\x01g\x00\x03\x04\x04\x03W\x00\x03\x03\x04\
_\x05\x01\x04\x03\x04OY@\x0d\x1b\x1b\x1b&\x1b%\
-#*\x10\x06\x07\x18+\x03#5467>\x02\
54&#\x22\x07'632\x16\x15\x14\x06\x07\x06\
\x06\x15\x06&'7\x16327\x17\x06\x06#x;\
\x17\x14\x03\x0d\x07\x14\x12\x1b!\x10),.7\x18\x16\
\x10\x11XW\x161&PP&1\x15W;\x03e\
\x12\x12\x13\x07\x01\x07\x06\x04\x07\x09\x0b,\x12#\x1b\x13\
\x13\x09\x07\x0c\x0av47\x15CC\x1574\x00\x00\
\x02\xfe\xc3\x02\xf8\x00\x11\x03\xf9\x00\x18\x00$\x00?@\
<! \x1c\x1b\x04\x06\x03\x01J\x02\x01\x00\x00\x04\x03\
\x00\x04g\x00\x01\x05\x01\x03\x06\x01\x03g\x00\x06\x07\x07\
\x06W\x00\x06\x06\x07_\x08\x01\x07\x06\x07O\x19\x19\x19\
$\x19#%\x12$\x22\x12#!\x09\x07\x1b+\x006\
32\x16\x17\x1632673\x14\x06#\x22&'\
&&#\x22\x06\x07#\x16&'7\x16327\x17\
\x06\x06#\xfe\xc56)\x14\x22\x1c&\x13\x14\x18\x013\
6)\x14%\x19\x0f\x1f\x0b\x14\x18\x013kW\x161\
&PP&1\x15W;\x03\xc09\x0d\x0d\x14\x18\x13\
.9\x0e\x0d\x08\x0c\x19\x13\x9a47\x15CC\x157\
4\x00\x02\xfe\xd0\x02\xfd\x00w\x03\xf2\x00\x03\x00\x0a\x00\
%@\x22\x0a\x01\x02\x00\x01J\x00\x01\x03\x01\x83\x00\x03\
\x00\x03\x83\x00\x00\x02\x00\x83\x04\x01\x02\x02t\x11\x11\x11\
\x11\x10\x05\x07\x19+\x03#73\x05#73\x17#\
'\x069V`\xfe\xacSz@zSG\x03e\x8d\
\xf5\x90\x90[\x00\x00\x02\xfe\xd0\x02\xfd\x00$\x03\xf2\x00\
\x03\x00\x0a\x00:@7\x0a\x01\x02\x01\x01J\x00\x03\x00\
\x01\x00\x03\x01~\x05\x01\x01\x02\x00\x01\x02|\x00\x00\x03\
\x02\x00U\x00\x00\x00\x02]\x04\x01\x02\x00\x02M\x00\x00\
\x09\x08\x07\x06\x05\x04\x00\x03\x00\x03\x11\x06\x07\x15+\x03\
'3\x17\x05#73\x17#'\x14s`K\xfe\xff\
Sz@zSG\x03e\x8d\x8dh\x90\x90[\x00\x00\
\x02\xfe\xd0\x02\xfd\x00K\x03\xf8\x00\x1a\x00!\x00n@\
\x0e\x0f\x01\x01\x02\x0e\x01\x04\x01!\x01\x03\x00\x03JK\
\xb0\x0dPX@#\x00\x04\x01\x00\x01\x04\x00~\x00\x00\
\x03\x01\x00n\x05\x01\x03\x03\x82\x00\x02\x01\x01\x02W\x00\
\x02\x02\x01_\x00\x01\x02\x01O\x1b@$\x00\x04\x01\x00\
\x01\x04\x00~\x00\x00\x03\x01\x00\x03|\x05\x01\x03\x03\x82\
\x00\x02\x01\x01\x02W\x00\x02\x02\x01_\x00\x01\x02\x01O\
Y@\x09\x11\x11\x19#*\x10\x06\x07\x1a+\x03#5\
467>\x0254&#\x22\x07'632\x16\
\x15\x14\x06\x07\x06\x06\x15\x07#73\x17#'\x04<\
\x17\x14\x02\x0f\x07\x14\x12\x1c \x10),.7\x18\x16\
\x10\x11\xd9Sz@zSG\x03e\x12\x12\x13\x07\x01\
\x07\x06\x04\x07\x09\x0b,\x12#\x1b\x13\x13\x09\x07\x0c\x0a\
q\x90\x90[\x00\x00\x02\xfe\xc5\x02\xfd\x00\x0f\x04\x02\x00\
\x19\x00 \x00<@9 \x01\x06\x07\x01J\x00\x07\x03\
\x06\x03\x07\x06~\x08\x01\x06\x06\x82\x00\x01\x04\x03\x01W\
\x02\x01\x00\x00\x04\x03\x00\x04g\x00\x01\x01\x03`\x05\x01\
\x03\x01\x03P\x11\x11\x11\x12$\x22\x12$!\x09\x07\x1d\
+\x00632\x16\x17\x16\x1632673\x14\x06\
#\x22&'&&#\x22\x06\x07#\x17#73\x17\
#'\xfe\xc56)\x14$\x1a\x0f\x1f\x0b\x14\x18\x013\
6)\x14$\x1a\x0f\x1f\x0b\x14\x18\x013^Sz@\
zSG\x03\xc89\x0c\x0b\x07\x0a\x18\x11+9\x0c\x0b\
\x07\x0a\x18\x11\xa0\x90\x90[\x00\x00\x00\x00\x01\x00\x00\x03\
\x09\x00O\x00\x0a\x00N\x00\x05\x00\x02\x00$\x005\x00\
\x8b\x00\x00\x00\x8e\x0d\x16\x00\x04\x00\x01\x00\x00\x00m\x00\
m\x00m\x00m\x00\x9e\x00\xaa\x00\xb6\x00\xc2\x00\xd2\x00\
\xde\x00\xea\x00\xf6\x01\x02\x01\x0e\x01\x1e\x01*\x016\x01\
B\x01N\x01Z\x01f\x01r\x01~\x01\x8a\x01\x96\x01\
\xe3\x02N\x02\xc7\x02\xd3\x03\x17\x03#\x03p\x03\xb3\x03\
\xbf\x03\xcb\x04;\x04\xc0\x04\xcc\x04\xd8\x05\x08\x05\x18\x05\
\x5c\x05h\x05p\x05|\x05\x88\x05\x98\x05\xc6\x05\xd2\x05\
\xde\x05\xea\x06L\x06\xd3\x06\xdf\x06\xeb\x06\xfb\x07\x07\x07\
\x13\x07\x1f\x07+\x077\x07C\x07O\x07[\x07g\x07\
s\x07\x7f\x07\x94\x07\xa9\x07\xf3\x07\xff\x08(\x08v\x08\
\x82\x08\x8e\x08\x9a\x08\xa6\x08\xb2\x08\xbe\x08\xe7\x09-\x09\
9\x09E\x09Q\x09j\x09v\x09\x82\x09\x8e\x09\x9a\x09\
\xa6\x09\xbb\x09\xc7\x09\xd3\x09\xdf\x09\xeb\x09\xf7\x0a\x03\x0a\
9\x0aE\x0ai\x0au\x0a\x9d\x0a\xa9\x0a\xc7\x0b\x10\x0b\
\x1c\x0b(\x0b4\x0bE\x0bQ\x0ba\x0bm\x0b\x9b\x0b\
\xcb\x0b\xd7\x0b\xfd\x0c\x09\x0c\x15\x0c!\x0c-\x0c9\x0c\
E\x0c\x81\x0c\x91\x0c\x9d\x0c\xa9\x0c\xeb\x0c\xf7\x0d\x03\x0d\
\x0f\x0d\x1b\x0d+\x0d7\x0dC\x0dO\x0d[\x0dg\x0d\
|\x0d\x91\x0d\x9d\x0d\xa9\x0d\xb5\x0e'\x0e3\x0e?\x0e\
K\x0eW\x0ec\x0eo\x0e{\x0e\x87\x0e\x9c\x0e\xb1\x0f\
\x0b\x0fo\x0f{\x0f\x87\x0f\x9c\x0f\xb1\x0f\xc6\x10\x0b\x10\
?\x10|\x10\xc7\x11\x0c\x11\x18\x11$\x110\x11<\x11\
H\x11T\x11`\x11\xb5\x11\xc1\x11\xd6\x11\xe2\x11\xf7\x12\
\xa9\x12\xb5\x12\xc1\x12\xcd\x12\xd9\x12\xe9\x13f\x13\xb6\x13\
\xd7\x14\x06\x14\x12\x14g\x14s\x14\x7f\x14\x8b\x14\xb9\x14\
\xc5\x14\xd1\x14\xdd\x14\xe9\x14\xf5\x15\x01\x15\x0d\x15\x19\x15\
Y\x15e\x15q\x15}\x15\x89\x15\x95\x15\xa1\x15\xad\x15\
\xb9\x15\xce\x16\x1c\x16(\x164\x16I\x16j\x16\x98\x16\
\xa4\x16\xb0\x16\xbc\x16\xc8\x16\xf5\x17\x1e\x17*\x176\x17\
B\x17N\x17Z\x17f\x17r\x17~\x17\x8a\x17\xb4\x17\
\xc0\x17\xcc\x17\xd8\x17\xe4\x17\xf8\x18o\x18{\x18\x87\x18\
\x93\x18\xa3\x18\xaf\x18\xbb\x18\xc7\x18\xd3\x18\xdf\x18\xeb\x18\
\xfb\x19\x07\x19\x13\x19\x1f\x19+\x197\x19C\x19O\x19\
[\x19g\x19s\x19\x7f\x1a$\x1a0\x1a\xee\x1a\xfa\x1b\
\xad\x1b\xb9\x1c\x1e\x1ca\x1cm\x1cy\x1d\x02\x1d\xa5\x1d\
\xb1\x1d\xbd\x1e\x22\x1e}\x1e\xeb\x1f`\x1fl\x1fx\x1f\
\x88\x1f\xd1\x1f\xdd\x1f\xe9\x1f\xf5 \xd8 \xe4 \xf0!\
\x00!\x0c!\x18!$!0!<!H!T!\
`!l!x!\x84!\x99!\xae\x22\x15\x22!\x22\
p\x22\xa5#8#D#P#\x5c#h#t#\
\x80#\xb7#\xfc$\x08$\x14$ $,$E$\
Q$]$i$u$\x81$\x96$\xa2$\xb2$\
\xbe$\xca$\xd6$\xe2%)%5%A%e%\
q%\x98%\xa4%\xc8%\xe1%\xed&\x11&\x1d&\
-&9&I&U&~&\xda&\xe6','\
8'C'O'['g's'\xd0'\xe0'\
\xec'\xf8(9(E(Q(](i(y(\
\x85(\x91(\x9d(\xa9(\xb5(\xca(\xdf(\xeb(\
\xf7)\x03)u)\x81)\x8d)\x99)\xa5)\xb1)\
\xbd)\xc9)\xd5)\xea)\xff*Y*\xbb*\xc7*\
\xd3*\xe8*\xfd+\x12+\xb0,\x15,f,\xcb-\
\x0c-\x18-$-0-<-H-T-`-\
\xb1-\xbd-\xd2-\xde-\xf3.\xa5.\xb1.\xbd.\
\xc9.\xd5.\xe5/e/\xa1/\xec0<0\xab0\
\xb70\xc90\xd50\xe11'131?1K1\
W1c1o1{1\x871\xdd1\xe91\xf52\
\x012\x0d2\x192%212=2R2\xc32\
\xcf2\xdb2\xf03\x103=3I3U3a3\
m3\x943\xb73\xc33\xcf3\xdb3\xe73\xf33\
\xff4\x0b4\x174#4M4Y4e4q4\
}4\x915\x065\x125\x1e5*5:5F5\
R5^5j5v5\x825\x925\x9e5\xaa5\
\xb65\xc25\xce5\xda5\xe65\xf25\xfe6\x0a6\
\x166\xbb6\xc77\x8c7\x987\xdf7\xeb7\xf78\
\x0b8\xb69\x019\x1f9>9v9\x9b9\xc39\
\xfe:%:d:\xb9:\xed;=;\x99;\xbc<\
\x1b<w<\x96<\xb5<\xf6=\x1d=Z=\xb5=\
\xea><>\x9a>\xbd?#?\x80?\x88?\x90?\
\x98?\xa0?\xa8?\xb0?\xb8?\xc0?\xc8?\xd0@\
\x1a@@@\x81@\xe8A\x1aA\x7fA\xeaB\x0aB\
{B\xe6B\xf5C\x1aC)C|C\x8bC\x9aC\
\xa9C\xb8C\xc7C\xd6C\xe5C\xf4D\x03D\x12D\
!D0D?DND]DlD}D\x8dD\
\x9dD\xadD\xe9D\xfbE\x13E>E_E\x82E\
\xa6E\xcdE\xf3FGF\x5cF\xacG\x01G\x0dG\
(GTGeG\x84G\x9cG\xe9H3HVH\
vH\x93H\xb0H\xcbH\xe6I\x01I\x1cI7I\
?IGISI_IsI\x87I\x93I\x9fI\
\xabI\xd2I\xf6J\x19J\x19J\x19J\x19J\x19J\
\x19J\x19JaJ\xa9K\x0bKrK\xd1LWL\
\xbaM\x00M_M\xb3M\xedNAN\x88N\xc3O\
LPVP\xb0P\xf9Q-QpR\x05RHR\
WRhR\x93R\xa3R\xc0R\xf8S$SHS\
^StS\x91S\xaeS\xe2T2TuT\x97T\
\xe2U)ULU\x84U\xbcU\xd2U\xf1V\x0aV\
ZV\x94W\x11W\xb8W\xd7X-X\xe4YsY\
\xa1Z\x19Z\x9c[([P[\x98[\xb1[\xdb\x5c\
\x04\x5cB\x5cy\x5c\xbe]Y]|]\x97]\xbe]\
\xe3]\xff^\x1c^5^Z^p^\x91^\xb2^\
\xe4_&_g_\x87_\xd9`\x05`4```\
\x84`\xa0`\xc4`\xf0aRa\x8aa\xbba\xdba\
\xfbb\x1cb4bMbbb{b\x98b\xb5b\
\xe3c!c^czc\xc8c\xf0d\x1edCd\
od\x9bd\xbbd\xd8e\x05e5eNeje\
\x86e\xafe\xdbe\xe4e\xede\xf6fXfaf\
jfsf|f\x85f\x8ef\x97f\xa0f\xa9f\
\xe2g\x1fgtg\xcfg\xfbh+hth\xc1h\
\xfai7i\xaaj\x03j-jbj\xcdk\x1f\x00\
\x01\x00\x00\x00\x02\x00A7\xfcy\x11_\x0f<\xf5\x00\
\x03\x03\xe8\x00\x00\x00\x00\xd4\x0f0\xf5\x00\x00\x00\x00\xd4\
\xa6m\x1d\xfe\xaf\xfe\xf8\x05\x0a\x046\x00\x00\x00\x07\x00\
\x02\x00\x00\x00\x00\x00\x00\x01\xbb\x00R\x00\x00\x00\x00\x01\
\x08\x00\x00\x01\x08\x00\x00\x02\xde\x00\x0a\x02\xde\x00\x0a\x02\
\xde\x00\x0a\x02\xde\x00\x0a\x02\xde\x00\x0a\x02\xde\x00\x0a\x02\
\xde\x00\x0a\x02\xde\x00\x0a\x02\xde\x00\x0a\x02\xde\x00\x0a\x02\
\xde\x00\x0a\x02\xde\x00\x0a\x02\xde\x00\x0a\x02\xde\x00\x0a\x02\
\xde\x00\x0a\x02\xde\x00\x0a\x02\xde\x00\x0a\x02\xde\x00\x0a\x02\
\xde\x00\x0a\x02\xde\x00\x0a\x02\xde\x00\x0a\x02\xde\x00\x0a\x02\
\xde\x00\x0a\x02\xde\x00\x0a\x02\xde\x00\x0a\x03\xe2\xff\xf6\x03\
\xe2\xff\xf6\x02\xa6\x00R\x02\xa5\x00:\x02\xa5\x00:\x02\
\xa5\x00:\x02\xa5\x00:\x02\xa5\x00:\x02\xa5\x00:\x02\
\xa5\x00:\x02\xea\x00R\x05.\x00R\x02\xfc\x00\x0a\x02\
\xea\x00R\x02\xfc\x00\x0a\x02\xea\x00R\x02\xea\x00R\x04\
\xe4\x00R\x02I\x00R\x02I\x00R\x02I\x00R\x02\
I\x00R\x02I\x00R\x02I\x00R\x02I\x00R\x02\
I\x00R\x02I\x00R\x02I\x00R\x02I\x00R\x02\
I\x00R\x02I\x00R\x02I\x00R\x02I\x00R\x02\
I\x00R\x02I\x00R\x02I\x00R\x02I\x00R\x02\
I\x00R\x02I\x00R\x02I\x00R\x02I\x00R\x02\
I\x00R\x021\x00R\x02\xd8\x00:\x02\xd8\x00:\x02\
\xd8\x00:\x02\xd8\x00:\x02\xd8\x00:\x02\xd8\x00:\x02\
\xd8\x00:\x02\xfa\x00R\x03\x1e\x00\x0a\x02\xfa\x00R\x02\
\xfa\x00R\x02\xfa\x00R\x01\x0b\x00R\x01\x0b\x00R\x01\
\x0b\xff\xde\x01\x0b\xff\xeb\x01\x0b\xff\xca\x01\x0b\xff\xf9\x01\
\x0b\xff\xf9\x01\x0b\x00K\x01\x0b\x00P\x01\x0b\xff\xda\x01\
\x0b\x008\x01\x0b\xff\xde\x01\x0b\xff\xed\x01\x0b\x00\x10\x01\
\x0b\xff\xe0\x01U\xff\xf9\x01U\xff\xf9\x02\x82\x00R\x02\
\x82\x00R\x02#\x00R\x03x\x00R\x02#\x00R\x02\
#\x00R\x02#\x00R\x02#\x00R\x02#\x00R\x03\
\x15\x00R\x02#\x00R\x025\xff\xf6\x03I\x00S\x03\
I\x00S\x02\xe7\x00R\x04<\x00R\x02\xe7\x00R\x02\
\xe7\x00R\x02\xe7\x00R\x02\xe7\x00R\x02\xe7\x00R\x02\
\xe7\x00R\x03\xd9\x00R\x02\xe7\x00R\x02\xe7\x00R\x03\
\x03\x00:\x03\x03\x00:\x03\x03\x00:\x03\x03\x00:\x03\
\x03\x00:\x03\x03\x00:\x03\x03\x00:\x03\x03\x00:\x03\
\x03\x00:\x03\x03\x00:\x03\x03\x00:\x03\x03\x00:\x03\
\x03\x00:\x03\x03\x00:\x03\x03\x00:\x03\x03\x00:\x03\
\x03\x00:\x03\x03\x00:\x03\x03\x00:\x03\x03\x00:\x03\
\x03\x00:\x03\x03\x00:\x03\x03\x00:\x03\x03\x00:\x03\
\x03\x00:\x03\x03\x00:\x03\x03\x00:\x03\x03\x00:\x03\
\x03\x00:\x03\x03\x00:\x03\x03\x00:\x03\x03\x00:\x03\
\x03\x00:\x03\x03\x00:\x04\x15\x00:\x02\x8c\x00R\x02\
\x8c\x00R\x03\x03\x00:\x02\xb2\x00R\x02\xb2\x00R\x02\
\xb2\x00R\x02\xb2\x00R\x02\xb2\x00R\x02\xb2\x00R\x02\
\xb2\x00R\x02\xb2\x00R\x02s\x00-\x02s\x00-\x02\
s\x00-\x02s\x00-\x02s\x00-\x02s\x00-\x02\
s\x00-\x02s\x00-\x02s\x00-\x02s\x00-\x02\
s\x00-\x02\xb7\x00R\x02\xed\x00:\x02]\x00\x0c\x02\
]\x00\x0c\x02]\x00\x0c\x02]\x00\x0c\x02]\x00\x0c\x02\
]\x00\x0c\x02]\x00\x0c\x02\xd8\x00M\x02\xd8\x00M\x02\
\xd8\x00M\x02\xd8\x00M\x02\xd8\x00M\x02\xd8\x00M\x02\
\xd8\x00M\x02\xd8\x00M\x02\xd8\x00M\x02\xd8\x00M\x02\
\xd8\x00M\x02\xd8\x00M\x02\xd8\x00M\x02\xd8\x00M\x02\
\xd8\x00M\x02\xd8\x00M\x02\xd8\x00M\x02\xd8\x00M\x02\
\xd8\x00M\x02\xd8\x00M\x02\xd8\x00M\x02\xd8\x00M\x02\
\xd8\x00M\x02\xbd\xff\xfd\x04Q\x00\x1d\x04Q\x00\x1d\x04\
Q\x00\x1d\x04Q\x00\x1d\x04Q\x00\x1d\x02\x8e\x00\x00\x02\
c\xff\xe5\x02c\xff\xe5\x02c\xff\xe5\x02c\xff\xe5\x02\
c\xff\xe5\x02c\xff\xe5\x02c\xff\xe5\x02c\xff\xe5\x02\
c\xff\xe5\x02c\xff\xe5\x02S\x00.\x02S\x00.\x02\
S\x00.\x02S\x00.\x02S\x00.\x02`\x00R\x02\
\x17\x005\x02\x17\x005\x02\x17\x005\x02\x17\x005\x02\
\x17\x005\x02\x17\x005\x02\x17\x005\x02\x17\x005\x02\
\x17\x005\x02\x17\x005\x02\x17\x005\x02\x17\x005\x02\
\x17\x005\x02\x17\x005\x02\x17\x005\x02\x17\x005\x02\
\x17\x005\x02\x17\x005\x02\x17\x005\x02\x17\x005\x02\
\x17\x005\x02\x17\x005\x02\x17\x005\x02\x17\x005\x02\
\x17\x005\x02\x17\x005\x02\x17\x005\x03P\x005\x03\
P\x005\x02O\x00F\x01\xe3\x00*\x01\xe3\x00*\x01\
\xe3\x00*\x01\xe3\x00*\x01\xe3\x00*\x01\xe3\x00*\x01\
\xe3\x00*\x02O\x00*\x029\x00*\x02O\x00*\x02\
O\x00*\x02O\x00*\x02O\x00*\x04I\x00*\x02\
\x11\x00*\x02\x11\x00*\x02\x11\x00*\x02\x11\x00*\x02\
\x11\x00*\x02\x11\x00*\x02\x11\x00*\x02\x11\x00*\x02\
\x11\x00*\x02\x11\x00*\x02\x11\x00*\x02\x11\x00*\x02\
\x11\x00*\x02\x11\x00*\x02\x11\x00*\x02\x11\x00*\x02\
\x11\x00*\x02\x11\x00*\x02\x11\x00*\x02\x11\x00*\x02\
\x11\x00*\x02\x11\x00*\x02\x11\x00*\x02\x11\x00)\x01\
V\x00\x06\x02S\x00*\x02S\x00*\x02S\x00*\x02\
S\x00*\x02S\x00*\x02S\x00*\x02S\x00*\x02\
@\x00F\x02@\xff\xec\x02@\x00F\x02@\xff\xe0\x02\
@\x00F\x00\xf2\x00?\x00\xf2\x00F\x00\xf2\x00F\x00\
\xf2\xff\xce\x00\xf2\xff\xdf\x00\xf2\xff\xd4\x00\xf2\xff\xed\x00\
\xf2\xff\xed\x00\xf2\x00?\x00\xf2\x00?\x00\xf2\xff\xcb\x00\
\xf2\x00,\x00\xf2\xff\xce\x00\xf2\xff\xe1\x00\xf2\x00\x04\x00\
\xf2\xff\xd4\x00\xf2\xff\xb5\x00\xf2\xff\xb5\x00\xf2\xff\xb5\x02\
\x05\x00F\x02\x05\x00F\x02\x05\x00F\x00\xf2\x00F\x00\
\xf2\x00F\x00\xf2\x00F\x00\xf2\x00@\x01&\x00F\x00\
\xf2\x00D\x01\xe4\x00F\x00\xf2\xff\xe1\x01.\xff\xf6\x03\
^\x00F\x03^\x00F\x02@\x00F\x02@\x00F\x02\
@\x00F\x02@\x00F\x02@\x00F\x02@\x00F\x02\
@\x00F\x02@\x00F\x032\x00F\x02@\x00F\x02\
@\x00F\x024\x00*\x024\x00*\x024\x00*\x02\
4\x00*\x024\x00*\x024\x00*\x024\x00*\x02\
4\x00*\x024\x00*\x024\x00*\x024\x00*\x02\
4\x00*\x024\x00*\x024\x00*\x024\x00*\x02\
4\x00*\x024\x00*\x024\x00*\x024\x00*\x02\
4\x00*\x024\x00*\x024\x00*\x024\x00*\x02\
4\x00*\x024\x00*\x024\x00*\x024\x00*\x02\
4\x00*\x024\x00*\x024\x00*\x024\x00*\x02\
4\x00*\x024\x00*\x024\x00*\x03\x86\x00*\x02\
O\x00F\x02O\x00F\x02O\x00*\x01n\x00F\x01\
n\x00F\x01n\x00B\x01n\x00@\x01n\x007\x01\
n\x00D\x01n\x001\x01n\xff\xe1\x01\xe2\x00'\x01\
\xe2\x00'\x01\xe2\x00'\x01\xe2\x00'\x01\xe2\x00'\x01\
\xe2\x00'\x01\xe2\x00'\x01\xe2\x00'\x01\xe2\x00'\x01\
\xe2\x00'\x01\xe2\x00'\x02z\x00F\x01a\x00\x06\x01\
k\x00\x0b\x01a\x00\x06\x01a\x00\x06\x01a\x00\x06\x01\
a\x00\x06\x01a\x00\x06\x01a\x00\x06\x029\x00D\x02\
9\x00D\x029\x00D\x029\x00D\x029\x00D\x02\
9\x00D\x029\x00D\x029\x00D\x029\x00D\x02\
J\x00D\x02J\x00D\x02J\x00D\x02J\x00D\x02\
J\x00D\x02J\x00D\x029\x00D\x029\x00D\x02\
9\x00D\x029\x00D\x029\x00D\x029\x00D\x02\
9\x00D\x029\x00D\x02\x08\x00\x04\x03P\x00\x11\x03\
P\x00\x11\x03P\x00\x11\x03P\x00\x11\x03P\x00\x11\x02\
\x0d\x00\x00\x02\x08\x00\x04\x02\x08\x00\x04\x02\x08\x00\x04\x02\
\x08\x00\x04\x02\x08\x00\x04\x02\x08\x00\x04\x02\x08\x00\x04\x02\
\x08\x00\x04\x02\x08\x00\x04\x02\x08\x00\x04\x01\xfa\x000\x01\
\xfa\x000\x01\xfa\x000\x01\xfa\x000\x01\xfa\x000\x01\
\xe4\x00F\x02O\x00*\x02O\x00*\x02O\x00*\x02\
O\x00*\x02O\x00*\x02O\x00*\x02O\x00*\x02\
O\x00*\x02O\x00*\x02O\x00*\x02O\x00*\x02\
O\x00*\x02O\x00*\x02O\x00*\x02O\x00*\x02\
O\x00*\x02O\x00*\x02O\x00*\x02O\x00*\x02\
O\x00*\x02O\x00*\x02O\x00*\x02O\x00*\x02\
O\x00*\x02O\x00*\x02O\x00*\x02O\x00*\x02\
G\x00\x06\x02H\x00\x06\x02`\x00R\x01\xe4\x00?\x01\
M\x00\x1a\x01_\x00\x14\x02\xde\x00 \x02M\x00*\x03\
\x14\x005\x029\x00D\x02N\x00\x05\x02X\x000\x02\
X\x00n\x02X\x00<\x02X\x001\x02X\x00/\x02\
X\x00H\x02W\x003\x02X\x00>\x02X\x00*\x02\
X\x00.\x02X\x00p\x02X\x00p\x02X\x00/\x02\
X\x00n\x02X\x00M\x02X\x009\x02X\x004\x02\
X\x00X\x02X\x008\x02X\x00H\x02X\x00/\x02\
X\x003\x01|\x00\x1e\x01|\x00D\x01|\x00%\x01\
|\x00\x1f\x01|\x00\x1c\x01|\x00*\x01|\x00\x22\x01\
|\x00(\x01|\x00\x1b\x01|\x00\x1e\x01|\x00\x1e\x01\
|\x00D\x01|\x00%\x01|\x00\x1f\x01|\x00\x1c\x01\
|\x00*\x01|\x00\x22\x01|\x00(\x01|\x00\x1b\x01\
|\x00\x1e\x01|\x00\x1e\x01|\x00D\x01|\x00%\x01\
|\x00\x1f\x01|\x00\x1c\x01|\x00*\x01|\x00\x22\x01\
|\x00(\x01|\x00\x1b\x01|\x00\x1e\x01|\x00\x1e\x01\
|\x00D\x01|\x00%\x01|\x00\x1f\x01|\x00\x1c\x01\
|\x00*\x01|\x00\x22\x01|\x00(\x01|\x00\x1b\x01\
|\x00\x1e\x00\xb5\xffh\x03\xad\x00D\x03\xad\x00D\x03\
\xad\x00\x1f\x01\xc3\x00 \x01(\xff\xec\x00\xee\x00;\x02\
\x0c\x00Q\x00\xee\x00;\x00\xee\x00;\x02\xc9\x00;\x00\
\xee\x008\x00\xee\x008\x02X\x00'\x00\xee\x00;\x01\
\xc2\x00\x00\x01\xc2\x00\x14\x01\xb3\x008\x00\xe7\x008\x00\
\xee\x00;\x01(\xff\xec\x01\xf4\x00\x0a\x01,\x00[\x01\
p\x00.\x01p\x00\x0a\x01K\x00l\x01K\x00\x0a\x01\
L\x00f\x01L\x00#\x03\xe8\x00\x00\x01\xf4\x00\x00\x02\
X\x00F\x03\xe8\x00\x00\x01\xad\x00F\x01\xad\x00F\x01\
\xad\x00F\x01\xd1\x00=\x01\xce\x00,\x01\x10\x00=\x01\
\x0d\x00,\x01\x9f\x00;\x01\x9f\x00;\x01\x9f\x00;\x00\
\xee\x00;\x00\xee\x00;\x00\xee\x00;\x02X\x00\x00\x00\
d\x00\x00\x00\xee\x00\x00\x01\x08\x00\x00\x00\xc8\x00\x00\x00\
\x00\x00\x00\x02X\x009\x02X\x00W\x02X\x00\x1d\x02\
X\x005\x02X\x00*\x02X\x007\x02X\x00\x12\x02\
X\x00%\x02X\x00C\x02X\x00/\x02X\x00\x12\x02\
X\x00.\x02X\x00?\x02X\x001\x02X\x00\x12\x04\
\xb0\x00M\x02X\x00\x12\x02X\x00\x12\x02X\x00\x15\x02\
X\x00.\x02X\x00\x12\x02X\xff\xf6\x02X\x00\xf1\x02\
X\x00\x84\x02X\x008\x02X\x008\x02X\x00B\x02\
X\x008\x02X\x008\x02X\x008\x02X\x008\x02\
X\x008\x02X\x008\x02X\x008\x02X\x008\x02\
X\x004\x02X\x008\x02X\x008\x02X\x00\x04\x02\
X\x00(\x02X\x00p\x03\x14\x005\x03\x14\x005\x02\
X\x008\x02M\x00*\x02X\x00\x06\x029\x00D\x02\
X\x00.\x03\xa9\x002\x056\x002\x02X\x00/\x02\
\x92\x00\x11\x03\xa2\x00.\x02\x9f\x00.\x02T\x00)\x02\
%\x00&\x03/\x002\x03/\x002\x03\x9c\x00\x0a\x01\
n\x00#\x01\x0d\x00W\x01\x0d\x00W\x01N\x00\x14\x02\
X\x00c\x01N\x00\x14\x03~\x002\x04B\x00R\x02\
X\x00/\x00\xe7\x008\x01\xb3\x008\x00\x00\xfe\xde\x00\
\x00\xff0\x00\x00\xfe\xbc\x00\x00\xffI\x00\x00\xff\x13\x00\
\x00\xffj\x00\x00\xfe\xd0\x00\x00\xfe\xd0\x00\x00\xfe\xbf\x00\
\x00\xff\x02\x00\x00\xfe\xc5\x00\x00\xfe\xd2\x00\x00\xff\x1d\x00\
\x00\xfe\xc5\x00\x00\xfe\xbf\x00\x00\xff1\x00\x00\xffi\x00\
\x00\xff5\x00\x00\xfe\xde\x00\x00\xff1\x00\x00\xff\x0d\x00\
\x00\xfe\xd0\x00\x00\xfe\xbf\x00\x00\xfe\xd2\x00\x00\xfe\xd2\x00\
\x00\xfe\xde\x00\x00\xff0\x00\x00\xfe\xbf\x00\x00\xffI\x00\
\x00\xffN\x00\x00\xfe\xd0\x00\x00\xfe\xd0\x00\x00\xfe\xc3\x00\
\x00\xff\x02\x00\x00\xfe\xc5\x00\x00\xfe\xd2\x00\x00\xff\x1d\x00\
\x00\xfe\xaf\x00\x00\xfe\xc3\x00\x00\xff1\x01,\x00[\x01\
,\x00]\x01,\xff\xfe\x01,\xff\xe8\x01,\x00.\x01\
,\x00\x96\x01,\x00u\x01,\x00\x8d\x01,\x00\x8d\x01\
\xb6\x00.\x01,\x00\x96\x01,\x00u\x01,\xff\xeb\x01\
,\xff\xfc\x01,\x009\x01,\xff\xfc\x01,\x00\x0a\x01\
,\x00\x5c\x01,\xff\xe8\x01,\x00?\x01,\xff\xfe\x01\
,\xff\xfc\x01,\x00.\x01,\xff\xf1\x00\x00\xfe\xc3\xfe\
\xc3\xfe\xc3\xfe\xc3\xfe\xd0\xfe\xd0\xfe\xd0\xfe\xc5\xfe\xc3\xfe\
\xc3\xfe\xc3\xfe\xc3\xfe\xd0\xfe\xd0\xfe\xd0\xfe\xc5\x00\x00\x00\
\x01\x00\x00\x03\xf3\xfe\x9f\x00\x00\x056\xfe\xaf\xffh\x05\
\x0a\x00\x01\x00\x00\x00\x00\x00\x00\x00\x00\x00\x00\x00\x00\x00\
\x00\x02\xfa\x00\x04\x023\x02X\x00\x05\x00\x00\x02\x8a\x02\
X\x00\x00\x00K\x02\x8a\x02X\x00\x00\x01^\x002\x01\
$\x00\x00\x00\x00\x07\x00\x00\x00\x00\x00\x00\x00 \x00\x00\
\x07\x00\x00\x00\x01\x00\x00\x00\x00\x00\x00\x00\x00UKW\
N\x00\xc0\x00\x00\xfb\x02\x03\xf3\xfe\x9f\x00\x00\x04?\x01\
\x13 \x00\x01\x93\x00\x00\x00\x00\x01\xe8\x02\xc1\x00\x00\x00\
 \x00\x03\x00\x00\x00\x02\x00\x00\x00\x03\x00\x00\x00\x14\x00\
\x03\x00\x01\x00\x00\x00\x14\x00\x04\x07\xf8\x00\x00\x00\xd2\x00\
\x80\x00\x06\x00R\x00\x00\x00\x0d\x00/\x009\x00~\x01\
1\x01~\x01\x8f\x01\x92\x01\xa1\x01\xb0\x01\xcc\x01\xce\x01\
\xe7\x01\xeb\x02\x1b\x02(\x02-\x023\x027\x02Y\x02\
\xbc\x02\xbf\x02\xcc\x02\xdd\x03\x04\x03\x0c\x03\x0f\x03\x12\x03\
\x1b\x03$\x03(\x03.\x031\x035\x03\x94\x03\xa3\x03\
\xa9\x03\xbc\x03\xc0\x1e\x09\x1e\x0f\x1e\x17\x1e\x1d\x1e!\x1e\
%\x1e+\x1e/\x1e7\x1e;\x1eI\x1eS\x1e[\x1e\
i\x1eo\x1e{\x1e\x85\x1e\x8f\x1e\x93\x1e\x97\x1e\x9e\x1e\
\xf9 \x0b \x10 \x15 \x1a \x1e \x22 & \
0 3 : D p y \x89 \xa1 \
\xa4 \xa7 \xa9 \xad \xb2 \xb5 \xba \xbd!\
\x13!\x16!\x22!&!.\x22\x02\x22\x06\x22\x0f\x22\
\x12\x22\x15\x22\x1a\x22\x1e\x22+\x22H\x22`\x22e%\
\xca\xf8\xff\xfb\x02\xff\xff\x00\x00\x00\x00\x00\x0d\x00 \x00\
0\x00:\x00\xa0\x014\x01\x8f\x01\x92\x01\xa0\x01\xaf\x01\
\xc4\x01\xce\x01\xe6\x01\xea\x01\xfa\x02'\x02*\x020\x02\
7\x02Y\x02\xbb\x02\xbe\x02\xc6\x02\xd8\x03\x00\x03\x06\x03\
\x0f\x03\x11\x03\x1b\x03#\x03&\x03.\x031\x035\x03\
\x94\x03\xa3\x03\xa9\x03\xbc\x03\xc0\x1e\x08\x1e\x0c\x1e\x14\x1e\
\x1c\x1e \x1e$\x1e*\x1e.\x1e6\x1e:\x1eB\x1e\
L\x1eZ\x1e^\x1el\x1ex\x1e\x80\x1e\x8e\x1e\x92\x1e\
\x97\x1e\x9e\x1e\xa0 \x07 \x10 \x12 \x18 \x1c \
  & 0 2 9 D p t \
\x80 \xa1 \xa3 \xa6 \xa9 \xab \xb1 \xb5 \
\xb9 \xbc!\x13!\x16!\x22!&!.\x22\x02\x22\
\x05\x22\x0f\x22\x11\x22\x15\x22\x19\x22\x1e\x22+\x22H\x22\
`\x22d%\xca\xf8\xff\xfb\x01\xff\xff\x00\x01\xff\xf5\x00\
\x00\x01\xd1\x00\x00\x00\x00\x00\x00\xff)\x00\xe8\x00\x00\x00\
\x00\x00\x00\xff(\x00\x00\x00\x00\x00\x00\x00\x00\x00\x00\x00\
\x00\xff\x19\xfe\xd8\x00\x00\x00\x00\x00\x00\x00\x00\x00\x00\x00\
\x00\xff\xb7\xff\xb6\xff\xae\xff\xa7\xff\xa6\xff\xa1\xff\x9f\xff\
\x9c\xfeh\xfeZ\xfeU\xfeC\xfe@\x00\x00\x00\x00\x00\
\x00\x00\x00\x00\x00\x00\x00\x00\x00\x00\x00\x00\x00\x00\x00\x00\
\x00\x00\x00\x00\x00\x00\x00\x00\x00\x00\x00\x00\x00\x00\x00\x00\
\x00\xe3\x13\xe2\x19\x00\x00\x00\x00\xe2Q\x00\x00\xe2R\x00\
\x00\x00\x00\xe2#\xe2t\xe2\x85\xe2,\xe1\xfb\xe1\xc5\xe1\
\xc5\xe1\x97\xe1\xd4\x00\x00\xe1\xdb\xe1\xde\x00\x00\x00\x00\xe1\
\xbe\x00\x00\x00\x00\xe1\x9f\xe1\x9f\xe1\x8b\xe1v\xe1\x86\xe0\
\xa0\x00\x00\xe0\x8f\x00\x00\xe0u\x00\x00\xe0|\xe0p\xe0\
N\xe00\x00\x00\xdc\xdb\x09\xa7\x06\xf5\x00\x01\x00\x00\x00\
\x00\x00\xce\x00\x00\x00\xea\x01r\x02\x94\x00\x00\x00\x00\x03\
$\x03&\x03(\x00\x00\x036\x038\x03:\x03|\x03\
~\x03\x84\x00\x00\x00\x00\x03\x86\x03\x88\x03\x8a\x03\x96\x03\
\xa0\x03\xa8\x00\x00\x00\x00\x00\x00\x00\x00\x00\x00\x00\x00\x00\
\x00\x00\x00\x00\x00\x00\x00\x00\x00\x00\x00\x00\x00\x03\x9a\x03\
\x9c\x03\xa2\x03\xa8\x03\xaa\x03\xac\x03\xae\x03\xb0\x03\xb2\x03\
\xb4\x03\xb6\x03\xc4\x03\xd2\x03\xd4\x03\xea\x03\xf0\x03\xf6\x04\
\x00\x04\x02\x00\x00\x00\x00\x04\x00\x04\xb2\x00\x00\x04\xb8\x00\
\x00\x04\xbc\x04\xc0\x00\x00\x00\x00\x00\x00\x00\x00\x00\x00\x00\
\x00\x00\x00\x00\x00\x00\x00\x04\xb2\x00\x00\x00\x00\x04\xb0\x04\
\xb4\x00\x00\x04\xb4\x04\xb6\x00\x00\x00\x00\x00\x00\x00\x00\x00\
\x00\x00\x00\x04\xac\x00\x00\x04\xac\x00\x00\x04\xac\x00\x00\x00\
\x00\x00\x00\x00\x00\x04\xa6\x00\x00\x00\x00\x00\x00\x00\x00\x00\
\x03\x02J\x02P\x02L\x02w\x02\xa3\x02\xa8\x02Q\x02\
Z\x02[\x02C\x02\x8b\x02H\x02`\x02M\x02S\x02\
G\x02R\x02\x92\x02\x8f\x02\x91\x02N\x02\xa7\x00\x04\x00\
\x1f\x00 \x00'\x00/\x00G\x00H\x00O\x00T\x00\
c\x00e\x00g\x00q\x00s\x00~\x00\xa1\x00\xa3\x00\
\xa4\x00\xac\x00\xb9\x00\xc0\x00\xd7\x00\xd8\x00\xdd\x00\xde\x00\
\xe8\x02X\x02D\x02Y\x02\xb6\x02T\x02\xf3\x00\xee\x01\
\x0b\x01\x0c\x01\x13\x01\x1a\x012\x013\x01:\x01?\x01\
O\x01R\x01U\x01^\x01`\x01k\x01\x8e\x01\x90\x01\
\x91\x01\x99\x01\xa5\x01\xad\x01\xc4\x01\xc5\x01\xca\x01\xcb\x01\
\xd5\x02V\x02\xaf\x02W\x02\x97\x02p\x02K\x02t\x02\
\x86\x02v\x02\x88\x02\xb0\x02\xaa\x02\xf1\x02\xab\x01\xfa\x02\
c\x02\x98\x02b\x02\xac\x02\xf5\x02\xae\x02\x95\x027\x02\
8\x02\xec\x02\xa1\x02\xa9\x02E\x02\xef\x026\x01\xfb\x02\
d\x02A\x02@\x02B\x02O\x00\x15\x00\x05\x00\x0c\x00\
\x1c\x00\x13\x00\x1a\x00\x1d\x00#\x00?\x000\x005\x00\
<\x00]\x00U\x00W\x00Y\x00)\x00}\x00\x8c\x00\
\x7f\x00\x81\x00\x9c\x00\x88\x02\x8d\x00\x9a\x00\xc7\x00\xc1\x00\
\xc3\x00\xc5\x00\xdf\x00\xa2\x01\xa4\x01\x01\x00\xef\x00\xf7\x01\
\x08\x00\xfe\x01\x06\x01\x09\x01\x0f\x01)\x01\x1b\x01\x1f\x01\
&\x01I\x01A\x01C\x01E\x01\x14\x01j\x01y\x01\
l\x01n\x01\x89\x01u\x02\x8e\x01\x87\x01\xb4\x01\xae\x01\
\xb0\x01\xb2\x01\xcc\x01\x8f\x01\xce\x00\x18\x01\x04\x00\x06\x00\
\xf0\x00\x19\x01\x05\x00!\x01\x0d\x00%\x01\x11\x00&\x01\
\x12\x00\x22\x01\x0e\x00*\x01\x15\x00+\x01\x16\x00B\x01\
,\x001\x01\x1c\x00=\x01'\x00E\x01/\x002\x01\
\x1d\x00K\x016\x00I\x014\x00M\x018\x00L\x01\
7\x00R\x01=\x00P\x01;\x00b\x01N\x00`\x01\
L\x00V\x01B\x00a\x01M\x00[\x01@\x00d\x01\
Q\x00f\x01S\x01T\x00i\x01V\x00k\x01X\x00\
j\x01W\x00l\x01Y\x00p\x01]\x00u\x01a\x00\
w\x01d\x00v\x01c\x01b\x00z\x01g\x00\x96\x01\
\x83\x00\x80\x01m\x00\x94\x01\x81\x00\xa0\x01\x8d\x00\xa5\x01\
\x92\x00\xa7\x01\x94\x00\xa6\x01\x93\x00\xad\x01\x9a\x00\xb2\x01\
\x9f\x00\xb1\x01\x9e\x00\xaf\x01\x9c\x00\xbc\x01\xa8\x00\xbb\x01\
\xa7\x00\xba\x01\xa6\x00\xd5\x01\xc2\x00\xd1\x01\xbe\x00\xc2\x01\
\xaf\x00\xd4\x01\xc1\x00\xcf\x01\xbc\x00\xd3\x01\xc0\x00\xda\x01\
\xc7\x00\xe0\x01\xcd\x00\xe1\x00\xe9\x01\xd6\x00\xeb\x01\xd8\x00\
\xea\x01\xd7\x00\x8e\x01{\x00\xc9\x01\xb6\x00(\x00.\x01\
\x19\x00h\x00n\x01[\x00t\x00{\x01h\x00J\x01\
5\x00\x99\x01\x86\x00\x1b\x01\x07\x00\x1e\x01\x0a\x00\x9b\x01\
\x88\x00\x12\x00\xfd\x00\x17\x01\x03\x00;\x01%\x00A\x01\
+\x00X\x01D\x00_\x01K\x00\x87\x01t\x00\x95\x01\
\x82\x00\xa8\x01\x95\x00\xaa\x01\x97\x00\xc4\x01\xb1\x00\xd0\x01\
\xbd\x00\xb3\x01\xa0\x00\xbd\x01\xa9\x00\xff\x003\x00\x89\x01\
v\x00\x9f\x01\x8c\x00\x8a\x01w\x00\xe6\x01\xd3\x02\xe2\x02\
\xe1\x02\xe6\x02\xe5\x02\xf0\x02\xee\x02\xe9\x02\xe3\x02\xe7\x02\
\xe4\x02\xe8\x02\xed\x02\xf2\x02\xf7\x02\xf6\x02\xf8\x02\xf4\x02\
\xbb\x02\xbc\x02\xbf\x02\xc3\x02\xc4\x02\xc1\x02\xba\x02\xb9\x02\
\xc5\x02\xc2\x02\xbd\x02\xc0\x00$\x01\x10\x00,\x01\x17\x00\
-\x01\x18\x00D\x01.\x00C\x01-\x004\x01\x1e\x00\
N\x019\x00S\x01>\x00Q\x01<\x00Z\x01F\x00\
m\x01Z\x00o\x01\x5c\x00r\x01_\x00x\x01e\x00\
y\x01f\x00|\x01i\x00\x9d\x01\x8a\x00\x9e\x01\x8b\x00\
\x98\x01\x85\x00\x97\x01\x84\x00\xa9\x01\x96\x00\xab\x01\x98\x00\
\xb4\x01\xa1\x00\xb5\x01\xa2\x00\xae\x01\x9b\x00\xb0\x01\x9d\x00\
\xb6\x01\xa3\x00\xbe\x01\xab\x00\xbf\x01\xac\x00\xd6\x01\xc3\x00\
\xd2\x01\xbf\x00\xdc\x01\xc9\x00\xd9\x01\xc6\x00\xdb\x01\xc8\x00\
\xe2\x01\xcf\x00\xec\x01\xd9\x00\x14\x01\x00\x00\x16\x01\x02\x00\
\x0d\x00\xf8\x00\x0f\x00\xfa\x00\x10\x00\xfb\x00\x11\x00\xfc\x00\
\x0e\x00\xf9\x00\x07\x00\xf1\x00\x09\x00\xf3\x00\x0a\x00\xf4\x00\
\x0b\x00\xf5\x00\x08\x00\xf2\x00>\x01(\x00@\x01*\x00\
F\x010\x006\x01 \x008\x01\x22\x009\x01#\x00\
:\x01$\x007\x01!\x00^\x01J\x00\x5c\x01H\x00\
\x8b\x01x\x00\x8d\x01z\x00\x82\x01o\x00\x84\x01q\x00\
\x85\x01r\x00\x86\x01s\x00\x83\x01p\x00\x8f\x01|\x00\
\x91\x01~\x00\x92\x01\x7f\x00\x93\x01\x80\x00\x90\x01}\x00\
\xc6\x01\xb3\x00\xc8\x01\xb5\x00\xca\x01\xb7\x00\xcc\x01\xb9\x00\
\xcd\x01\xba\x00\xce\x01\xbb\x00\xcb\x01\xb8\x00\xe4\x01\xd1\x00\
\xe3\x01\xd0\x00\xe5\x01\xd2\x00\xe7\x01\xd4\x02m\x02o\x02\
q\x02n\x02r\x02^\x02]\x02\x5c\x02_\x02h\x02\
i\x02g\x02\xb1\x02\xb3\x02F\x02{\x02~\x02x\x02\
y\x02}\x02\x83\x02|\x02\x85\x02\x7f\x02\x80\x02\x84\x02\
\x99\x02\x9d\x02\x9f\x02\x8c\x02\x89\x02\xa0\x02\x94\x02\x93\xb0\
\x00, \xb0\x00UXEY  K\xb8\x00\x0eQ\
K\xb0\x06SZX\xb04\x1b\xb0(Y`f \x8a\
UX\xb0\x02%a\xb9\x08\x00\x08\x00cc#b\x1b\
!!\xb0\x00Y\xb0\x00C#D\xb2\x00\x01\x00C`\
B-\xb0\x01,\xb0 `f-\xb0\x02, d \
\xb0\xc0P\xb0\x04&Z\xb2(\x01\x0aCEcE\xb0\
\x06EX!\xb0\x03%YR[X!#!\x1b\x8a\
X \xb0PPX!\xb0@Y\x1b \xb08PX\
!\xb08YY \xb1\x01\x0aCEcEad\xb0\
(PX!\xb1\x01\x0aCEcE \xb00PX\
!\xb00Y\x1b \xb0\xc0PX f \x8a\x8aa\
 \xb0\x0aPX`\x1b \xb0 PX!\xb0\x0a`\
\x1b \xb06PX!\xb06`\x1b`YYY\x1b\
\xb0\x01+YY#\xb0\x00PXeYY-\xb0\x03\
, E \xb0\x04%ad \xb0\x05CPX\xb0\
\x05#B\xb0\x06#B\x1b!!Y\xb0\x01`-\xb0\
\x04,#!#! d\xb1\x05bB \xb0\x06#\
B\xb0\x06EX\x1b\xb1\x01\x0aCEc\xb1\x01\x0aC\
\xb0\x03`Ec\xb0\x03*! \xb0\x06C \x8a \
\x8a\xb0\x01+\xb10\x05%\xb0\x04&QX`P\x1b\
aRYX#Y!Y \xb0@SX\xb0\x01+\
\x1b!\xb0@Y#\xb0\x00PXeY-\xb0\x05,\
\xb0\x07C+\xb2\x00\x02\x00C`B-\xb0\x06,\xb0\
\x07#B# \xb0\x00#Ba\xb0\x02bf\xb0\x01\
c\xb0\x01`\xb0\x05*-\xb0\x07,  E \xb0\
\x0bCc\xb8\x04\x00b \xb0\x00PX\xb0@`Y\
f\xb0\x01c`D\xb0\x01`-\xb0\x08,\xb2\x07\x0b\
\x00CEB*!\xb2\x00\x01\x00C`B-\xb0\x09\
,\xb0\x00C#D\xb2\x00\x01\x00C`B-\xb0\x0a\
,  E \xb0\x01+#\xb0\x00C\xb0\x04%`\
 E\x8a#a d \xb0 PX!\xb0\x00\x1b\
\xb00PX\xb0 \x1b\xb0@YY#\xb0\x00PX\
eY\xb0\x03%#aDD\xb0\x01`-\xb0\x0b,\
  E \xb0\x01+#\xb0\x00C\xb0\x04%` \
E\x8a#a d\xb0$PX\xb0\x00\x1b\xb0@Y\
#\xb0\x00PXeY\xb0\x03%#aDD\xb0\x01\
`-\xb0\x0c, \xb0\x00#B\xb2\x0b\x0a\x03EX\
!\x1b#!Y*!-\xb0\x0d,\xb1\x02\x02E\xb0\
daD-\xb0\x0e,\xb0\x01`  \xb0\x0cCJ\
\xb0\x00PX \xb0\x0c#BY\xb0\x0dCJ\xb0\x00\
RX \xb0\x0d#BY-\xb0\x0f, \xb0\x10b\
f\xb0\x01c \xb8\x04\x00c\x8a#a\xb0\x0eC`\
 \x8a` \xb0\x0e#B#-\xb0\x10,KTX\
\xb1\x04dDY$\xb0\x0de#x-\xb0\x11,K\
QXKSX\xb1\x04dDY\x1b!Y$\xb0\x13\
e#x-\xb0\x12,\xb1\x00\x0fCUX\xb1\x0f\x0f\
C\xb0\x01aB\xb0\x0f+Y\xb0\x00C\xb0\x02%B\
\xb1\x0c\x02%B\xb1\x0d\x02%B\xb0\x01\x16# \xb0\
\x03%PX\xb1\x01\x00C`\xb0\x04%B\x8a\x8a \
\x8a#a\xb0\x0e*!#\xb0\x01a \x8a#a\xb0\
\x0e*!\x1b\xb1\x01\x00C`\xb0\x02%B\xb0\x02%\
a\xb0\x0e*!Y\xb0\x0cCG\xb0\x0dCG`\xb0\
\x02b \xb0\x00PX\xb0@`Yf\xb0\x01c \
\xb0\x0bCc\xb8\x04\x00b \xb0\x00PX\xb0@`\
Yf\xb0\x01c`\xb1\x00\x00\x13#D\xb0\x01C\xb0\
\x00>\xb2\x01\x01\x01C`B-\xb0\x13,\x00\xb1\x00\
\x02ETX\xb0\x0f#B E\xb0\x0b#B\xb0\x0a\
#\xb0\x03`B `\xb0\x01a\xb5\x11\x11\x01\x00\x0e\
\x00BB\x8a`\xb1\x12\x06+\xb0\x89+\x1b\x22Y-\
\xb0\x14,\xb1\x00\x13+-\xb0\x15,\xb1\x01\x13+-\
\xb0\x16,\xb1\x02\x13+-\xb0\x17,\xb1\x03\x13+-\
\xb0\x18,\xb1\x04\x13+-\xb0\x19,\xb1\x05\x13+-\
\xb0\x1a,\xb1\x06\x13+-\xb0\x1b,\xb1\x07\x13+-\
\xb0\x1c,\xb1\x08\x13+-\xb0\x1d,\xb1\x09\x13+-\
\xb0),# \xb0\x10bf\xb0\x01c\xb0\x06`K\
TX# .\xb0\x01]\x1b!!Y-\xb0*,\
# \xb0\x10bf\xb0\x01c\xb0\x16`KTX#\
 .\xb0\x01q\x1b!!Y-\xb0+,# \xb0\
\x10bf\xb0\x01c\xb0&`KTX# .\xb0\
\x01r\x1b!!Y-\xb0\x1e,\x00\xb0\x0d+\xb1\x00\
\x02ETX\xb0\x0f#B E\xb0\x0b#B\xb0\x0a\
#\xb0\x03`B `\xb0\x01a\xb5\x11\x11\x01\x00\x0e\
\x00BB\x8a`\xb1\x12\x06+\xb0\x89+\x1b\x22Y-\
\xb0\x1f,\xb1\x00\x1e+-\xb0 ,\xb1\x01\x1e+-\
\xb0!,\xb1\x02\x1e+-\xb0\x22,\xb1\x03\x1e+-\
\xb0#,\xb1\x04\x1e+-\xb0$,\xb1\x05\x1e+-\
\xb0%,\xb1\x06\x1e+-\xb0&,\xb1\x07\x1e+-\
\xb0',\xb1\x08\x1e+-\xb0(,\xb1\x09\x1e+-\
\xb0,, <\xb0\x01`-\xb0-, `\xb0\x11\
` C#\xb0\x01`C\xb0\x02%a\xb0\x01`\xb0\
,*!-\xb0.,\xb0-+\xb0-*-\xb0/\
,  G  \xb0\x0bCc\xb8\x04\x00b \xb0\
\x00PX\xb0@`Yf\xb0\x01c`#a8#\
 \x8aUX G  \xb0\x0bCc\xb8\x04\x00b\
 \xb0\x00PX\xb0@`Yf\xb0\x01c`#a\
8\x1b!Y-\xb00,\x00\xb1\x00\x02ETX\xb0\
\x01\x16\xb0/*\xb1\x05\x01\x15EX0Y\x1b\x22Y\
-\xb01,\x00\xb0\x0d+\xb1\x00\x02ETX\xb0\x01\
\x16\xb0/*\xb1\x05\x01\x15EX0Y\x1b\x22Y-\
\xb02, 5\xb0\x01`-\xb03,\x00\xb0\x01E\
c\xb8\x04\x00b \xb0\x00PX\xb0@`Yf\xb0\
\x01c\xb0\x01+\xb0\x0bCc\xb8\x04\x00b \xb0\x00\
PX\xb0@`Yf\xb0\x01c\xb0\x01+\xb0\x00\x16\
\xb4\x00\x00\x00\x00\x00D>#8\xb12\x01\x15*!\
-\xb04, < G \xb0\x0bCc\xb8\x04\x00\
b \xb0\x00PX\xb0@`Yf\xb0\x01c`\xb0\
\x00Ca8-\xb05,.\x17<-\xb06, \
< G \xb0\x0bCc\xb8\x04\x00b \xb0\x00P\
X\xb0@`Yf\xb0\x01c`\xb0\x00Ca\xb0\x01\
Cc8-\xb07,\xb1\x02\x00\x16% . G\
\xb0\x00#B\xb0\x02%I\x8a\x8aG#G#a \
Xb\x1b!Y\xb0\x01#B\xb26\x01\x01\x15\x14*\
-\xb08,\xb0\x00\x16\xb0\x10#B\xb0\x04%\xb0\x04\
%G#G#a\xb0\x09C+e\x8a.#  \
<\x8a8-\xb09,\xb0\x00\x16\xb0\x10#B\xb0\x04\
%\xb0\x04% .G#G#a \xb0\x04#B\
\xb0\x09C+ \xb0`PX \xb0@QX\xb3\x02\
 \x03 \x1b\xb3\x02&\x03\x1aYBB# \xb0\x08\
C \x8a#G#G#a#F`\xb0\x04C\xb0\
\x02b \xb0\x00PX\xb0@`Yf\xb0\x01c`\
 \xb0\x01+ \x8a\x8aa \xb0\x02C`d#\xb0\
\x03CadPX\xb0\x02Ca\x1b\xb0\x03C`Y\
\xb0\x03%\xb0\x02b \xb0\x00PX\xb0@`Yf\
\xb0\x01ca#  \xb0\x04&#Fa8\x1b#\
\xb0\x08CF\xb0\x02%\xb0\x08CG#G#a`\
 \xb0\x04C\xb0\x02b \xb0\x00PX\xb0@`Y\
f\xb0\x01c`# \xb0\x01+#\xb0\x04C`\xb0\
\x01+\xb0\x05%a\xb0\x05%\xb0\x02b \xb0\x00P\
X\xb0@`Yf\xb0\x01c\xb0\x04&a \xb0\x04\
%`d#\xb0\x03%`dPX!\x1b#!Y\
#  \xb0\x04&#Fa8Y-\xb0:,\xb0\
\x00\x16\xb0\x10#B   \xb0\x05& .G#\
G#a#<8-\xb0;,\xb0\x00\x16\xb0\x10#\
B \xb0\x08#B   F#G\xb0\x01+#\
a8-\xb0<,\xb0\x00\x16\xb0\x10#B\xb0\x03%\
\xb0\x02%G#G#a\xb0\x00TX. <#\
!\x1b\xb0\x02%\xb0\x02%G#G#a \xb0\x05\
%\xb0\x04%G#G#a\xb0\x06%\xb0\x05%I\
\xb0\x02%a\xb9\x08\x00\x08\x00cc# Xb\x1b\
!Yc\xb8\x04\x00b \xb0\x00PX\xb0@`Y\
f\xb0\x01c`#.#  <\x8a8#!Y\
-\xb0=,\xb0\x00\x16\xb0\x10#B \xb0\x08C \
.G#G#a `\xb0 `f\xb0\x02b \
\xb0\x00PX\xb0@`Yf\xb0\x01c#  <\
\x8a8-\xb0>,# .F\xb0\x02%F\xb0\x10\
CXP\x1bRYX <Y.\xb1.\x01\x14+\
-\xb0?,# .F\xb0\x02%F\xb0\x10CX\
R\x1bPYX <Y.\xb1.\x01\x14+-\xb0\
@,# .F\xb0\x02%F\xb0\x10CXP\x1b\
RYX <Y# .F\xb0\x02%F\xb0\x10\
CXR\x1bPYX <Y.\xb1.\x01\x14+\
-\xb0A,\xb08+# .F\xb0\x02%F\xb0\
\x10CXP\x1bRYX <Y.\xb1.\x01\x14\
+-\xb0B,\xb09+\x8a  <\xb0\x04#B\
\x8a8# .F\xb0\x02%F\xb0\x10CXP\x1b\
RYX <Y.\xb1.\x01\x14+\xb0\x04C.\
\xb0.+-\xb0C,\xb0\x00\x16\xb0\x04%\xb0\x04&\
 .G#G#a\xb0\x09C+# < .\
#8\xb1.\x01\x14+-\xb0D,\xb1\x08\x04%B\
\xb0\x00\x16\xb0\x04%\xb0\x04% .G#G#a\
 \xb0\x04#B\xb0\x09C+ \xb0`PX \xb0\
@QX\xb3\x02 \x03 \x1b\xb3\x02&\x03\x1aYB\
B# G\xb0\x04C\xb0\x02b \xb0\x00PX\xb0\
@`Yf\xb0\x01c` \xb0\x01+ \x8a\x8aa\
 \xb0\x02C`d#\xb0\x03CadPX\xb0\x02\
Ca\x1b\xb0\x03C`Y\xb0\x03%\xb0\x02b \xb0\
\x00PX\xb0@`Yf\xb0\x01ca\xb0\x02%F\
a8# <#8\x1b!  F#G\xb0\x01\
+#a8!Y\xb1.\x01\x14+-\xb0E,\xb1\
\x008+.\xb1.\x01\x14+-\xb0F,\xb1\x009\
+!#  <\xb0\x04#B#8\xb1.\x01\x14\
+\xb0\x04C.\xb0.+-\xb0G,\xb0\x00\x15 \
G\xb0\x00#B\xb2\x00\x01\x01\x15\x14\x13.\xb04*\
-\xb0H,\xb0\x00\x15 G\xb0\x00#B\xb2\x00\x01\
\x01\x15\x14\x13.\xb04*-\xb0I,\xb1\x00\x01\x14\
\x13\xb05*-\xb0J,\xb07*-\xb0K,\xb0\
\x00\x16E# . F\x8a#a8\xb1.\x01\x14\
+-\xb0L,\xb0\x08#B\xb0K+-\xb0M,\
\xb2\x00\x00D+-\xb0N,\xb2\x00\x01D+-\xb0\
O,\xb2\x01\x00D+-\xb0P,\xb2\x01\x01D+\
-\xb0Q,\xb2\x00\x00E+-\xb0R,\xb2\x00\x01\
E+-\xb0S,\xb2\x01\x00E+-\xb0T,\xb2\
\x01\x01E+-\xb0U,\xb3\x00\x00\x00A+-\xb0\
V,\xb3\x00\x01\x00A+-\xb0W,\xb3\x01\x00\x00\
A+-\xb0X,\xb3\x01\x01\x00A+-\xb0Y,\
\xb3\x00\x00\x01A+-\xb0Z,\xb3\x00\x01\x01A+\
-\xb0[,\xb3\x01\x00\x01A+-\xb0\x5c,\xb3\x01\
\x01\x01A+-\xb0],\xb2\x00\x00C+-\xb0^\
,\xb2\x00\x01C+-\xb0_,\xb2\x01\x00C+-\
\xb0`,\xb2\x01\x01C+-\xb0a,\xb2\x00\x00F\
+-\xb0b,\xb2\x00\x01F+-\xb0c,\xb2\x01\
\x00F+-\xb0d,\xb2\x01\x01F+-\xb0e,\
\xb3\x00\x00\x00B+-\xb0f,\xb3\x00\x01\x00B+\
-\xb0g,\xb3\x01\x00\x00B+-\xb0h,\xb3\x01\
\x01\x00B+-\xb0i,\xb3\x00\x00\x01B+-\xb0\
j,\xb3\x00\x01\x01B+-\xb0k,\xb3\x01\x00\x01\
B+-\xb0l,\xb3\x01\x01\x01B+-\xb0m,\
\xb1\x00:+.\xb1.\x01\x14+-\xb0n,\xb1\x00\
:+\xb0>+-\xb0o,\xb1\x00:+\xb0?+\
-\xb0p,\xb0\x00\x16\xb1\x00:+\xb0@+-\xb0\
q,\xb1\x01:+\xb0>+-\xb0r,\xb1\x01:\
+\xb0?+-\xb0s,\xb0\x00\x16\xb1\x01:+\xb0\
@+-\xb0t,\xb1\x00;+.\xb1.\x01\x14+\
-\xb0u,\xb1\x00;+\xb0>+-\xb0v,\xb1\
\x00;+\xb0?+-\xb0w,\xb1\x00;+\xb0@\
+-\xb0x,\xb1\x01;+\xb0>+-\xb0y,\
\xb1\x01;+\xb0?+-\xb0z,\xb1\x01;+\xb0\
@+-\xb0{,\xb1\x00<+.\xb1.\x01\x14+\
-\xb0|,\xb1\x00<+\xb0>+-\xb0},\xb1\
\x00<+\xb0?+-\xb0~,\xb1\x00<+\xb0@\
+-\xb0\x7f,\xb1\x01<+\xb0>+-\xb0\x80,\
\xb1\x01<+\xb0?+-\xb0\x81,\xb1\x01<+\xb0\
@+-\xb0\x82,\xb1\x00=+.\xb1.\x01\x14+\
-\xb0\x83,\xb1\x00=+\xb0>+-\xb0\x84,\xb1\
\x00=+\xb0?+-\xb0\x85,\xb1\x00=+\xb0@\
+-\xb0\x86,\xb1\x01=+\xb0>+-\xb0\x87,\
\xb1\x01=+\xb0?+-\xb0\x88,\xb1\x01=+\xb0\
@+-\xb0\x89,\xb3\x09\x04\x02\x03EX!\x1b#\
!YB+\xb0\x08e\xb0\x03$Px\xb1\x05\x01\x15\
EX0Y-\x00\x00\x00K\xb8\x00\xc8RX\xb1\x01\
\x01\x8eY\xb0\x01\xb9\x08\x00\x08\x00cp\xb1\x00\x07B\
\xb4G3\x1f\x03\x00*\xb1\x00\x07B\xb7:\x08&\x08\
\x12\x08\x03\x08*\xb1\x00\x07B\xb7D\x060\x06\x1c\x06\
\x03\x08*\xb1\x00\x0aB\xbc\x0e\xc0\x09\xc0\x04\xc0\x00\x03\
\x00\x09*\xb1\x00\x0dB\xbc\x00@\x00@\x00@\x00\x03\
\x00\x09*\xb1\x03\x00D\xb1$\x01\x88QX\xb0@\x88\
X\xb1\x03dD\xb1&\x01\x88QX\xba\x08\x80\x00\x01\
\x04@\x88cTX\xb1\x03\x00DYYYY\xb7<\
\x08(\x08\x14\x08\x03\x0c*\xb8\x01\xff\x85\xb0\x04\x8d\xb1\
\x02\x00D\xb3\x05d\x06\x00DD\x00\x00\x00\x00\x00\x00\
\x00\x00\x00\x00\x00\x00\x00\x00\x00\x00\x00\x00\x00\x00\x00\x00\
\x00\x00\x00\x00\x00\x00\x00\x00\x00\x00\x00\x00f\x00f\x00\
P\x00P\x02\xc1\x00\x00\x02\xc1\x01\xe8\x00\x00\xffL\x04\
?\xfe\xed\x02\xc9\xff\xf8\x02\xc1\x01\xf4\xff\xf9\xffE\x04\
?\xfe\xed\x00f\x00f\x00P\x00P\x01\xa7\x00\x00\x02\
\xc1\x01\xe8\x00\x00\xffL\x04?\xfe\xed\x01\xab\xff\xfc\x02\
\xc1\x01\xf4\xff\xf9\xffL\x04?\xfe\xed\x00f\x00f\x00\
P\x00P\x02\xc1\x01\x1a\x02\xc1\x01\xe8\x00\x00\xffL\x04\
?\xfe\xed\x02\xc5\x01\x16\x02\xc1\x01\xf4\xff\xf9\xffE\x04\
?\xfe\xed\x00\x00\x00\x0f\x00\xba\x00\x03\x00\x01\x04\x09\x00\
\x00\x00\x84\x00\x00\x00\x03\x00\x01\x04\x09\x00\x01\x00(\x00\
\x84\x00\x03\x00\x01\x04\x09\x00\x02\x00\x0e\x00\xac\x00\x03\x00\
\x01\x04\x09\x00\x03\x00<\x00\xba\x00\x03\x00\x01\x04\x09\x00\
\x04\x00(\x00\x84\x00\x03\x00\x01\x04\x09\x00\x05\x00\x1a\x00\
\xf6\x00\x03\x00\x01\x04\x09\x00\x06\x00&\x01\x10\x00\x03\x00\
\x01\x04\x09\x00\x08\x00\x18\x016\x00\x03\x00\x01\x04\x09\x00\
\x09\x00\x18\x016\x00\x03\x00\x01\x04\x09\x00\x0b\x002\x01\
N\x00\x03\x00\x01\x04\x09\x00\x0c\x002\x01N\x00\x03\x00\
\x01\x04\x09\x00\x0d\x01 \x01\x80\x00\x03\x00\x01\x04\x09\x00\
\x0e\x004\x02\xa0\x00\x03\x00\x01\x04\x09\x00\x10\x00\x16\x02\
\xd4\x00\x03\x00\x01\x04\x09\x00\x11\x00\x10\x02\xea\x00C\x00\
o\x00p\x00y\x00r\x00i\x00g\x00h\x00t\x00\
 \x002\x000\x001\x006\x00 \x00T\x00h\x00\
e\x00 \x00N\x00u\x00n\x00i\x00t\x00o\x00\
 \x00P\x00r\x00o\x00j\x00e\x00c\x00t\x00\
 \x00A\x00u\x00t\x00h\x00o\x00r\x00s\x00\
 \x00(\x00c\x00o\x00n\x00t\x00a\x00c\x00\
t\x00@\x00s\x00a\x00n\x00s\x00o\x00x\x00\
y\x00g\x00e\x00n\x00.\x00c\x00o\x00m\x00\
)\x00N\x00u\x00n\x00i\x00t\x00o\x00 \x00\
S\x00a\x00n\x00s\x00 \x00S\x00e\x00m\x00\
i\x00B\x00o\x00l\x00d\x00R\x00e\x00g\x00\
u\x00l\x00a\x00r\x002\x00.\x000\x000\x00\
1\x00;\x00U\x00K\x00W\x00N\x00;\x00N\x00\
u\x00n\x00i\x00t\x00o\x00S\x00a\x00n\x00\
s\x00-\x00S\x00e\x00m\x00i\x00B\x00o\x00\
l\x00d\x00V\x00e\x00r\x00s\x00i\x00o\x00\
n\x00 \x002\x00.\x000\x000\x001\x00N\x00\
u\x00n\x00i\x00t\x00o\x00S\x00a\x00n\x00\
s\x00-\x00S\x00e\x00m\x00i\x00B\x00o\x00\
l\x00d\x00V\x00e\x00r\x00n\x00o\x00n\x00\
 \x00A\x00d\x00a\x00m\x00s\x00h\x00t\x00\
t\x00p\x00:\x00/\x00/\x00w\x00w\x00w\x00\
.\x00s\x00a\x00n\x00s\x00o\x00x\x00y\x00\
g\x00e\x00n\x00.\x00c\x00o\x00m\x00T\x00\
h\x00i\x00s\x00 \x00F\x00o\x00n\x00t\x00\
 \x00S\x00o\x00f\x00t\x00w\x00a\x00r\x00\
e\x00 \x00i\x00s\x00 \x00l\x00i\x00c\x00\
e\x00n\x00s\x00e\x00d\x00 \x00u\x00n\x00\
d\x00e\x00r\x00 \x00t\x00h\x00e\x00 \x00\
S\x00I\x00L\x00 \x00O\x00p\x00e\x00n\x00\
 \x00F\x00o\x00n\x00t\x00 \x00L\x00i\x00\
c\x00e\x00n\x00s\x00e\x00,\x00 \x00V\x00\
e\x00r\x00s\x00i\x00o\x00n\x00 \x001\x00\
.\x001\x00.\x00 \x00T\x00h\x00i\x00s\x00\
 \x00l\x00i\x00c\x00e\x00n\x00s\x00e\x00\
 \x00i\x00s\x00 \x00a\x00v\x00a\x00i\x00\
l\x00a\x00b\x00l\x00e\x00 \x00w\x00i\x00\
t\x00h\x00 \x00a\x00 \x00F\x00A\x00Q\x00\
 \x00a\x00t\x00:\x00 \x00h\x00t\x00t\x00\
p\x00:\x00/\x00/\x00s\x00c\x00r\x00i\x00\
p\x00t\x00s\x00.\x00s\x00i\x00l\x00.\x00\
o\x00r\x00g\x00/\x00O\x00F\x00L\x00h\x00\
t\x00t\x00p\x00:\x00/\x00/\x00s\x00c\x00\
r\x00i\x00p\x00t\x00s\x00.\x00s\x00i\x00\
l\x00.\x00o\x00r\x00g\x00/\x00O\x00F\x00\
L\x00N\x00u\x00n\x00i\x00t\x00o\x00 \x00\
S\x00a\x00n\x00s\x00S\x00e\x00m\x00i\x00\
B\x00o\x00l\x00d\x00\x02\x00\x00\x00\x00\x00\x00\xff\
\xb5\x002\x00\x00\x00\x00\x00\x00\x00\x00\x00\x00\x00\x00\x00\
\x00\x00\x00\x00\x00\x00\x00\x03\x09\x00\x00\x01\x02\x00\x02\x00\
\x03\x00$\x00\xc9\x01\x03\x01\x04\x01\x05\x01\x06\x01\x07\x01\
\x08\x00\xc7\x01\x09\x01\x0a\x01\x0b\x01\x0c\x01\x0d\x01\x0e\x00\
b\x01\x0f\x00\xad\x01\x10\x01\x11\x01\x12\x01\x13\x00c\x01\
\x14\x00\xae\x00\x90\x01\x15\x00%\x00&\x00\xfd\x00\xff\x00\
d\x01\x16\x01\x17\x01\x18\x00'\x01\x19\x00\xe9\x01\x1a\x01\
\x1b\x01\x1c\x01\x1d\x01\x1e\x00(\x00e\x01\x1f\x01 \x01\
!\x01\x22\x00\xc8\x01#\x01$\x01%\x01&\x01'\x01\
(\x00\xca\x01)\x01*\x00\xcb\x01+\x01,\x01-\x01\
.\x01/\x010\x011\x00)\x00*\x00\xf8\x012\x01\
3\x014\x015\x016\x00+\x017\x018\x019\x01\
:\x00,\x00\xcc\x01;\x00\xcd\x01<\x00\xce\x01=\x00\
\xfa\x01>\x00\xcf\x01?\x01@\x01A\x01B\x01C\x00\
-\x01D\x00.\x01E\x00/\x01F\x01G\x01H\x01\
I\x01J\x01K\x01L\x01M\x00\xe2\x000\x01N\x00\
1\x01O\x01P\x01Q\x01R\x01S\x01T\x01U\x01\
V\x01W\x00f\x002\x00\xd0\x01X\x00\xd1\x01Y\x01\
Z\x01[\x01\x5c\x01]\x01^\x00g\x01_\x01`\x01\
a\x00\xd3\x01b\x01c\x01d\x01e\x01f\x01g\x01\
h\x01i\x01j\x01k\x01l\x01m\x01n\x00\x91\x01\
o\x00\xaf\x01p\x01q\x01r\x00\xb0\x003\x00\xed\x00\
4\x005\x01s\x01t\x01u\x01v\x01w\x01x\x01\
y\x006\x01z\x01{\x00\xe4\x01|\x00\xfb\x01}\x01\
~\x01\x7f\x01\x80\x01\x81\x01\x82\x01\x83\x007\x01\x84\x01\
\x85\x01\x86\x01\x87\x01\x88\x01\x89\x008\x00\xd4\x01\x8a\x00\
\xd5\x01\x8b\x00h\x01\x8c\x00\xd6\x01\x8d\x01\x8e\x01\x8f\x01\
\x90\x01\x91\x01\x92\x01\x93\x01\x94\x01\x95\x01\x96\x01\x97\x01\
\x98\x01\x99\x01\x9a\x01\x9b\x009\x00:\x01\x9c\x01\x9d\x01\
\x9e\x01\x9f\x00;\x00<\x00\xeb\x01\xa0\x00\xbb\x01\xa1\x01\
\xa2\x01\xa3\x01\xa4\x01\xa5\x01\xa6\x00=\x01\xa7\x00\xe6\x01\
\xa8\x01\xa9\x01\xaa\x00D\x00i\x01\xab\x01\xac\x01\xad\x01\
\xae\x01\xaf\x01\xb0\x01\xb1\x00k\x01\xb2\x01\xb3\x01\xb4\x01\
\xb5\x01\xb6\x01\xb7\x00l\x01\xb8\x01\xb9\x00j\x01\xba\x01\
\xbb\x01\xbc\x01\xbd\x00n\x01\xbe\x00m\x00\xa0\x01\xbf\x00\
E\x00F\x00\xfe\x01\x00\x00o\x01\xc0\x01\xc1\x01\xc2\x00\
G\x00\xea\x01\xc3\x01\x01\x01\xc4\x01\xc5\x01\xc6\x00H\x00\
p\x01\xc7\x01\xc8\x01\xc9\x00r\x01\xca\x01\xcb\x01\xcc\x01\
\xcd\x01\xce\x01\xcf\x00s\x01\xd0\x01\xd1\x00q\x01\xd2\x01\
\xd3\x01\xd4\x01\xd5\x01\xd6\x01\xd7\x01\xd8\x01\xd9\x00I\x00\
J\x00\xf9\x01\xda\x01\xdb\x01\xdc\x01\xdd\x01\xde\x00K\x01\
\xdf\x01\xe0\x01\xe1\x01\xe2\x00L\x00\xd7\x00t\x01\xe3\x00\
v\x01\xe4\x00w\x01\xe5\x01\xe6\x01\xe7\x00u\x01\xe8\x01\
\xe9\x01\xea\x01\xeb\x01\xec\x00M\x01\xed\x01\xee\x00N\x01\
\xef\x01\xf0\x00O\x01\xf1\x01\xf2\x01\xf3\x01\xf4\x01\xf5\x01\
\xf6\x01\xf7\x00\xe3\x00P\x01\xf8\x00Q\x01\xf9\x01\xfa\x01\
\xfb\x01\xfc\x01\xfd\x01\xfe\x01\xff\x02\x00\x02\x01\x00x\x00\
R\x00y\x02\x02\x00{\x02\x03\x02\x04\x02\x05\x02\x06\x02\
\x07\x02\x08\x00|\x02\x09\x02\x0a\x02\x0b\x00z\x02\x0c\x02\
\x0d\x02\x0e\x02\x0f\x02\x10\x02\x11\x02\x12\x02\x13\x02\x14\x02\
\x15\x02\x16\x02\x17\x02\x18\x00\xa1\x02\x19\x00}\x02\x1a\x02\
\x1b\x02\x1c\x00\xb1\x00S\x00\xee\x00T\x00U\x02\x1d\x02\
\x1e\x02\x1f\x02 \x02!\x02\x22\x02#\x00V\x02$\x02\
%\x00\xe5\x02&\x00\xfc\x02'\x02(\x02)\x02*\x02\
+\x00\x89\x00W\x02,\x02-\x02.\x02/\x020\x02\
1\x022\x00X\x00~\x023\x00\x80\x024\x00\x81\x02\
5\x00\x7f\x026\x027\x028\x029\x02:\x02;\x02\
<\x02=\x02>\x02?\x02@\x02A\x02B\x02C\x02\
D\x00Y\x00Z\x02E\x02F\x02G\x02H\x00[\x00\
\x5c\x00\xec\x02I\x00\xba\x02J\x02K\x02L\x02M\x02\
N\x02O\x00]\x02P\x00\xe7\x02Q\x02R\x02S\x02\
T\x02U\x02V\x02W\x02X\x02Y\x02Z\x02[\x02\
\x5c\x02]\x02^\x02_\x02`\x02a\x02b\x02c\x02\
d\x02e\x02f\x02g\x02h\x02i\x02j\x02k\x02\
l\x02m\x02n\x00\xc0\x00\xc1\x02o\x02p\x00\x9d\x00\
\x9e\x02q\x02r\x02s\x02t\x00\x9b\x00\x13\x00\x14\x00\
\x15\x00\x16\x00\x17\x00\x18\x00\x19\x00\x1a\x00\x1b\x00\x1c\x02\
u\x02v\x02w\x02x\x02y\x02z\x02{\x02|\x02\
}\x02~\x02\x7f\x02\x80\x02\x81\x02\x82\x02\x83\x02\x84\x02\
\x85\x02\x86\x02\x87\x02\x88\x02\x89\x02\x8a\x02\x8b\x02\x8c\x02\
\x8d\x02\x8e\x02\x8f\x02\x90\x02\x91\x02\x92\x02\x93\x02\x94\x02\
\x95\x02\x96\x02\x97\x02\x98\x02\x99\x02\x9a\x02\x9b\x02\x9c\x02\
\x9d\x02\x9e\x02\x9f\x02\xa0\x02\xa1\x02\xa2\x02\xa3\x02\xa4\x02\
\xa5\x02\xa6\x02\xa7\x02\xa8\x00\xbc\x00\xf4\x00\xf5\x00\xf6\x00\
\x0d\x00?\x00\xc3\x00\x87\x00\x1d\x00\x0f\x00\xab\x00\x04\x00\
\xa3\x00\x06\x00\x11\x00\x22\x00\xa2\x00\x05\x00\x0a\x00\x1e\x00\
\x12\x00B\x02\xa9\x00^\x00`\x00>\x00@\x00\x0b\x00\
\x0c\x00\xb3\x00\xb2\x02\xaa\x02\xab\x00\x10\x02\xac\x02\xad\x00\
\xa9\x00\xaa\x00\xbe\x00\xbf\x00\xc5\x00\xb4\x00\xb5\x00\xb6\x00\
\xb7\x00\xc4\x02\xae\x02\xaf\x02\xb0\x02\xb1\x02\xb2\x02\xb3\x02\
\xb4\x00\x84\x02\xb5\x00\xbd\x00\x07\x02\xb6\x02\xb7\x00\xa6\x00\
\xf7\x02\xb8\x02\xb9\x02\xba\x02\xbb\x02\xbc\x02\xbd\x02\xbe\x02\
\xbf\x02\xc0\x02\xc1\x00\x85\x02\xc2\x00\x96\x02\xc3\x02\xc4\x00\
\x0e\x00\xef\x00\xf0\x00\xb8\x00 \x00\x8f\x00!\x00\x1f\x00\
\x95\x00\x94\x00\x93\x00\xa7\x00a\x00\xa4\x02\xc5\x00\x92\x00\
\x9c\x02\xc6\x02\xc7\x00\x9a\x00\x99\x00\xa5\x02\xc8\x00\x98\x00\
\x08\x00\xc6\x00\xb9\x02\xc9\x00#\x00\x09\x00\x88\x00\x86\x00\
\x8b\x00\x8a\x00\x8c\x00\x83\x00_\x00\xe8\x00\x82\x02\xca\x00\
\xc2\x02\xcb\x02\xcc\x00A\x02\xcd\x02\xce\x02\xcf\x02\xd0\x02\
\xd1\x02\xd2\x02\xd3\x02\xd4\x02\xd5\x02\xd6\x02\xd7\x02\xd8\x02\
\xd9\x02\xda\x02\xdb\x02\xdc\x02\xdd\x02\xde\x02\xdf\x02\xe0\x02\
\xe1\x02\xe2\x02\xe3\x02\xe4\x02\xe5\x02\xe6\x02\xe7\x02\xe8\x02\
\xe9\x02\xea\x02\xeb\x02\xec\x02\xed\x02\xee\x02\xef\x02\xf0\x02\
\xf1\x02\xf2\x02\xf3\x02\xf4\x02\xf5\x02\xf6\x02\xf7\x02\xf8\x02\
\xf9\x02\xfa\x02\xfb\x02\xfc\x02\xfd\x02\xfe\x02\xff\x03\x00\x03\
\x01\x00\x8d\x00\xdb\x00\xe1\x00\xde\x00\xd8\x00\x8e\x00\xdc\x00\
C\x00\xdf\x00\xda\x00\xe0\x00\xdd\x00\xd9\x03\x02\x03\x03\x03\
\x04\x03\x05\x03\x06\x03\x07\x03\x08\x03\x09\x03\x0a\x03\x0b\x03\
\x0c\x03\x0d\x03\x0e\x03\x0f\x03\x10\x03\x11\x04NULL\
\x06Abreve\x07uni1EAE\x07\
uni1EB6\x07uni1EB0\x07\
uni1EB2\x07uni1EB4\x07\
uni1EA4\x07uni1EAC\x07\
uni1EA6\x07uni1EA8\x07\
uni1EAA\x07uni0200\x07\
uni1EA0\x07uni1EA2\x07\
uni0202\x07Amacron\x07\
Aogonek\x0aAringacu\
te\x07AEacute\x07uni1E\
08\x0bCcircumflex\x0aC\
dotaccent\x07uni01C\
4\x06Dcaron\x06Dcroat\x07\
uni1E0C\x07uni1E0E\x07\
uni01C5\x06Ebreve\x06E\
caron\x07uni0228\x07un\
i1E1C\x07uni1EBE\x07un\
i1EC6\x07uni1EC0\x07un\
i1EC2\x07uni1EC4\x07un\
i0204\x0aEdotaccent\
\x07uni1EB8\x07uni1EBA\
\x07uni0206\x07Emacron\
\x07uni1E16\x07uni1E14\
\x07Eogonek\x07uni1EBC\
\x06Gcaron\x0bGcircumf\
lex\x0cGcommaaccent\
\x0aGdotaccent\x07uni1\
E20\x04Hbar\x07uni1E2A\
\x0bHcircumflex\x07uni\
1E24\x06Ibreve\x07uni0\
208\x07uni1E2E\x07uni1\
ECA\x07uni1EC8\x07uni0\
20A\x07Imacron\x07Iogo\
nek\x06Itilde\x0bJcirc\
umflex\x0cKcommaacc\
ent\x07uni01C7\x06Lacu\
te\x06Lcaron\x0cLcomma\
accent\x04Ldot\x07uni1\
E36\x07uni01C8\x07uni1\
E3A\x07uni1E42\x07uni0\
1CA\x06Nacute\x06Ncaro\
n\x0cNcommaaccent\x07u\
ni1E44\x07uni1E46\x03E\
ng\x07uni01CB\x07uni1E\
48\x06Obreve\x07uni1ED\
0\x07uni1ED8\x07uni1ED\
2\x07uni1ED4\x07uni1ED\
6\x07uni020C\x07uni022\
A\x07uni0230\x07uni1EC\
C\x07uni1ECE\x05Ohorn\x07\
uni1EDA\x07uni1EE2\x07\
uni1EDC\x07uni1EDE\x07\
uni1EE0\x0dOhungaru\
mlaut\x07uni020E\x07Om\
acron\x07uni1E52\x07un\
i1E50\x07uni01EA\x0bOs\
lashacute\x07uni1E4\
C\x07uni1E4E\x07uni022\
C\x06Racute\x06Rcaron\x0c\
Rcommaaccent\x07uni\
0210\x07uni1E5A\x07uni\
0212\x07uni1E5E\x06Sac\
ute\x07uni1E64\x07uni1\
E66\x0bScircumflex\x0c\
Scommaaccent\x07uni\
1E60\x07uni1E62\x07uni\
1E68\x07uni1E9E\x07uni\
018F\x04Tbar\x06Tcaron\
\x07uni0162\x07uni021A\
\x07uni1E6C\x07uni1E6E\
\x06Ubreve\x07uni0214\x07\
uni1EE4\x07uni1EE6\x05\
Uhorn\x07uni1EE8\x07un\
i1EF0\x07uni1EEA\x07un\
i1EEC\x07uni1EEE\x0dUh\
ungarumlaut\x07uni0\
216\x07Umacron\x07uni1\
E7A\x07Uogonek\x05Urin\
g\x06Utilde\x07uni1E78\
\x06Wacute\x0bWcircumf\
lex\x09Wdieresis\x06Wg\
rave\x0bYcircumflex\
\x07uni1E8E\x07uni1EF4\
\x06Ygrave\x07uni1EF6\x07\
uni0232\x07uni1EF8\x06\
Zacute\x0aZdotaccen\
t\x07uni1E92\x10Iacute\
_J.loclNLD\x06abrev\
e\x07uni1EAF\x07uni1EB\
7\x07uni1EB1\x07uni1EB\
3\x07uni1EB5\x07uni01C\
E\x07uni1EA5\x07uni1EA\
D\x07uni1EA7\x07uni1EA\
9\x07uni1EAB\x07uni020\
1\x07uni0227\x07uni1EA\
1\x07uni1EA3\x07uni020\
3\x07amacron\x07aogone\
k\x0aaringacute\x07aea\
cute\x07uni1E09\x0bcci\
rcumflex\x0acdotacc\
ent\x06dcaron\x07uni1E\
0D\x07uni1E0F\x07uni01\
C6\x06ebreve\x06ecaron\
\x07uni1E1D\x07uni1EBF\
\x07uni1EC7\x07uni1EC1\
\x07uni1EC3\x07uni1EC5\
\x07uni0205\x0aedotacc\
ent\x07uni1EB9\x07uni1\
EBB\x07uni0207\x07emac\
ron\x07uni1E17\x07uni1\
E15\x07eogonek\x07uni1\
EBD\x07uni0259\x06gcar\
on\x0bgcircumflex\x0cg\
commaaccent\x0agdot\
accent\x07uni1E21\x04h\
bar\x07uni1E2B\x0bhcir\
cumflex\x07uni1E25\x06\
ibreve\x07uni0209\x07u\
ni1E2F\x09i.loclTRK\
\x07uni1ECB\x07uni1EC9\
\x07uni020B\x07imacron\
\x07iogonek\x06itilde\x07\
uni0237\x0bjcircumf\
lex\x0ckcommaaccent\
\x0ckgreenlandic\x06la\
cute\x06lcaron\x0clcom\
maaccent\x04ldot\x07un\
i1E37\x07uni01C9\x07un\
i1E3B\x07uni1E43\x06na\
cute\x0bnapostrophe\
\x06ncaron\x0cncommaac\
cent\x07uni1E45\x07uni\
1E47\x03eng\x07uni01CC\
\x07uni1E49\x06obreve\x07\
uni1ED1\x07uni1ED9\x07\
uni1ED3\x07uni1ED5\x07\
uni1ED7\x07uni020D\x07\
uni022B\x07uni0231\x07\
uni1ECD\x07uni1ECF\x05\
ohorn\x07uni1EDB\x07un\
i1EE3\x07uni1EDD\x07un\
i1EDF\x07uni1EE1\x0doh\
ungarumlaut\x07uni0\
20F\x07omacron\x07uni1\
E53\x07uni1E51\x07uni0\
1EB\x0boslashacute\x07\
uni1E4D\x07uni1E4F\x07\
uni022D\x06racute\x06r\
caron\x0crcommaacce\
nt\x07uni0211\x07uni1E\
5B\x07uni0213\x07uni1E\
5F\x06sacute\x07uni1E6\
5\x07uni1E67\x0bscircu\
mflex\x0cscommaacce\
nt\x07uni1E61\x07uni1E\
63\x07uni1E69\x04tbar\x06\
tcaron\x07uni0163\x07u\
ni021B\x07uni1E97\x07u\
ni1E6D\x07uni1E6F\x06u\
breve\x07uni0215\x07un\
i1EE5\x07uni1EE7\x05uh\
orn\x07uni1EE9\x07uni1\
EF1\x07uni1EEB\x07uni1\
EED\x07uni1EEF\x0duhun\
garumlaut\x07uni021\
7\x07umacron\x07uni1E7\
B\x07uogonek\x05uring\x06\
utilde\x07uni1E79\x06w\
acute\x0bwcircumfle\
x\x09wdieresis\x06wgra\
ve\x0bycircumflex\x07u\
ni1E8F\x07uni1EF5\x06y\
grave\x07uni1EF7\x07un\
i0233\x07uni1EF9\x06za\
cute\x0azdotaccent\x07\
uni1E93\x10iacute_j\
.loclNLD\x06a.ss01\x0b\
aacute.ss01\x0babre\
ve.ss01\x0cuni1EAF.\
ss01\x0cuni1EB7.ss0\
1\x0cuni1EB1.ss01\x0cu\
ni1EB3.ss01\x0cuni1\
EB5.ss01\x0cuni01CE\
.ss01\x10acircumfle\
x.ss01\x0cuni1EA5.s\
s01\x0cuni1EAD.ss01\
\x0cuni1EA7.ss01\x0cun\
i1EA9.ss01\x0cuni1E\
AB.ss01\x0cuni0201.\
ss01\x0eadieresis.s\
s01\x0cuni0227.ss01\
\x0cuni1EA1.ss01\x0bag\
rave.ss01\x0cuni1EA\
3.ss01\x0cuni0203.s\
s01\x0camacron.ss01\
\x0caogonek.ss01\x0aar\
ing.ss01\x0faringac\
ute.ss01\x0batilde.\
ss01\x0bI_J.loclNLD\
\x0bi_j.loclNLD\x07uni\
0394\x05Sigma\x07uni03\
A9\x07uni03BC\x08one.s\
s01\x0done.tosf.ss0\
1\x09zero.tosf\x08one.\
tosf\x08two.tosf\x0ath\
ree.tosf\x09four.to\
sf\x09five.tosf\x08six\
.tosf\x0aseven.tosf\
\x0aeight.tosf\x09nine\
.tosf\x07uni2080\x07un\
i2081\x07uni2082\x07un\
i2083\x07uni2084\x07un\
i2085\x07uni2086\x07un\
i2087\x07uni2088\x07un\
i2089\x09zero.dnom\x08\
one.dnom\x08two.dno\
m\x0athree.dnom\x09fou\
r.dnom\x09five.dnom\
\x08six.dnom\x0aseven.\
dnom\x0aeight.dnom\x09\
nine.dnom\x09zero.n\
umr\x08one.numr\x08two\
.numr\x0athree.numr\
\x09four.numr\x09five.\
numr\x08six.numr\x0ase\
ven.numr\x0aeight.n\
umr\x09nine.numr\x07un\
i2070\x07uni00B9\x07un\
i00B2\x07uni00B3\x07un\
i2074\x07uni2075\x07un\
i2076\x07uni2077\x07un\
i2078\x07uni2079\x16pe\
riodcentered.loc\
lCAT\x0afiguredash\x07\
uni2015\x07uni2010\x07\
uni00AD\x07uni2007\x07\
uni200A\x07uni2008\x07\
uni00A0\x07uni2009\x07\
uni200B\x07uni20B5\x0d\
colonmonetary\x04do\
ng\x04Euro\x07uni20B2\x07\
uni20AD\x04lira\x07uni\
20BA\x07uni20BC\x07uni\
20A6\x06peseta\x07uni2\
0B1\x07uni20BD\x07uni2\
0B9\x07uni20A9\x07uni2\
219\x07uni2215\x08empt\
yset\x07uni2126\x07uni\
2206\x07uni00B5\x07uni\
F8FF\x07uni2113\x09est\
imated\x07uni2116\x06m\
inute\x06second\x07uni\
0308\x07uni0307\x09gra\
vecomb\x09acutecomb\
\x07uni030B\x0dcaronco\
mb.alt\x07uni0302\x07u\
ni030C\x07uni0306\x07u\
ni030A\x09tildecomb\
\x07uni0304\x0dhookabo\
vecomb\x07uni030F\x07u\
ni0311\x07uni0312\x07u\
ni031B\x0cdotbelowc\
omb\x07uni0324\x07uni0\
326\x07uni0327\x07uni0\
328\x07uni032E\x07uni0\
331\x07uni0335\x0cuni0\
308.case\x0cuni0307\
.case\x0egravecomb.\
case\x0eacutecomb.c\
ase\x0cuni030B.case\
\x0cuni0302.case\x0cun\
i030C.case\x0cuni03\
06.case\x0cuni030A.\
case\x0etildecomb.c\
ase\x0cuni0304.case\
\x12hookabovecomb.c\
ase\x0cuni030F.case\
\x0cuni0311.case\x0cun\
i0312.case\x07uni02\
BC\x07uni02BB\x07uni02\
C9\x07uni02CB\x07uni02\
BF\x07uni02BE\x07uni02\
CA\x07uni02CC\x07uni02\
C8\x0cuni02BF.case\x0c\
uni02BE.case\x0buni\
03060301\x0buni0306\
0300\x0buni03060309\
\x0buni03060303\x0buni\
03020301\x0buni0302\
0300\x0buni03020309\
\x0buni03020303\x10uni\
03060301.case\x10un\
i03060300.case\x10u\
ni03060309.case\x10\
uni03060303.case\
\x10uni03020301.cas\
e\x10uni03020300.ca\
se\x10uni03020309.c\
ase\x10uni03020303.\
case\x00\x00\x00\x00\x01\x00\x01\xff\xff\x00\x0f\x00\
\x01\x00\x00\x00\x0c\x00\x00\x00\x00\x00\xbe\x00\x02\x00\x1d\x00\
\x04\x00\x18\x00\x01\x00\x1c\x00(\x00\x01\x00*\x00*\x00\
\x01\x00,\x00O\x00\x01\x00Q\x00`\x00\x01\x00b\x00\
g\x00\x01\x00i\x00o\x00\x01\x00q\x00y\x00\x01\x00\
{\x00\xb6\x00\x01\x00\xb8\x00\xb9\x00\x01\x00\xbb\x00\xd2\x00\
\x01\x00\xd4\x01\x04\x00\x01\x01\x06\x01\x06\x00\x01\x01\x08\x01\
\x13\x00\x01\x01\x15\x01\x15\x00\x01\x01\x17\x010\x00\x01\x01\
2\x01:\x00\x01\x01<\x01L\x00\x01\x01N\x01\x5c\x00\
\x01\x01^\x01f\x00\x01\x01h\x01\xa3\x00\x01\x01\xa5\x01\
\xa5\x00\x01\x01\xa7\x01\xbf\x00\x01\x01\xc1\x01\xf1\x00\x01\x01\
\xf3\x01\xf3\x00\x01\x01\xf5\x01\xf5\x00\x01\x02\xb9\x02\xbd\x00\
\x03\x02\xbf\x02\xe0\x00\x03\x02\xf9\x03\x08\x00\x03\x00\x02\x00\
\x06\x02\xb9\x02\xbd\x00\x02\x02\xbf\x02\xc8\x00\x02\x02\xca\x02\
\xcd\x00\x01\x02\xcf\x02\xd0\x00\x01\x02\xd2\x02\xe0\x00\x02\x02\
\xf9\x03\x08\x00\x02\x00\x00\x00\x01\x00\x00\x00\x0a\x008\x00\
v\x00\x02DFLT\x00\x0elatn\x00\x1e\x00\
\x04\x00\x00\x00\x00\xff\xff\x00\x03\x00\x00\x00\x02\x00\x04\x00\
\x04\x00\x00\x00\x00\xff\xff\x00\x03\x00\x01\x00\x03\x00\x05\x00\
\x06kern\x00&kern\x00&mar\
k\x00.mark\x00.mkmk\x004m\
kmk\x004\x00\x00\x00\x02\x00\x00\x00\x01\x00\x00\x00\
\x01\x00\x02\x00\x00\x00\x03\x00\x03\x00\x04\x00\x05\x00\x06\x00\
\x0e\x03\x08\x1a\xe24n4\xd85\x8e\x00\x02\x00\x08\x00\
\x02\x00\x0a\x02F\x00\x02\x11V\x00\x04\x00\x00\x11\x84\x01\
\x90\x00\x0c\x00\x10\x00\x00\xff\xf6\xff\xf6\xff\xf6\xff\xd3\xff\
\xf1\xff\xbf\xff\xcf\x00\x0a\xff\xce\xff\x92\xff\xf1\x00\x00\x00\
\x00\x00\x00\x00\x00\x00\x00\x00\x00\x00\x05\x00\x05\x00\x00\x00\
\x00\x00\x00\x00\x00\x00\x1d\x00\x14\x00(\x00-\x00(\x00\
\x05\x00\x0a\x00\x00\x00\x00\x00\x00\x00\x00\x00\x00\x00\x00\x00\
\x00\xff\xef\x00\x00\xff\xf6\x00\x00\x007\xff\xda\x00\x00\x00\
\x00\xff\xf4\xff\xf6\x00\x00\x00\x00\x00\x00\x00\x00\x00\x00\x00\
\x00\xff\xf6\x00\x00\xff\xfb\x00\x05\x00\x09\x00\x00\x00\x05\x00\
\x00\x00\x00\xff\xf6\x00\x00\x00\x00\x00\x00\x00\x00\x00\x00\x00\
\x00\xff\xe9\x00\x0a\xff\xf1\x00\x14\x00\x0a\x00\x00\x00\x00\x00\
\x00\x00\x00\xff\xf1\x00\x00\x00\x00\x00\x00\x00\x00\x00\x00\x00\
\x00\x00\x00\xff\xe2\xff\xed\x00\x00\x00\x00\x00\x00\x00\x00\x00\
\x00\x00\x00\xff\xd3\x00\x00\xff\xef\xff\xf6\xff\xf6\x00\x00\xff\
\xe9\x00\x00\xff\xd3\xff\xdb\xff\xcf\x00\x00\xff\xce\x00\x00\xff\
\xc9\xff\xd3\xff\xbf\x00\x00\x00\x00\x00\x00\x00\x00\xff\xe2\x00\
\x0a\xff\xd3\x00\x00\xff\xb8\x00\x00\x00A\xff\xc9\x00\x00\xff\
\xbf\xff\xc9\xff\xc9\x00\x00\x00\x00\x00\x00\x00\x00\x00\x05\x00\
\x05\xff\xf7\xff\xab\x00\x0e\xff\xee\xff\xf6\x00\x05\x00\x09\x00\
\x0f\x00\x05\x00\x05\x00\x00\x00\x00\x00\x00\x00\x0b\xff\xf6\x00\
\x01\xff\xce\x00\x00\xff\xd3\x00\x0b\x00<\xff\xce\x00#\xff\
\xd3\xff\xe3\xff\xd6\x00\x00\xff\xf4\x00\x00\x00\x00\x00\x00\x00\
\x00\xff\xd3\xff\xc9\x00\x0f\xff\xd8\xff\xa7\x00\x00\x00\x0a\x00\
\x00\x00\x00\x00\x00\x00\x00\xff\xec\xff\xfe\xff\xc4\xff\xbf\xff\
\xce\xff\xbf\xff\x97\x002\xff\xc4\xff\xd3\x002\x00(\x00\
\x05\x00\x1b\x00\x00\x00\x02\x00\x1c\x02C\x02C\x00\x0f\x02\
E\x02F\x00\x06\x02G\x02G\x00\x01\x02H\x02I\x00\
\x07\x02J\x02J\x00\x02\x02K\x02K\x00\x03\x02M\x02\
M\x00\x07\x02N\x02N\x00\x08\x02O\x02O\x00\x09\x02\
R\x02R\x00\x01\x02S\x02S\x00\x0a\x02T\x02U\x00\
\x07\x02V\x02V\x00\x06\x02W\x02W\x00\x0c\x02Y\x02\
Y\x00\x0c\x02[\x02[\x00\x0c\x02\x5c\x02b\x00\x06\x02\
c\x02c\x00\x04\x02d\x02d\x00\x05\x02e\x02e\x00\
\x04\x02f\x02f\x00\x05\x02g\x02g\x00\x07\x02h\x02\
k\x00\x0e\x02l\x02l\x00\x07\x02\x89\x02\x89\x00\x06\x02\
\x8a\x02\x8a\x00\x0a\x02\xad\x02\xad\x00\x0b\x02\xae\x02\xae\x00\
\x0d\x00\x02\x16\x96\x00\x04\x00\x00\x16\xa0\x008\x00\x02\x00\
\x0a\x00\x00\x00\x05\xff\xc9\xff\xbf\x00\x19\xff\xc3\xff\x85\x00\
\x00\x00\x00\x00\x00\x00\x00\x00\x00\x00\x0f\x00\x0a\x00\x00\x00\
\x00\xff\xe0\x00\x09\x00\x0f\x00\x05\x00\x02\x00\x14\x02C\x02\
C\x00\x09\x02E\x02F\x00\x02\x02G\x02G\x00\x07\x02\
H\x02I\x00\x03\x02K\x02K\x00\x08\x02M\x02M\x00\
\x03\x02N\x02N\x00\x04\x02O\x02O\x00\x05\x02R\x02\
R\x00\x07\x02S\x02S\x00\x06\x02T\x02U\x00\x03\x02\
V\x02V\x00\x02\x02W\x02W\x00\x01\x02Y\x02Y\x00\
\x01\x02[\x02[\x00\x01\x02\x5c\x02b\x00\x02\x02g\x02\
g\x00\x03\x02l\x02l\x00\x03\x02\x89\x02\x89\x00\x02\x02\
\x8a\x02\x8a\x00\x06\x00\x02\x00\x08\x00\x06\x00\x12\x02\xfe\x0c\
.\x10R\x15\x96\x16~\x00\x01\x00f\x00\x04\x00\x00\x00\
.\x00\xc6\x00\xec\x012\x012\x012\x012\x012\x01\
2\x012\x01X\x01X\x01X\x01X\x01X\x01X\x01\
~\x01\xa8\x01\xba\x01\xcc\x01\xde\x01\xde\x01\xf0\x01\xfe\x02\
\x10\x02\x22\x024\x02B\x02p\x02p\x02p\x02p\x02\
p\x02p\x02z\x02\xde\x02\x96\x02\x96\x02\x88\x02\xde\x02\
\x96\x02\x96\x02\xa0\x02\xa0\x02\xa0\x02\xde\x02\xde\x00\x01\x00\
.\x00G\x00j\x00\xb9\x00\xba\x00\xbb\x00\xbc\x00\xbd\x00\
\xbe\x00\xbf\x00\xd7\x00\xd8\x00\xd9\x00\xda\x00\xdb\x00\xdc\x01\
2\x01A\x01B\x01C\x01E\x01F\x01J\x01K\x01\
L\x01N\x01\x5c\x01]\x01{\x01|\x01}\x01~\x01\
\x7f\x01\x80\x01\x92\x02H\x02I\x02M\x02O\x02R\x02\
T\x02U\x02V\x02X\x02Z\x02g\x02l\x00\x09\x01\
B\x00(\x01C\x00\x09\x01D\x00\x1e\x01E\x00\x17\x01\
F\x00\x17\x01I\x002\x01K\x00\x22\x01L\x00-\x01\
N\x00'\x00\x11\x00\xb9\xff\x91\x00\xba\xff\x91\x00\xbb\xff\
\x91\x00\xbc\xff\x91\x00\xbd\xff\x91\x00\xbe\xff\x91\x00\xbf\xff\
\x91\x00\xde\xff\xa1\x00\xdf\xff\xa1\x00\xe0\xff\xa1\x00\xe1\xff\
\xa1\x00\xe2\xff\xa1\x00\xe3\xff\xa1\x00\xe4\xff\xa1\x00\xe5\xff\
\xa1\x00\xe6\xff\xa1\x00\xe7\xff\xa1\x00\x09\x01B\x007\x01\
C\x00\x12\x01D\x00-\x01E\x00,\x01F\x00,\x01\
I\x00A\x01K\x001\x01L\x00<\x01N\x007\x00\
\x09\x01B\x003\x01C\x00\x0e\x01D\x00-\x01E\x00\
\x22\x01F\x00\x22\x01I\x00=\x01K\x00'\x01L\x00\
2\x01N\x00-\x00\x0a\x01;\x00 \x01B\x00U\x01\
C\x00\x1c\x01D\x00K\x01E\x00D\x01F\x00D\x01\
I\x00_\x01K\x00D\x01L\x00O\x01N\x00O\x00\
\x04\x02N\x00\x19\x02W\x00A\x02Y\x00A\x02[\x00\
A\x00\x04\x02N\x00\x1e\x02W\x007\x02Y\x007\x02\
[\x007\x00\x04\x02N\x00-\x02W\x00\x0e\x02Y\x00\
\x0e\x02[\x00\x0e\x00\x04\x02N\x00'\x02W\x00'\x02\
Y\x00'\x02[\x00'\x00\x03\x02W\x00\x0b\x02Y\x00\
\x0b\x02[\x00\x0b\x00\x04\x02N\x00A\x02W\x00'\x02\
Y\x00'\x02[\x00'\x00\x04\x02N\x00-\x02W\x00\
7\x02Y\x007\x02[\x007\x00\x04\x02N\x00#\x02\
W\x002\x02Y\x002\x02[\x002\x00\x03\x02W\x00\
P\x02Y\x00P\x02[\x00P\x00\x0b\x012\x00\x0e\x01\
\xa5\x00\x0e\x01\xa6\x00\x0e\x01\xa7\x00\x0e\x01\xa8\x00\x0e\x01\
\xa9\x00\x0e\x01\xaa\x00\x0e\x01\xab\x00\x0e\x01\xac\x00\x0e\x01\
\xf6\x00\x0e\x01\xf7\x00\x0e\x00\x02\x02C\xff\xfd\x02N\x00\
\x0d\x00\x03\x02W\x00%\x02Y\x00%\x02[\x00%\x00\
\x03\x01O\x00d\x01P\x00d\x01Q\x00d\x00\x02\x01\
O\x00\x00\x01P\x00\x00\x00\x0f\x01B\x007\x01C\x00\
\x0e\x01D\x00-\x01E\x00'\x01F\x00'\x01I\x00\
=\x01K\x00'\x01L\x007\x01M\x00\x0b\x01N\x00\
-\x01O\x00i\x01P\x00i\x01Q\x00i\x01\x5c\x00\
P\x01\x98\x00+\x00\x03\x01O\x00\x12\x01P\x00\x12\x01\
Q\x00\x12\x00\x02\x06Z\x00\x04\x00\x00\x06\xa0\x07\x94\x00\
\x17\x00#\x00\x00\x00\x14\xff\xe9\xff\xf9\xff\xab\xff\xfb\xff\
\xbf\xff\xf1\xff\xb0\xff\xf6\xff\xc2\xff\xb5\xff\xf9\xff\xef\xff\
\xf1\xff\xae\x00\x14\xff\xcb\xff\xc9\xff\xf9\x00\x1e\xff\xf4\xff\
\xb0\xff\xe7\xff\xee\xff\xfe\xff\xfb\x00\x00\x00\x00\x00\x00\x00\
\x00\x00\x00\x00\x00\x00\x00\x00\x00\x00\x00\xff\xfb\x00\x00\x00\
\x00\xff\xf6\x00\x00\xff\xf6\xff\xf6\xff\xf3\x00\x00\x00\x00\x00\
\x05\x00\x00\x00\x00\x00\x02\x00\x05\xff\xf8\x00\x00\xff\xfd\x00\
\x00\x00\x00\x00\x00\xff\xfb\x00\x00\x00\x00\x00\x00\x00\x00\xff\
\xfb\x00\x00\x00\x00\x00\x00\x00\x00\x00\x00\x00\x00\x00\x00\x00\
\x00\xff\xfb\xff\xf4\xff\xf4\xff\xf6\x00\x00\xff\xf3\xff\xee\xff\
\xf1\xff\xf9\x00\x00\x00\x00\xff\xf4\xff\xea\xff\xef\x00\x05\x00\
\x0a\x00\x14\x00\x00\xff\xf6\x00\x12\xff\xf4\x00\x05\xff\xef\xff\
\xf6\xff\xef\x00\x00\xff\xf1\xff\xf6\xff\xf6\xff\xf6\x00\x00\x00\
\x00\x00\x00\x00\x00\x00\x00\x00\x0c\xff\xfd\xff\xf6\xff\xfa\x00\
\x00\xff\xfd\xff\xf8\xff\xfb\x00\x00\x00\x00\x00\x05\x00\x00\xff\
\xf4\xff\xfe\x00\x00\x00\x0a\x00\x05\x00\x00\x00\x00\x00!\x00\
\x00\x00\x19\x00\x00\x00\x00\x00\x00\x00\x00\xff\xf3\x00\x00\x00\
\x00\x00\x00\x00\x05\x00\x00\x00\x00\x00\x00\x00\x00\xff\xc7\xff\
\xf3\xff\xec\x00\x07\x00\x00\x00\x07\xff\xf1\xff\xff\xff\xf6\x00\
\x00\x00\x0f\x00\x00\xff\xea\xff\xf9\x00\x05\xff\xe2\x00\x0a\x00\
\x0a\xff\xf6\xff\xe7\x00\x00\x00-\x00\x00\xff\xf4\xff\xf1\xff\
\xf1\xff\xc4\xff\xf1\xff\xf6\xff\xf6\x00\x13\x00\x05\xff\xf6\x00\
\x00\x00\x00\x00\x00\x00\x00\x00\x00\xff\xf4\x00\x00\xff\xf6\xff\
\xfb\xff\xf1\x00\x00\x00\x00\x00\x03\x00\x00\x00\x00\x00\x00\xff\
\xf8\x00\x00\x00\x00\xff\xf6\x00\x00\x00\x05\x00\x00\xff\xf6\x00\
\x00\x00\x00\x00\x00\x00\x00\x00\x00\x00\x00\x00\x00\x00\x00\xff\
\xfb\x00\x00\x00\x00\x00\x00\x00\x00\x00\x00\x00\x00\x00\x00\xff\
\xed\x00\x00\xff\xf0\x00\x00\xff\xf0\xff\xfb\xff\xef\x00\x00\x00\
\x00\x00\x00\x00\x00\x00\x00\xff\xfb\xff\xf1\xff\xee\x00\x00\x00\
\x00\x00\x00\x00\x00\x00\x00\x00\x00\x00\x00\x00\x00\x00\x00\x00\
\x00\x00\x00\x00\x00\xff\xf5\x00\x00\x00\x00\x00\x00\x00\x00\xff\
\xec\x00\x00\x00\x00\x00\x00\x00\x00\x00\x00\x00\x00\x00\x00\x00\
\x00\x00\x00\x00\x00\x00\x00\x00\x00\x00\x00\x00\x00\xff\xf1\x00\
\x00\x00\x00\x00\x00\x00\x00\x00\x00\x00\x00\x00\x00\x00\x00\x00\
\x00\x00\x00\x00\x00\x00\x00\x00\x00\x00\x00\x00\x00\x00\x00\x00\
\x00\x00\x00\x00\x00\x00\x1e\xff\xe4\xff\xe9\x00\x00\xff\xf6\xff\
\xf6\xff\xf6\xff\xf6\x00\x00\xff\xee\x00\x00\xff\xf4\xff\xe0\xff\
\xe0\xff\xfb\x00\x0a\x00\x00\xff\xfb\xff\xf6\x00#\xff\xef\x00\
\x14\xff\xe5\xff\xee\xff\xf1\xff\xf6\xff\xf1\x00\x00\xff\xfb\xff\
\xf6\x00\x05\x00\x00\x00\x00\x00\x00\x00\x00\x00(\xff\xdb\xff\
\xf1\xff\x83\xff\xe5\xff\x9f\x00\x00\xff\x86\x00\x00\xff\xcc\xff\
\xb5\xff\xf4\xff\xec\xff\xdd\xff\xbf\x00\x0c\xff\xb3\xff\xbf\xff\
\xfb\x00+\xff\xe7\xff\xc2\xff\xdb\x00\x00\x00\x00\x00\x00\xff\
\xf5\x00\x00\xff\xfe\xff\xf6\x00\x00\x00\x00\x00\x00\x00\x05\x00\
\x00\xff\xe0\x00\x00\x00\x00\xff\xd5\x00\x00\xff\xef\xff\xe7\xff\
\xd5\xff\xf1\x00\x00\x00\x00\x00\x00\xff\xfb\x00\x00\x00\x05\xff\
\xe0\x00\x00\xff\xfb\x00\x00\xff\xf6\x00\x00\xff\xef\x00\x00\x00\
\x00\x00\x00\x00\x00\xff\xef\x00\x00\x00\x00\x00\x00\xff\xf8\x00\
\x00\x00\x00\x00\x00\x00\x00\xff\xbf\xff\xfb\x00\x00\xff\xee\x00\
\x00\x00\x00\xff\xe2\xff\xfd\xff\xec\x00\x05\x00&\x00\x00\xff\
\xdf\xff\xe4\x00\x17\xff\xcc\x00\x05\x00\x17\xff\xef\xff\xc6\x00\
\x0f\x00\x0a\x00\x02\xff\xf6\xff\xf6\xff\xf1\xff\xb5\xff\xf4\xff\
\xef\xff\xf9\xff\xf6\x00\x09\xff\xf6\xff\xfb\x00\x00\x00\x05\xff\
\xfb\xff\xfe\xff\xec\x00\x00\xff\xf6\xff\xf6\xff\xf9\xff\xfe\x00\
\x00\x00\x10\x00\x00\xff\xef\xff\xef\x00\x03\x00\x05\x00\x00\x00\
\x05\xff\xf6\x00\x17\x00\x00\x00\x00\xff\xfe\xff\xfe\xff\xfe\xff\
\xf6\xff\xf9\xff\xfe\x00\x00\x00\x00\x00\x00\x00\x00\x00\x00\x00\
\x00\x00\x00\xff\xf8\x00\x00\x00\x00\xff\xf1\x00\x00\xff\xf4\xff\
\xf6\xff\xef\xff\xf9\xff\xfb\x00\x05\xff\xfb\x00\x00\x00\x05\x00\
\x05\xff\xf6\x00\x05\x00\x00\xff\xfe\x00\x05\xff\xfb\x00\x00\xff\
\xf9\xff\xfe\xff\xfe\x00\x00\xff\xfb\x00\x00\x00\x00\x00\x00\x00\
\x00\x00\x00\x00\x00\x00\x00\x00\x00\xff\xc7\xff\xd5\xff\xe9\x00\
\x00\x00\x00\x00\x14\x00\x00\x00\x0c\xff\xfd\x00\x00\x00\x0f\xff\
\xd6\xff\xc2\xff\xd1\x00\x0f\xff\xc2\x00\x13\x00\x02\xff\xb3\xff\
\xce\xff\xdb\x002\xff\xb5\xff\xb3\xff\xb3\xff\xc4\xff\xab\xff\
\xb3\xff\xb3\xff\xb5\x00#\x00\x05\xff\xb3\xff\xed\x00\x00\xff\
\xd1\x00\x00\xff\xfb\xff\xab\x00\x00\xff\xec\xff\xd8\xff\xd6\xff\
\xe2\xff\xfb\x00\x00\x00\x00\x00\x00\x00\x02\x00\x00\xff\xd6\xff\
\xeb\xff\xfd\x00\x00\xff\xf3\x00\x09\xff\xf6\x00\x00\x00\x00\x00\
\x00\x00\x00\xff\xe5\x00\x00\x00\x00\x00\x00\xff\xf1\x00\x00\x00\
\x00\x00\x00\x00\x00\xff\xe7\x00\x00\x00\x00\x00\x00\x00\x00\x00\
\x00\xff\xf8\x00\x00\x00\x00\x00\x00\x00\x00\x00\x00\x00\x00\x00\
\x00\x00\x00\xff\xec\x00\x00\x00\x00\x00\x00\xff\xf6\x00\x00\x00\
\x00\x00\x00\x00\x00\x00\x00\x00\x00\xff\xfb\x00\x00\x00\x00\x00\
\x00\x00\x00\x00\x00\x00\x00\x00\x00\x00\x00\xff\xe7\x00\x00\x00\
\x00\x00#\x00\x00\x00\x0e\x00\x05\x00(\x00\x14\x00\x0b\x00\
\x0a\x00\x00\x00\x00\x00\x00\x00\x0a\xff\xec\x00\x14\x00\x14\x00\
\x00\xff\xf6\x00\x00\x00<\x00\x00\x00\x00\x00\x00\x00\x00\xff\
\xfe\x00\x00\x00\x00\x00\x00\x00\x1d\x00\x14\x00\x00\x00\x00\x00\
\x00\xff\xc7\xff\xef\xff\xf4\x00\x14\x00\x00\x00\x00\xff\xf8\x00\
\x0f\x00\x00\x00\x0a\x00\x14\xff\xef\xff\xc9\xff\xd6\x00\x19\xff\
\xd1\x00\x0f\x00\x0f\xff\xc7\xff\xec\xff\xf4\x00(\xff\xe2\xff\
\xcc\xff\xc9\xff\xd3\xff\xbf\xff\xc7\xff\xc7\xff\xce\x00\x1e\x00\
\x05\xff\xc7\xff\xf5\x00\x00\x00\x14\xff\xe7\xff\xf6\x00\x00\xff\
\xf8\xff\xf8\x00\x00\xff\xfd\x00\x00\xff\xf4\x00\x00\xff\xef\xff\
\xdd\xff\xe7\x00\x05\x00\x0a\x00\x05\x00\x00\xff\xf9\x00\x14\xff\
\xee\x00\x19\xff\xe7\xff\xe7\xff\xf4\xff\xf6\xff\xf1\x00\x00\xff\
\xf9\x00\x00\x00\x0a\x00\x00\x00\x00\x00\x00\x00\x00\xff\xc7\xff\
\xd5\xff\xe9\x00\x11\x00\x00\x00\x0f\xff\xfd\x00\x05\x00\x00\x00\
\x0a\x00\x11\xff\xde\xff\xc0\xff\xd1\x00\x11\xff\xc2\x00\x09\x00\
\x0a\xff\xb3\xff\xe7\xff\xdb\x002\xff\xba\xff\xb3\xff\xb3\xff\
\xc4\xff\xb0\xff\xb3\xff\xb3\xff\xb5\x00#\x00\x05\xff\xb3\xff\
\xed\x00\x00\x00\x14\xff\xf1\xff\xf9\xff\xfd\x00\x00\x00\x00\x00\
\x00\x00\x00\x00\x00\xff\xfb\xff\xfb\xff\xf6\xff\xd6\xff\xec\x00\
\x00\x00\x0a\x00\x05\x00\x05\xff\xf6\x00\x19\xff\xef\x002\xff\
\xe2\xff\xf1\xff\xea\xff\xf6\xff\xf6\xff\xf6\xff\xf9\xff\xf6\x00\
\x14\x00\x00\x00\x00\x00\x00\x00\x00\x00\x0b\x00\x00\x00\x00\x00\
\x00\x00\x00\x00\x00\x00\x00\x00\x00\x00\x00\x00\x00\xff\xfb\x00\
\x00\xff\xdf\xff\xe4\x00\x00\x00\x00\xff\xe7\xff\xfb\xff\xfb\x00\
\x00\x00\x00\xff\xe8\xff\xf9\xff\xfb\x00\x00\xff\xf6\x00\x00\xff\
\xfb\xff\xf4\x00\x00\x00\x00\x00\x00\x00\x00\x00\x00\x00\x02\x00\
\x0b\x00\x04\x00N\x00\x00\x00c\x00m\x00K\x00o\x00\
p\x00V\x00t\x00t\x00X\x00~\x00\xed\x00Y\x01\
\x19\x01\x19\x00\xc9\x01\xd5\x01\xd9\x00\xca\x01\xf8\x01\xf8\x00\
\xcf\x01\xfc\x01\xfc\x00\xd0\x02\xa7\x02\xa7\x00\xd1\x02\xab\x02\
\xac\x00\xd2\x00\x02\x00(\x00\x1d\x00\x1e\x00\x03\x00\x1f\x00\
\x1f\x00\x01\x00 \x00&\x00\x02\x00'\x00'\x00\x0a\x00\
(\x00(\x00\x15\x00)\x00-\x00\x0a\x00.\x00.\x00\
\x16\x00/\x00F\x00\x03\x00G\x00G\x00\x04\x00H\x00\
N\x00\x05\x00c\x00d\x00\x07\x00e\x00f\x00\x08\x00\
g\x00g\x00\x09\x00h\x00h\x00\x07\x00i\x00m\x00\
\x09\x00o\x00p\x00\x09\x00t\x00t\x00\x07\x00~\x00\
\x9f\x00\x0a\x00\xa0\x00\xa0\x00\x03\x00\xa1\x00\xa1\x00\x0b\x00\
\xa2\x00\xa2\x00\x0f\x00\xa3\x00\xa3\x00\x0a\x00\xa4\x00\xab\x00\
\x0c\x00\xac\x00\xb6\x00\x0d\x00\xb7\x00\xb7\x00\x06\x00\xb8\x00\
\xb8\x00\x0a\x00\xb9\x00\xbf\x00\x0e\x00\xc0\x00\xc8\x00\x10\x00\
\xc9\x00\xce\x00\x11\x00\xcf\x00\xd6\x00\x10\x00\xd7\x00\xdc\x00\
\x12\x00\xdd\x00\xdd\x00\x13\x00\xde\x00\xe7\x00\x14\x00\xe8\x00\
\xec\x00\x15\x00\xed\x00\xed\x00\x07\x01\x19\x01\x19\x00\x16\x01\
\xd5\x01\xd9\x00\x16\x01\xf8\x01\xf8\x00\x07\x02\xa7\x02\xa7\x00\
\x0a\x02\xab\x02\xac\x00\x0a\x00\x02\x00D\x00\x04\x00\x1e\x00\
\x1b\x00 \x00&\x00\x02\x00H\x00N\x00\x02\x00c\x00\
d\x00\x01\x00~\x00\xa0\x00\x02\x00\xa3\x00\xa3\x00\x02\x00\
\xac\x00\xb6\x00\x03\x00\xb8\x00\xb8\x00\x02\x00\xb9\x00\xbf\x00\
\x04\x00\xc0\x00\xd6\x00\x05\x00\xd7\x00\xdc\x00\x06\x00\xdd\x00\
\xdd\x00\x07\x00\xde\x00\xe7\x00\x08\x00\xe8\x00\xec\x00\x09\x00\
\xee\x01\x0a\x00\x1c\x01\x0c\x011\x00\x1d\x012\x012\x00\
\x0c\x013\x019\x00\x1d\x01@\x01@\x00!\x01P\x01\
P\x00!\x01T\x01T\x00!\x01^\x01a\x00!\x01\
c\x01j\x00!\x01k\x01\x8d\x00\x1d\x01\x8e\x01\x8e\x00\
!\x01\x90\x01\x90\x00\x1d\x01\x91\x01\x98\x00!\x01\x99\x01\
\xa3\x00\x13\x01\xa5\x01\xac\x00\x15\x01\xad\x01\xc3\x00\x1e\x01\
\xc4\x01\xc9\x00\x17\x01\xca\x01\xca\x00\x18\x01\xcb\x01\xd4\x00\
\x17\x01\xd5\x01\xd9\x00\x19\x01\xdb\x01\xf5\x00\x1d\x01\xf6\x01\
\xf7\x00\x0c\x01\xfa\x01\xfb\x00\x0f\x01\xfc\x01\xfc\x00\x1b\x01\
\xff\x01\xff\x00!\x02C\x02C\x00\x0a\x02E\x02F\x00\
\x0e\x02G\x02G\x00\x22\x02H\x02I\x00\x10\x02J\x02\
J\x00 \x02M\x02M\x00\x10\x02N\x02N\x00\x11\x02\
R\x02R\x00\x22\x02S\x02S\x00\x14\x02T\x02U\x00\
\x10\x02V\x02V\x00\x0e\x02W\x02W\x00\x1f\x02Y\x02\
Y\x00\x1f\x02[\x02[\x00\x1f\x02\x5c\x02b\x00\x0e\x02\
c\x02c\x00\x0d\x02d\x02d\x00\x1a\x02e\x02e\x00\
\x0d\x02f\x02f\x00\x1a\x02g\x02g\x00\x10\x02h\x02\
k\x00\x12\x02l\x02l\x00\x10\x02\x89\x02\x89\x00\x0e\x02\
\x8a\x02\x8a\x00\x14\x02\xa1\x02\xa1\x00!\x02\xa7\x02\xa7\x00\
\x02\x02\xab\x02\xac\x00\x02\x02\xad\x02\xad\x00\x16\x02\xae\x02\
\xae\x00\x0b\x00\x02\x028\x00\x04\x00\x00\x02f\x02\xf4\x00\
\x0c\x00\x17\x00\x00\xff\xc2\xff\xc9\x00\x0a\xff\xf4\x00\x0a\xff\
\xfb\x00\x14\xff\xef\x00\x14\xff\xfb\x00\x14\x00\x0a\x00\x00\x00\
\x00\x00\x00\x00\x00\x00\x00\x00\x00\x00\x00\x00\x00\x00\x00\x00\
\x00\x00\x00\x00\x00\x00\x00\x00\x1e\x00\x0a\x00#\x00\x14\x00\
\x00\xff\xfb\x00\x0a\x00\x00\x00\x00\x00\x00\xff\xf8\x00#\x00\
\x00\x00\x00\x00\x00\x00\x00\x00\x00\x00\x00\x00\x00\x00\x00\x00\
\x00\x00\x00\x00\x0b\xff\xf5\x00\x00\xff\xed\x00\x00\x00\x05\x00\
\x00\x00\x00\x00\x00\x00\x00\x00\x00\x00\x00\xff\xed\x00\x00\x00\
\x00\x00\x00\x00\x00\x00\x00\x00\x00\x00\x00\x00\x00\x00\x00\x00\
\x00\x00\x1e\xff\xf6\x00\x00\xff\xf6\x00\x00\x00\x00\x00\x00\x00\
\x00\x00\x00\x00\x00\x00\x00\x00\x00\xff\xf6\x00\x00\x00\x00\x00\
\x00\x00\x00\x00\x00\x00\x00\x00\x00\x00\x00\x00\x00\xff\xfb\x00\
\x00\xff\xd3\xff\xf6\xff\xc4\xff\xfe\x00\x00\x00\x0a\x00\x00\x00\
\x00\x00\x00\xff\xf6\x00\x00\xff\xc4\xff\xf6\xff\xf6\x00\x03\x00\
\x00\x00\x00\x00\x00\x00\x00\x00\x00\x00\x00\xff\xef\xff\xf1\xff\
\xc9\xff\xdd\xff\xc0\xff\xf6\x00\x00\x00\x07\x00\x00\x00\x00\x00\
\x00\xff\xef\xff\xfb\xff\xc2\xff\xe4\xff\xf1\x00\x03\xff\xf6\x00\
\x00\x00\x00\x00\x00\x00\x00\x00\x00\xff\xf1\xff\xe5\xff\xd6\xff\
\xe7\xff\xd1\x00\x00\x00\x00\x00\x0f\xff\xcf\x00\x05\x00\x00\xff\
\xf1\x00\x00\xff\xd1\xff\xe6\xff\xf6\x00\x00\xff\xec\x00\x00\x00\
\x00\x00\x00\x00\x00\x00\x00\x00\x14\x00#\xff\xd1\x00\x0a\xff\
\xc2\x00\x0a\xff\xec\xff\xf1\xff\xc9\x00\x03\xff\xe2\xff\xdb\xff\
\xe0\xff\xc2\x00\x0f\x00\x00\xff\xfd\x00\x0a\xff\xec\xff\xfb\x00\
\x00\x00\x00\x00\x00\x00\x00\x00\x00\x00\x00\x00\x00\x00\x00\x00\
\x00\x00\x00\x00\x00\x00\x19\x00\x00\x00\x00\x00\x00\x00\x00\x00\
\x00\x00\x00\x00\x00\x00\x00\x00\x00\x00\x00\x00\x00\x00\x00\x00\
\x00\x00\x00\x00\x00\x00(\xff\xc1\x00\x00\xff\xc1\xff\xfb\xff\
\xf6\xff\xf6\xff\xd9\xff\xf6\xff\xf6\xff\xec\xff\xd8\xff\xc1\xff\
\xfd\xff\xfd\x00\x00\xff\xef\xff\xef\x00\x00\x00\x00\x00\x00\x00\
\x00\xff\xc9\xff\xbf\x00\x0f\x00\x00\x00\x0a\x00\x00\x00\x05\xff\
\xdd\x00\x00\xff\xe4\x00\x05\x00\x05\xff\xfb\x00\x02\xff\xf6\x00\
\x00\x00\x00\x00\x00\x00\x00\x00\x00\x00\x00\x00\x00\x00\x00\xff\
\xec\xff\xd8\x00(\x00\x0a\x00#\x00\x0f\x00\x00\xff\xc4\x00\
\x15\xff\xc4\xff\xf6\xff\xe2\xff\xf6\x00(\xff\xce\xff\xc4\xff\
\xc4\x00\x00\x00\x00\xff\xc4\xff\xc4\xff\xfd\x00\x02\x00\x07\x02\
C\x02C\x00\x00\x02E\x02K\x00\x01\x02M\x02O\x00\
\x08\x02R\x02X\x00\x0b\x02Z\x02Z\x00\x12\x02\x5c\x02\
k\x00\x13\x02\x89\x02\x8a\x00#\x00\x02\x00\x17\x02E\x02\
F\x00\x06\x02G\x02G\x00\x02\x02H\x02I\x00\x07\x02\
J\x02K\x00\x03\x02M\x02M\x00\x07\x02N\x02N\x00\
\x08\x02O\x02O\x00\x09\x02R\x02R\x00\x02\x02S\x02\
S\x00\x0b\x02T\x02U\x00\x07\x02V\x02V\x00\x01\x02\
W\x02W\x00\x06\x02X\x02X\x00\x01\x02Z\x02Z\x00\
\x01\x02\x5c\x02b\x00\x06\x02c\x02c\x00\x04\x02d\x02\
d\x00\x05\x02e\x02e\x00\x04\x02f\x02f\x00\x05\x02\
g\x02g\x00\x07\x02h\x02k\x00\x0a\x02\x89\x02\x89\x00\
\x06\x02\x8a\x02\x8a\x00\x0b\x00\x02\x002\x00\x04\x00\x1e\x00\
\x01\x00 \x00&\x00\x0d\x00H\x00N\x00\x0d\x00c\x00\
d\x00\x02\x00~\x00\xa0\x00\x0d\x00\xa3\x00\xa3\x00\x0d\x00\
\xac\x00\xb6\x00\x12\x00\xb8\x00\xb8\x00\x0d\x00\xb9\x00\xbf\x00\
\x0e\x00\xc0\x00\xd6\x00\x13\x00\xd7\x00\xdc\x00\x03\x00\xdd\x00\
\xdd\x00\x04\x00\xde\x00\xe7\x00\x05\x00\xe8\x00\xec\x00\x06\x00\
\xee\x01\x0a\x00\x11\x01\x0b\x01\x0b\x00\x16\x01\x0c\x011\x00\
\x08\x012\x012\x00\x07\x013\x019\x00\x08\x01:\x01\
?\x00\x16\x01@\x01@\x00\x15\x01A\x01O\x00\x16\x01\
P\x01P\x00\x15\x01Q\x01S\x00\x16\x01T\x01T\x00\
\x15\x01U\x01\x5c\x00\x16\x01^\x01a\x00\x15\x01c\x01\
j\x00\x15\x01k\x01\x8d\x00\x08\x01\x8e\x01\x8e\x00\x15\x01\
\x8f\x01\x8f\x00\x16\x01\x90\x01\x90\x00\x08\x01\x91\x01\x98\x00\
\x15\x01\x99\x01\xa3\x00\x0a\x01\xa4\x01\xa4\x00\x16\x01\xa5\x01\
\xac\x00\x0b\x01\xad\x01\xc3\x00\x14\x01\xc4\x01\xc9\x00\x0c\x01\
\xca\x01\xca\x00\x0f\x01\xcb\x01\xd4\x00\x0c\x01\xd5\x01\xd9\x00\
\x10\x01\xdb\x01\xf5\x00\x08\x01\xf6\x01\xf7\x00\x07\x01\xf9\x01\
\xf9\x00\x16\x01\xfa\x01\xfb\x00\x09\x01\xfc\x01\xfc\x00\x01\x01\
\xff\x01\xff\x00\x15\x02\xa1\x02\xa1\x00\x15\x02\xa7\x02\xa7\x00\
\x0d\x02\xab\x02\xac\x00\x0d\x00\x02\x03\x10\x00\x04\x00\x00\x03\
V\x04\x1a\x00\x10\x00\x18\x00\x00\x00\x0a\x00\x05\x00\x02\xff\
\xfb\x00\x02\x00\x0c\x00\x0a\x00\x05\x00\x09\x00\x02\xff\xf1\x00\
\x05\x00\x00\x00\x00\x00\x00\x00\x00\x00\x00\x00\x00\x00\x00\x00\
\x00\x00\x00\x00\x00\x00\x00\x00\x00\xff\xfb\x00\x00\xff\xfe\x00\
\x07\x00\x05\xff\xef\x00\x00\xff\xe4\x00\x09\xff\xfb\xff\xf3\xff\
\xe8\xff\xef\x00\x0c\xff\xf6\xff\xf9\xff\xf9\xff\xfb\x00\x00\x00\
\x00\x00\x00\x00\x00\x00\x00\x00\x00\x004\x00\x05\xff\xfc\xff\
\xf6\xff\xf6\x00F\xff\xe7\x00#\x00\x00\xff\xe7\x00<\x00\
#\x00\x1b\xff\xf6\x002\x00\x11\x00\x00\x00\x00\xff\xfb\x00\
\x11\xff\xfb\xff\xfb\x00\x00\x00\x00\xff\xfb\x00\x00\xff\xfb\x00\
\x00\x00\x00\x00\x00\x00\x0a\xff\xd8\x00\x05\xff\xef\x00\x00\x00\
\x00\xff\xd1\x00\x05\xff\xd8\xff\xe5\x00\x00\xff\xfb\x00\x00\xff\
\xfb\x00\x00\xff\xfb\x00\x00\x00\x00\x00\x00\x00\x00\x00\x00\xff\
\xec\xff\xf9\x00\x05\x00\x0c\xff\xf5\x00\x14\xff\xfd\xff\xed\x00\
\x00\xff\xf6\xff\xec\xff\xf1\xff\xf6\xff\xfb\xff\xf6\xff\xfd\x00\
\x00\xff\xf8\xff\xf8\x00\x00\x00\x00\x00;\x00\x00\x00\x00\x00\
\x00\x00\x00\x00\x00\x00\x00\x00\x0b\x00\x00\x00\x00\x00\x00\x00\
\x00\x00#\x00\x00\x00A\x00\x00\x00\x00\x00\x00\x00\x00\x00\
\x00\x00\x00\x00\x00\x00\x09\x00\x00\x00\x00\x00\x00\x00\x00\x00\
\x00\x00\x00\xff\xec\x00\x00\xff\xee\x00\x00\x00\x00\xff\xe7\xff\
\xe5\xff\xf1\x00\x00\xff\xf6\x00\x00\x00\x00\x00\x00\x00\x00\x00\
\x00\x00\x00\x00\x00\x00\x00\x00\x00\xff\xfb\x00\x00\xff\xfe\x00\
\x07\x00\x0a\xff\xea\xff\xf1\xff\xdd\x00\x00\xff\xfe\xff\xe2\xff\
\xe0\xff\xef\x00\x0f\xff\xf6\xff\xf9\xff\xf4\xff\xf6\x00\x00\x00\
\x00\x00\x00\x00\x00\x00\x00\x00\x00\x00\x00\x00\x00\x00\x00\x00\
\x00\x00\x00\x00\x00\x00\x00\x00\x00\x00\x00\x00\x00\x00\x00\x00\
\x00\x00\x00\x00\x00\xff\xfb\x00\x00\x00\x00\x00\x00\x00\x00\x00\
\x00\x00\x00\x00\x00\x00,\x00\x00\x00\x0f\x00\x0f\x00*\xff\
\xec\xff\xfd\x004\xff\xea\x00 \xff\xf1\x00*\x00\x00\x00\
(\x00%\xff\xec\x00\x00\x00\x1e\x00\x05\x00\x05\xff\xfd\x00\
\x0a\xff\xf6\xff\xfb\x00\x00\x00\x00\x00\x00\x00\x00\x00\x00\x00\
\x00\x00\x00\xff\xf9\xff\xfb\xff\xe4\x00\x00\xff\xfb\xff\xec\xff\
\xf6\xff\xfb\x00\x00\xff\xf6\xff\xf8\xff\xfb\xff\xfb\x00\x00\x00\
\x00\x00\x00\x00\x00\x00\x00\x00\x00\x00P\x00\x02\x00\x08\xff\
\xf1\x00\x00\x00\x1c\x00\x11\xff\xff\x002\xff\xfe\xff\xfd\x00\
\x00\x00\x11\xff\xf3\x00\x05\x00\x07\x00\x02\x00\x00\x00\x00\x00\
\x02\x00\x00\x00\x00\x00\x00\x00\x00\x00\x00\x00\x00\x00\x00\x00\
\x00\x00\x00\x00\x00\x00\x00\x00\x00\x00\x00\x00\x00\xff\xed\x00\
\x00\x00\x00\x00\x00\xff\xf6\x00\x00\x00\x00\x00\x00\x00\x00\x00\
\x00\x00\x00\x00\x00\x00\x00\x00\x00\x00\x22\x00\x00\x00\x14\xff\
\xfb\x00\x00\x00)\xff\xf4\x00\x13\x00\x00\x00\x0e\x00\x17\x00\
\x17\x007\xff\xef\x00G\x00\x05\x00\x00\x00\x00\x00\x00\x00\
\x1e\x00\x00\x00\x00\x00\x00\x00\x00\x00\x00\x00\x00\x00\x0f\xff\
\xef\xff\xf6\x00\x14\xff\xdb\x00\x05\xff\xe7\x00\x0c\xff\xf7\x00\
\x0a\x00\x0a\xff\xf1\xff\xee\x00\x00\xff\xf9\xff\xf9\xff\xf8\x00\
\x00\xff\xf9\xff\xf8\x00\x00\x00\x00\x00\x00\x00\x00\x00\x00\xff\
\xe4\xff\xf6\x00\x05\x00\x0f\xff\xf6\x00\x0f\x00\x00\xff\xed\xff\
\xfb\x00\x00\xff\xe6\xff\xe7\xff\xf9\xff\xfb\x00\x00\xff\xfd\x00\
\x00\xff\xf6\xff\xfb\x00\x00\x00\x02\x00\x0b\x00\xee\x01\x12\x00\
\x00\x01\x14\x01\x15\x00%\x01\x1a\x01>\x00'\x01@\x01\
@\x00L\x01R\x01T\x00M\x01W\x01W\x00P\x01\
^\x01g\x00Q\x01i\x01\xd4\x00[\x01\xdb\x01\xf5\x00\
\xc7\x01\xff\x01\xff\x00\xe2\x02\xa1\x02\xa1\x00\xe3\x00\x02\x00\
 \x00\xee\x01\x08\x00\x06\x01\x09\x01\x0a\x00\x01\x01\x0b\x01\
\x0b\x00\x07\x01\x14\x01\x14\x00\x07\x01\x15\x01\x15\x00\x05\x01\
\x1a\x010\x00\x01\x011\x011\x00\x07\x012\x012\x00\
\x02\x013\x019\x00\x0c\x01:\x01>\x00\x06\x01@\x01\
@\x00\x0c\x01R\x01T\x00\x04\x01W\x01W\x00\x05\x01\
^\x01g\x00\x06\x01i\x01j\x00\x06\x01k\x01\x8c\x00\
\x07\x01\x8d\x01\x8d\x00\x01\x01\x8e\x01\x8f\x00\x07\x01\x90\x01\
\x90\x00\x08\x01\x91\x01\x98\x00\x09\x01\x99\x01\xa3\x00\x0a\x01\
\xa4\x01\xa4\x00\x03\x01\xa5\x01\xac\x00\x0b\x01\xad\x01\xb5\x00\
\x0c\x01\xb6\x01\xbb\x00\x0d\x01\xbc\x01\xc3\x00\x0c\x01\xc4\x01\
\xc9\x00\x0e\x01\xca\x01\xca\x00\x0f\x01\xcb\x01\xd4\x00\x0e\x01\
\xdb\x01\xf5\x00\x0c\x01\xff\x01\xff\x00\x0c\x02\xa1\x02\xa1\x00\
\x0c\x00\x02\x001\x00\xee\x01\x0a\x00\x13\x01\x0b\x01\x0b\x00\
\x17\x01\x0c\x011\x00\x15\x012\x012\x00\x03\x013\x01\
9\x00\x15\x01:\x01?\x00\x17\x01A\x01O\x00\x17\x01\
Q\x01S\x00\x17\x01U\x01\x5c\x00\x17\x01k\x01\x8d\x00\
\x15\x01\x8f\x01\x8f\x00\x17\x01\x90\x01\x90\x00\x15\x01\x99\x01\
\xa3\x00\x16\x01\xa4\x01\xa4\x00\x17\x01\xa5\x01\xac\x00\x0a\x01\
\xc4\x01\xc9\x00\x10\x01\xca\x01\xca\x00\x12\x01\xcb\x01\xd4\x00\
\x10\x01\xd5\x01\xd9\x00\x11\x01\xdb\x01\xf5\x00\x15\x01\xf6\x01\
\xf7\x00\x03\x01\xf9\x01\xf9\x00\x17\x01\xfa\x01\xfb\x00\x06\x02\
C\x02C\x00\x0d\x02E\x02F\x00\x0e\x02G\x02G\x00\
\x02\x02H\x02I\x00\x07\x02J\x02J\x00\x14\x02M\x02\
M\x00\x07\x02N\x02N\x00\x0f\x02R\x02R\x00\x02\x02\
S\x02S\x00\x09\x02T\x02U\x00\x07\x02V\x02V\x00\
\x0e\x02W\x02W\x00\x01\x02Y\x02Y\x00\x01\x02[\x02\
[\x00\x01\x02\x5c\x02b\x00\x0e\x02c\x02c\x00\x04\x02\
d\x02d\x00\x05\x02e\x02e\x00\x04\x02f\x02f\x00\
\x05\x02g\x02g\x00\x07\x02h\x02k\x00\x08\x02l\x02\
l\x00\x07\x02\x89\x02\x89\x00\x0e\x02\x8a\x02\x8a\x00\x09\x02\
\xad\x02\xad\x00\x0b\x02\xae\x02\xae\x00\x0c\x00\x02\x00L\x00\
\x04\x00\x00\x00V\x00f\x00\x02\x00\x0f\x00\x00\xff\xb5\xff\
\xbf\x00\x0f\x00\x14\x00\x11\xff\xfb\x00\x0a\xff\xe0\xff\xed\x00\
\x0d\x00\x0a\xff\xfb\x00\x05\xff\xfb\x00\x00\xff\xf6\xff\xde\x00\
\x00\x00\x0f\x00\x00\x00\x00\x00\x00\x00\x00\x00\x00\x00\x00\x00\
\x00\x00\x00\x00\x0a\x00\x00\x00\x01\x00\x03\x02\xad\x02\xae\x02\
\xb5\x00\x02\x00\x02\x02\xad\x02\xad\x00\x01\x02\xb5\x02\xb5\x00\
\x01\x00\x02\x00\x15\x00\x04\x00\x1e\x00\x01\x00c\x00d\x00\
\x02\x00\xac\x00\xb6\x00\x0d\x00\xb9\x00\xbf\x00\x03\x00\xd7\x00\
\xdc\x00\x04\x00\xde\x00\xe7\x00\x05\x00\xe8\x00\xec\x00\x0e\x00\
\xee\x01\x0a\x00\x06\x01\x0c\x011\x00\x08\x012\x012\x00\
\x07\x013\x019\x00\x08\x01k\x01\x8d\x00\x08\x01\x90\x01\
\x90\x00\x08\x01\x99\x01\xa3\x00\x09\x01\xa5\x01\xac\x00\x0a\x01\
\xc4\x01\xc9\x00\x0b\x01\xca\x01\xca\x00\x0c\x01\xcb\x01\xd4\x00\
\x0b\x01\xdb\x01\xf5\x00\x08\x01\xf6\x01\xf7\x00\x07\x01\xfc\x01\
\xfc\x00\x01\x00\x02\x00>\x00\x04\x00\x00\x00F\x00J\x00\
\x01\x00\x17\x00\x00\xff\xae\xff\xc4\x00\x0f\x00\x19\x00\x05\x00\
\x11\xff\xf9\x00\x14\x00\x0a\x00-\xff\xcf\xff\xea\xff\xc9\x00\
(\xff\xce\xff\xf9\xff\x93\x00-\x00\x14\x00\x05\x00\x05\x00\
\x05\x00\x01\x00\x02\x01\xfa\x01\xfb\x00\x02\x00\x00\x00\x02\x00\
-\x00\x04\x00\x1e\x00\x01\x00 \x00&\x00\x14\x00H\x00\
N\x00\x14\x00c\x00d\x00\x02\x00~\x00\xa0\x00\x14\x00\
\xa3\x00\xa3\x00\x14\x00\xac\x00\xb6\x00\x15\x00\xb8\x00\xb8\x00\
\x14\x00\xb9\x00\xbf\x00\x03\x00\xd7\x00\xdc\x00\x04\x00\xdd\x00\
\xdd\x00\x05\x00\xde\x00\xe7\x00\x06\x00\xee\x01\x0a\x00\x07\x01\
\x0c\x011\x00\x0c\x012\x012\x00\x0a\x013\x019\x00\
\x0c\x01k\x01\x8d\x00\x0c\x01\x90\x01\x90\x00\x0c\x01\x99\x01\
\xa3\x00\x10\x01\xa5\x01\xac\x00\x12\x01\xc4\x01\xc9\x00\x13\x01\
\xca\x01\xca\x00\x16\x01\xcb\x01\xd4\x00\x13\x01\xdb\x01\xf5\x00\
\x0c\x01\xf6\x01\xf7\x00\x0a\x01\xfc\x01\xfc\x00\x01\x02C\x02\
C\x00\x08\x02E\x02F\x00\x0b\x02H\x02I\x00\x0d\x02\
M\x02M\x00\x0d\x02N\x02N\x00\x0e\x02O\x02O\x00\
\x0f\x02S\x02S\x00\x11\x02T\x02U\x00\x0d\x02V\x02\
V\x00\x0b\x02W\x02W\x00\x09\x02Y\x02Y\x00\x09\x02\
[\x02[\x00\x09\x02\x5c\x02b\x00\x0b\x02g\x02g\x00\
\x0d\x02l\x02l\x00\x0d\x02\x89\x02\x89\x00\x0b\x02\x8a\x02\
\x8a\x00\x11\x02\xa7\x02\xa7\x00\x14\x02\xab\x02\xac\x00\x14\x00\
\x04\x00\x00\x00\x01\x00\x08\x00\x01\x00\x0c\x00\x22\x00\x05\x00\
\xc2\x01\xac\x00\x02\x00\x03\x02\xb9\x02\xbd\x00\x00\x02\xbf\x02\
\xe0\x00\x05\x02\xf9\x03\x08\x00'\x00\x02\x00\x1a\x00\x04\x00\
\x18\x00\x00\x00\x1c\x00(\x00\x15\x00*\x00*\x00\x22\x00\
,\x00O\x00#\x00Q\x00`\x00G\x00b\x00g\x00\
W\x00i\x00o\x00]\x00q\x00y\x00d\x00{\x00\
\xb6\x00m\x00\xb8\x00\xb9\x00\xa9\x00\xbb\x00\xd2\x00\xab\x00\
\xd4\x01\x04\x00\xc3\x01\x06\x01\x06\x00\xf4\x01\x08\x01\x13\x00\
\xf5\x01\x15\x01\x15\x01\x01\x01\x17\x010\x01\x02\x012\x01\
:\x01\x1c\x01<\x01L\x01%\x01N\x01\x5c\x016\x01\
^\x01f\x01E\x01h\x01\xa3\x01N\x01\xa5\x01\xa5\x01\
\x8a\x01\xa7\x01\xbf\x01\x8b\x01\xc1\x01\xf1\x01\xa4\x01\xf3\x01\
\xf3\x01\xd5\x01\xf5\x01\xf5\x01\xd6\x007\x00\x02\x1a\xd6\x00\
\x02\x1a\xd6\x00\x02\x1a\xd6\x00\x02\x1a\xd6\x00\x02\x1a\xd6\x00\
\x02\x1a\xd6\x00\x02\x1a\xd6\x00\x02\x1a\xd6\x00\x02\x1a\xd6\x00\
\x02\x1a\xd6\x00\x02\x1a\xd6\x00\x02\x1a\xd6\x00\x02\x1a\xd6\x00\
\x02\x1a\xd6\x00\x02\x1a\xd6\x00\x04\x1a\xd6\x00\x00\x19\x14\x00\
\x00\x19\x14\x00\x00\x19\x14\x00\x00\x19\x0e\x00\x01\x00\xde\x00\
\x00\x19\x14\x00\x00\x19\x14\x00\x03\x00\xe4\x00\x02\x1a\xdc\x00\
\x02\x1a\xdc\x00\x02\x1a\xdc\x00\x02\x1a\xdc\x00\x02\x1a\xdc\x00\
\x02\x1a\xdc\x00\x02\x1a\xdc\x00\x02\x1a\xdc\x00\x02\x1a\xdc\x00\
\x02\x1a\xdc\x00\x02\x1a\xdc\x00\x02\x1a\xdc\x00\x02\x1a\xdc\x00\
\x02\x1a\xdc\x00\x02\x1a\xdc\x00\x02\x1a\xd6\x00\x02\x1a\xd6\x00\
\x02\x1a\xd6\x00\x02\x1a\xd6\x00\x02\x1a\xd6\x00\x02\x1a\xd6\x00\
\x02\x1a\xd6\x00\x02\x1a\xd6\x00\x02\x1a\xdc\x00\x02\x1a\xdc\x00\
\x02\x1a\xdc\x00\x02\x1a\xdc\x00\x02\x1a\xdc\x00\x02\x1a\xdc\x00\
\x02\x1a\xdc\x00\x02\x1a\xdc\x00\x01\xffj\x00\x0a\x00\x01\xff\
j\x00\xf6\x01\xd7\x12t\x12z\x12n\x17\xd2\x17\xd2\x12\
t\x12z\x12\x80\x17\xd2\x17\xd2\x12t\x12z\x12\x80\x17\
\xd2\x17\xd2\x12t\x12z\x12\x80\x17\xd2\x17\xd2\x12h\x12\
z\x12\x80\x17\xd2\x17\xd2\x12t\x12z\x12\x80\x17\xd2\x17\
\xd2\x12t\x12z\x12\x80\x17\xd2\x17\xd2\x12t\x12z\x12\
\x80\x17\xd2\x17\xd2\x12t\x12z\x12\x80\x17\xd2\x17\xd2\x12\
t\x12z\x12\x80\x17\xd2\x17\xd2\x12h\x12z\x12\x80\x17\
\xd2\x17\xd2\x12t\x12z\x12\x80\x17\xd2\x17\xd2\x12t\x12\
z\x12\x80\x17\xd2\x17\xd2\x12t\x12z\x12\x80\x17\xd2\x17\
\xd2\x12t\x12z\x12\x80\x17\xd2\x17\xd2\x12t\x12z\x12\
\x80\x17\xd2\x17\xd2\x12h\x12z\x12n\x17\xd2\x17\xd2\x12\
t\x12z\x12\x80\x17\xd2\x17\xd2\x12t\x12z\x12\x80\x17\
\xd2\x17\xd2\x12t\x12z\x12\x80\x17\xd2\x17\xd2\x12t\x12\
z\x12\x80\x17\xd2\x17\xd2\x12t\x12z\x12\x80\x17\xd2\x17\
\xd2\x12\x8c\x17\xd2\x12\x86\x17\xd2\x17\xd2\x12\x8c\x17\xd2\x12\
\x92\x17\xd2\x17\xd2\x12\x98\x17\xd2\x12\x9e\x17\xd2\x17\xd2\x12\
\xaa\x17\xd2\x12\xa4\x17\xd2\x17\xd2\x12\xaa\x17\xd2\x12\xb0\x17\
\xd2\x17\xd2\x12\xaa\x17\xd2\x12\xb0\x17\xd2\x17\xd2\x12\xaa\x17\
\xd2\x12\xa4\x17\xd2\x17\xd2\x12\xaa\x17\xd2\x12\xb0\x17\xd2\x17\
\xd2\x12\xaa\x17\xd2\x12\xb0\x17\xd2\x17\xd2\x12\xaa\x17\xd2\x12\
\xb0\x17\xd2\x17\xd2\x12\xc2\x17\xd2\x12\xd4\x12\xe6\x17\xd2\x12\
\xb6\x17\xd2\x12\xbc\x12\xe6\x17\xd2\x12\xc2\x17\xd2\x12\xc8\x12\
\xe6\x17\xd2\x12\xce\x17\xd2\x12\xd4\x12\xe6\x17\xd2\x12\xce\x17\
\xd2\x12\xd4\x12\xe6\x17\xd2\x12\xda\x17\xd2\x12\xe0\x12\xe6\x17\
\xd2\x12\xfe\x13\x04\x12\xf8\x17\xd2\x17\xd2\x12\xfe\x13\x04\x13\
\x0a\x17\xd2\x17\xd2\x12\xfe\x13\x04\x13\x0a\x17\xd2\x17\xd2\x12\
\xfe\x13\x04\x13\x0a\x17\xd2\x17\xd2\x12\xfe\x13\x04\x12\xf8\x17\
\xd2\x17\xd2\x12\xfe\x13\x04\x13\x0a\x17\xd2\x17\xd2\x12\xfe\x13\
\x04\x13\x0a\x17\xd2\x17\xd2\x12\xfe\x13\x04\x13\x0a\x17\xd2\x17\
\xd2\x12\xec\x13\x04\x13\x0a\x17\xd2\x17\xd2\x12\xfe\x13\x04\x13\
\x0a\x17\xd2\x17\xd2\x12\xfe\x13\x04\x13\x0a\x17\xd2\x17\xd2\x12\
\xfe\x13\x04\x13\x0a\x17\xd2\x17\xd2\x12\xfe\x13\x04\x13\x0a\x17\
\xd2\x17\xd2\x12\xfe\x13\x04\x13\x0a\x17\xd2\x17\xd2\x12\xfe\x13\
\x04\x13\x0a\x17\xd2\x17\xd2\x12\xec\x13\x04\x12\xf8\x17\xd2\x17\
\xd2\x12\xfe\x13\x04\x13\x0a\x17\xd2\x17\xd2\x12\xfe\x13\x04\x13\
\x0a\x17\xd2\x17\xd2\x12\xfe\x13\x04\x13\x0a\x17\xd2\x17\xd2\x12\
\xfe\x13\x04\x13\x0a\x17\xd2\x17\xd2\x12\xfe\x13\x04\x12\xf2\x17\
\xd2\x17\xd2\x12\xfe\x13\x04\x12\xf2\x17\xd2\x17\xd2\x17\xd2\x17\
\xd2\x12\xf8\x17\xd2\x17\xd2\x12\xfe\x13\x04\x13\x0a\x17\xd2\x17\
\xd2\x13\x10\x17\xd2\x13\x16\x17\xd2\x17\xd2\x13(\x17\xd2\x13\
\x22\x17\xd2\x17\xd2\x13(\x17\xd2\x13.\x17\xd2\x17\xd2\x13\
(\x17\xd2\x13.\x17\xd2\x17\xd2\x13(\x17\xd2\x13.\x17\
\xd2\x17\xd2\x13\x1c\x17\xd2\x13\x22\x17\xd2\x17\xd2\x13(\x17\
\xd2\x13.\x17\xd2\x17\xd2\x13(\x17\xd2\x13.\x17\xd2\x17\
\xd2\x134\x17\xd2\x13F\x13L\x17\xd2\x13@\x17\xd2\x13\
F\x13L\x17\xd2\x134\x17\xd2\x13:\x13L\x17\xd2\x13\
@\x17\xd2\x13F\x13L\x17\xd2\x13^\x152\x13\xa6\x17\
\xd2\x17\xd2\x13^\x152\x13\x88\x17\xd2\x17\xd2\x13^\x15\
2\x13\x88\x17\xd2\x17\xd2\x13^\x152\x13\x88\x17\xd2\x17\
\xd2\x13^\x152\x13\x88\x17\xd2\x17\xd2\x13^\x152\x13\
\x88\x17\xd2\x17\xd2\x13^\x152\x13R\x17\xd2\x17\xd2\x13\
^\x152\x13\x88\x17\xd2\x17\xd2\x13X\x152\x13\xa6\x17\
\xd2\x17\xd2\x13^\x152\x13\x88\x17\xd2\x17\xd2\x13^\x15\
2\x13\x88\x17\xd2\x17\xd2\x13^\x152\x13\x88\x17\xd2\x17\
\xd2\x13^\x152\x13\x88\x17\xd2\x17\xd2\x13^\x152\x13\
\x88\x17\xd2\x17\xd2\x13j\x17\xd2\x13d\x17\xd2\x17\xd2\x13\
j\x17\xd2\x13p\x17\xd2\x17\xd2\x13v\x17\xd2\x13\x82\x17\
\xd2\x17\xd2\x13|\x17\xd2\x13\x82\x17\xd2\x17\xd2\x13\x8e\x17\
\xd2\x13\xa6\x13\xac\x13\xb2\x13\x8e\x17\xd2\x13\x88\x13\xac\x13\
\xb2\x13\x8e\x17\xd2\x13\xa6\x13\xac\x13\xb2\x13\xa0\x17\xd2\x13\
\xa6\x13\xac\x13\xb2\x13\x8e\x17\xd2\x13\xa6\x13\xac\x13\xb2\x13\
\xa0\x17\xd2\x13\xa6\x13\xac\x13\xb2\x13\x94\x17\xd2\x13\x9a\x13\
\xac\x13\xb2\x13\xa0\x17\xd2\x13\xa6\x13\xac\x13\xb2\x15b\x17\
\xd2\x13\xbe\x17\xd2\x17\xd2\x13\xb8\x17\xd2\x13\xbe\x17\xd2\x17\
\xd2\x13\xe8\x17\xd2\x13\xe2\x17\xd2\x17\xd2\x13\xc4\x17\xd2\x13\
\xca\x17\xd2\x17\xd2\x13\xe8\x17\xd2\x13\xee\x17\xd2\x17\xd2\x13\
\xe8\x17\xd2\x13\xee\x17\xd2\x17\xd2\x13\xdc\x17\xd2\x13\xe2\x17\
\xd2\x17\xd2\x13\xe8\x17\xd2\x13\xee\x17\xd2\x17\xd2\x13\xdc\x17\
\xd2\x13\xe2\x17\xd2\x17\xd2\x13\xd0\x17\xd2\x13\xd6\x17\xd2\x17\
\xd2\x13\xdc\x17\xd2\x13\xe2\x17\xd2\x17\xd2\x13\xe8\x17\xd2\x13\
\xee\x17\xd2\x17\xd2\x146\x14\x0c\x14<\x14\x18\x14\x1e\x14\
6\x14\x0c\x14\x06\x14\x18\x14\x1e\x146\x14\x0c\x14\x06\x14\
\x18\x14\x1e\x146\x14\x0c\x14\x06\x14\x18\x14\x1e\x146\x14\
\x0c\x14\x06\x14\x18\x14\x1e\x13\xf4\x14\x0c\x14\x06\x14\x18\x14\
\x1e\x146\x14\x0c\x14\x06\x14\x18\x14\x1e\x146\x14\x0c\x14\
\x06\x14\x18\x14\x1e\x146\x14\x0c\x14\x06\x14\x18\x14\x1e\x14\
6\x14\x0c\x14\x06\x14\x18\x14\x1e\x146\x14\x0c\x14\x06\x14\
\x18\x14\x1e\x146\x14\x0c\x14\x12\x14\x18\x14\x1e\x146\x14\
\x0c\x14\x12\x14\x18\x14\x1e\x13\xf4\x14\x0c\x14<\x14\x18\x14\
\x1e\x146\x14\x0c\x14\x06\x14\x18\x14\x1e\x146\x14\x0c\x14\
\x06\x14\x18\x14\x1e\x14\x00\x17\xd2\x14<\x17\xd2\x17\xd2\x14\
\x00\x17\xd2\x14\x06\x17\xd2\x17\xd2\x13\xfa\x17\xd2\x14<\x17\
\xd2\x17\xd2\x14\x00\x17\xd2\x14\x06\x17\xd2\x17\xd2\x14\x00\x17\
\xd2\x14\x06\x17\xd2\x17\xd2\x14\x00\x17\xd2\x14\x06\x17\xd2\x17\
\xd2\x146\x14\x0c\x14\x06\x14\x18\x14\x1e\x146\x14\x0c\x14\
\x06\x14\x18\x14\x1e\x146\x14\x0c\x14\x06\x14\x18\x14\x1e\x14\
6\x14\x0c\x14\x12\x14\x18\x14\x1e\x146\x14\x0c\x14\x12\x14\
\x18\x14\x1e\x17\xd2\x17\xd2\x14<\x17\xd2\x17\xd2\x146\x17\
\xd2\x14<\x17\xd2\x17\xd2\x146\x17\xd2\x14\x06\x17\xd2\x17\
\xd2\x146\x14\x0c\x14\x06\x14\x18\x14\x1e\x146\x14\x0c\x14\
\x12\x14\x18\x14\x1e\x146\x14\x0c\x14\x12\x14\x18\x14\x1e\x14\
6\x14\x0c\x14\x12\x14\x18\x14\x1e\x14$\x17\xd2\x14*\x17\
\xd2\x17\xd2\x140\x17\xd2\x14\xf6\x17\xd2\x17\xd2\x140\x17\
\xd2\x14\xf6\x17\xd2\x17\xd2\x146\x17\xd2\x14<\x17\xd2\x17\
\xd2\x14B\x17\xd2\x14T\x17\xd2\x17\xd2\x14B\x17\xd2\x14\
H\x17\xd2\x17\xd2\x14B\x17\xd2\x14H\x17\xd2\x17\xd2\x14\
N\x17\xd2\x14T\x17\xd2\x17\xd2\x14B\x17\xd2\x14H\x17\
\xd2\x17\xd2\x14N\x17\xd2\x14T\x17\xd2\x17\xd2\x14B\x17\
\xd2\x14H\x17\xd2\x17\xd2\x14N\x17\xd2\x14T\x17\xd2\x17\
\xd2\x14f\x17\xd2\x14l\x17\xd2\x17\xd2\x14f\x17\xd2\x14\
x\x17\xd2\x17\xd2\x14f\x17\xd2\x14Z\x17\xd2\x17\xd2\x14\
f\x17\xd2\x14x\x17\xd2\x17\xd2\x14f\x17\xd2\x14`\x17\
\xd2\x17\xd2\x14f\x17\xd2\x14l\x17\xd2\x17\xd2\x14f\x17\
\xd2\x14x\x17\xd2\x17\xd2\x14r\x17\xd2\x14l\x17\xd2\x17\
\xd2\x14f\x17\xd2\x14x\x17\xd2\x17\xd2\x14r\x17\xd2\x14\
l\x17\xd2\x17\xd2\x14r\x17\xd2\x14x\x17\xd2\x17\xd2\x14\
~\x17\xd2\x14\x84\x17\xd2\x17\xd2\x14\x90\x17\xd2\x14\x9c\x14\
\xa2\x17\xd2\x14\x90\x17\xd2\x14\x8a\x14\xa2\x17\xd2\x14\x90\x17\
\xd2\x14\x9c\x14\xa2\x17\xd2\x14\x96\x17\xd2\x14\x9c\x14\xa2\x17\
\xd2\x14\x96\x17\xd2\x14\x9c\x14\xa2\x17\xd2\x14\x96\x17\xd2\x14\
\x9c\x14\xa2\x17\xd2\x14\xba\x14\xc0\x14\xae\x17\xd2\x14\xcc\x14\
\xba\x14\xc0\x14\xb4\x17\xd2\x14\xcc\x14\xba\x14\xc0\x14\xb4\x17\
\xd2\x14\xcc\x14\xba\x14\xc0\x14\xb4\x17\xd2\x14\xcc\x14\xba\x14\
\xc0\x14\xb4\x17\xd2\x14\xcc\x14\xba\x14\xc0\x14\xb4\x17\xd2\x14\
\xcc\x14\xa8\x14\xc0\x14\xae\x17\xd2\x14\xcc\x14\xba\x14\xc0\x14\
\xb4\x17\xd2\x14\xcc\x14\xba\x14\xc0\x14\xb4\x17\xd2\x14\xcc\x14\
\xba\x17\xd2\x14\xae\x17\xd2\x17\xd2\x14\xba\x17\xd2\x14\xb4\x17\
\xd2\x17\xd2\x14\xa8\x17\xd2\x14\xae\x17\xd2\x17\xd2\x14\xba\x17\
\xd2\x14\xb4\x17\xd2\x17\xd2\x14\xba\x17\xd2\x14\xb4\x17\xd2\x17\
\xd2\x14\xba\x17\xd2\x14\xb4\x17\xd2\x17\xd2\x14\xba\x14\xc0\x14\
\xb4\x17\xd2\x14\xcc\x14\xba\x14\xc0\x14\xb4\x17\xd2\x14\xcc\x14\
\xba\x14\xc0\x14\xb4\x17\xd2\x14\xcc\x14\xba\x14\xc0\x14\xc6\x17\
\xd2\x14\xcc\x14\xba\x14\xc0\x14\xb4\x17\xd2\x14\xcc\x14\xba\x14\
\xc0\x14\xb4\x17\xd2\x14\xcc\x14\xba\x14\xc0\x14\xc6\x17\xd2\x14\
\xcc\x14\xd2\x17\xd2\x14\xd8\x17\xd2\x17\xd2\x14\xe4\x17\xd2\x14\
\xde\x17\xd2\x17\xd2\x14\xe4\x17\xd2\x14\xea\x17\xd2\x17\xd2\x14\
\xe4\x17\xd2\x14\xea\x17\xd2\x17\xd2\x14\xe4\x17\xd2\x14\xea\x17\
\xd2\x17\xd2\x14\xe4\x17\xd2\x14\xea\x17\xd2\x17\xd2\x14\xf0\x17\
\xd2\x14\xf6\x17\xd2\x17\xd2\x15\x08\x17\xd2\x15\x02\x17\xd2\x17\
\xd2\x15\x08\x17\xd2\x15\x0e\x17\xd2\x17\xd2\x15\x08\x17\xd2\x15\
\x0e\x17\xd2\x17\xd2\x15\x08\x17\xd2\x15\x0e\x17\xd2\x17\xd2\x15\
\x08\x17\xd2\x15\x0e\x17\xd2\x17\xd2\x14\xfc\x17\xd2\x15\x02\x17\
\xd2\x17\xd2\x15\x08\x17\xd2\x15\x0e\x17\xd2\x17\xd2\x15\x08\x17\
\xd2\x15\x0e\x17\xd2\x17\xd2\x15\x08\x17\xd2\x15\x0e\x17\xd2\x17\
\xd2\x15\x08\x17\xd2\x15\x0e\x17\xd2\x17\xd2\x15\x14\x17\xd2\x15\
&\x17\xd2\x17\xd2\x15\x14\x17\xd2\x15\x1a\x17\xd2\x17\xd2\x15\
\x14\x17\xd2\x15\x1a\x17\xd2\x17\xd2\x15\x14\x17\xd2\x15\x1a\x17\
\xd2\x17\xd2\x15 \x17\xd2\x15&\x17\xd2\x17\xd2\x15,\x15\
2\x158\x17\xd2\x17\xd2\x15J\x15P\x15D\x17\xd2\x17\
\xd2\x15J\x15P\x15V\x17\xd2\x17\xd2\x15J\x15P\x15\
V\x17\xd2\x17\xd2\x15J\x15P\x15V\x17\xd2\x17\xd2\x15\
>\x15P\x15V\x17\xd2\x17\xd2\x15J\x15P\x15V\x17\
\xd2\x17\xd2\x15J\x15P\x15V\x17\xd2\x17\xd2\x15J\x15\
P\x15V\x17\xd2\x17\xd2\x15J\x15P\x15V\x17\xd2\x17\
\xd2\x15J\x15P\x15V\x17\xd2\x17\xd2\x15J\x15P\x15\
V\x17\xd2\x17\xd2\x15>\x15P\x15V\x17\xd2\x17\xd2\x15\
J\x15P\x15V\x17\xd2\x17\xd2\x15J\x15P\x15V\x17\
\xd2\x17\xd2\x15J\x15P\x15V\x17\xd2\x17\xd2\x15J\x15\
P\x15V\x17\xd2\x17\xd2\x15J\x15P\x15V\x17\xd2\x17\
\xd2\x15J\x15P\x15V\x17\xd2\x17\xd2\x15>\x15P\x15\
D\x17\xd2\x17\xd2\x15J\x15P\x15V\x17\xd2\x17\xd2\x15\
J\x15P\x15V\x17\xd2\x17\xd2\x15J\x15P\x15V\x17\
\xd2\x17\xd2\x15J\x15P\x15V\x17\xd2\x17\xd2\x15J\x15\
P\x15V\x17\xd2\x17\xd2\x15J\x15P\x15V\x17\xd2\x17\
\xd2\x15b\x17\xd2\x15\x5c\x17\xd2\x17\xd2\x15b\x17\xd2\x15\
h\x17\xd2\x17\xd2\x15n\x17\xd2\x15t\x17\xd2\x17\xd2\x15\
z\x17\xd2\x17$\x17\xd2\x17\xd2\x15z\x17\xd2\x17*\x17\
\xd2\x17\xd2\x15z\x17\xd2\x17*\x17\xd2\x17\xd2\x15z\x17\
\xd2\x17$\x17\xd2\x17\xd2\x15z\x17\xd2\x17*\x17\xd2\x17\
\xd2\x15z\x17\xd2\x17*\x17\xd2\x17\xd2\x15z\x17\xd2\x17\
*\x17\xd2\x17\xd2\x15\x80\x17\xd2\x15\x8c\x15\x9e\x15\xa4\x15\
\x80\x17\xd2\x15\x8c\x15\x9e\x15\xa4\x15\x86\x17\xd2\x15\x8c\x15\
\x9e\x15\xa4\x15\x86\x17\xd2\x15\x8c\x15\x9e\x15\xa4\x15\x92\x17\
\xd2\x15\x98\x15\x9e\x15\xa4\x15\xbc\x15\xc2\x15\xb6\x17\xd2\x17\
\xd2\x15\xbc\x15\xc2\x15\xc8\x17\xd2\x17\xd2\x15\xbc\x15\xc2\x15\
\xc8\x17\xd2\x17\xd2\x15\xbc\x15\xc2\x15\xc8\x17\xd2\x17\xd2\x15\
\xbc\x15\xc2\x15\xc8\x17\xd2\x17\xd2\x15\xbc\x15\xc2\x15\xc8\x17\
\xd2\x17\xd2\x15\xbc\x15\xc2\x15\xc8\x17\xd2\x17\xd2\x15\xaa\x15\
\xc2\x15\xc8\x17\xd2\x17\xd2\x15\xbc\x15\xc2\x15\xc8\x17\xd2\x17\
\xd2\x15\xbc\x15\xc2\x15\xc8\x17\xd2\x17\xd2\x15\xbc\x15\xc2\x15\
\xc8\x17\xd2\x17\xd2\x15\xbc\x15\xc2\x15\xc8\x17\xd2\x17\xd2\x15\
\xbc\x15\xc2\x15\xc8\x17\xd2\x17\xd2\x15\xbc\x15\xc2\x15\xc8\x17\
\xd2\x17\xd2\x15\xaa\x15\xc2\x15\xb6\x17\xd2\x17\xd2\x15\xbc\x15\
\xc2\x15\xc8\x17\xd2\x17\xd2\x15\xbc\x15\xc2\x15\xc8\x17\xd2\x17\
\xd2\x15\xbc\x15\xc2\x15\xc8\x17\xd2\x17\xd2\x15\xbc\x15\xc2\x15\
\xc8\x17\xd2\x17\xd2\x15\xbc\x15\xc2\x15\xb0\x17\xd2\x17\xd2\x15\
\xbc\x15\xc2\x15\xb0\x17\xd2\x17\xd2\x17\xd2\x17\xd2\x15\xb6\x17\
\xd2\x17\xd2\x15\xbc\x15\xc2\x15\xc8\x17\xd2\x17\xd2\x15\xce\x17\
\xd2\x15\xd4\x17\xd2\x17\xd2\x15\xe0\x17\xd2\x15\xda\x17\xd2\x17\
\xd2\x15\xe0\x17\xd2\x15\xe6\x17\xd2\x17\xd2\x15\xe0\x17\xd2\x15\
\xe6\x17\xd2\x17\xd2\x15\xe0\x17\xd2\x15\xe6\x17\xd2\x17\xd2\x15\
\xe0\x17\xd2\x15\xe6\x17\xd2\x17\xd2\x15\xe0\x17\xd2\x15\xe6\x17\
\xd2\x17\xd2\x15\xe0\x17\xd2\x15\xe6\x17\xd2\x17\xd2\x16j\x17\
\xd2\x15\xf2\x15\xf8\x17\xd2\x16^\x17\xd2\x15\xf2\x15\xf8\x17\
\xd2\x16j\x17\xd2\x15\xec\x15\xf8\x17\xd2\x16^\x17\xd2\x15\
\xf2\x15\xf8\x17\xd2\x15\xfe\x17\xa8\x16\x16\x17\xd2\x17\xd2\x16\
\xbe\x17\xa8\x16\x10\x17\xd2\x17\xd2\x16\xbe\x17\xa8\x16\x16\x17\
\xd2\x17\xd2\x16\xbe\x17\xa8\x16\x16\x17\xd2\x17\xd2\x16\xbe\x17\
\xa8\x16\x16\x17\xd2\x17\xd2\x16\xbe\x17\xa8\x16\x16\x17\xd2\x17\
\xd2\x16\xbe\x17\xa8\x16\x16\x17\xd2\x17\xd2\x16\xbe\x17\xa8\x16\
\x04\x17\xd2\x17\xd2\x16\xbe\x17\xa8\x16\x16\x17\xd2\x17\xd2\x16\
\x0a\x17\xa8\x16\x16\x17\xd2\x17\xd2\x16\xbe\x17\xa8\x16\x16\x17\
\xd2\x17\xd2\x16\xbe\x17\xa8\x16\x16\x17\xd2\x17\xd2\x16\xbe\x17\
\xa8\x16\x16\x17\xd2\x17\xd2\x16\xbe\x17\xa8\x16\x16\x17\xd2\x17\
\xd2\x16\xbe\x17\xa8\x16\x16\x17\xd2\x17\xd2\x16\xbe\x17\xd2\x16\
\x16\x17\xd2\x17\xd2\x16\xbe\x17\xd2\x16\x10\x17\xd2\x17\xd2\x16\
\xbe\x17\xd2\x16\x16\x17\xd2\x17\xd2\x16\x22\x17\xd2\x17\x9c\x17\
\xd2\x17\xd2\x16\x1c\x17\xd2\x17\x9c\x17\xd2\x17\xd2\x16\x22\x17\
\xd2\x17\x9c\x17\xd2\x17\xd2\x16\xbe\x17\xd2\x16.\x164\x16\
:\x16\xbe\x17\xd2\x16(\x164\x16:\x16\xbe\x17\xd2\x16\
.\x164\x16:\x16\xca\x17\xd2\x16.\x164\x16:\x16\
\xbe\x17\xd2\x16.\x164\x16:\x16\xca\x17\xd2\x16.\x16\
4\x16:\x17\xa2\x17\xd2\x17\xae\x164\x16:\x16\xca\x17\
\xd2\x16.\x164\x16:\x16@\x17\xd2\x16L\x17\xd2\x17\
\xd2\x16F\x17\xd2\x16L\x17\xd2\x17\xd2\x16j\x17\xd2\x16\
d\x17\xd2\x17\xd2\x16j\x17\xd2\x16p\x17\xd2\x17\xd2\x16\
j\x17\xd2\x16d\x17\xd2\x17\xd2\x16j\x17\xd2\x16p\x17\
\xd2\x17\xd2\x16^\x17\xd2\x16d\x17\xd2\x17\xd2\x16j\x17\
\xd2\x16p\x17\xd2\x17\xd2\x16^\x17\xd2\x16d\x17\xd2\x17\
\xd2\x16R\x17\xd2\x16X\x17\xd2\x17\xd2\x16^\x17\xd2\x16\
d\x17\xd2\x17\xd2\x16j\x17\xd2\x16p\x17\xd2\x17\xd2\x16\
\x88\x16\x8e\x16|\x16\x9a\x16\xa0\x16\x88\x16\x8e\x16\x82\x16\
\x9a\x16\xa0\x16\x88\x16\x8e\x16\x82\x16\x9a\x16\xa0\x16\x88\x16\
\x8e\x16\x82\x16\x9a\x16\xa0\x16\x88\x16\x8e\x16\x82\x16\x9a\x16\
\xa0\x16v\x16\x8e\x16\x82\x16\x9a\x16\xa0\x16\x88\x16\x8e\x16\
\x82\x16\x9a\x16\xa0\x16\x88\x16\x8e\x16\x82\x16\x9a\x16\xa0\x16\
\x88\x16\x8e\x16\x82\x16\x9a\x16\xa0\x16\x88\x16\x8e\x16\x82\x16\
\x9a\x16\xa0\x16\x88\x16\x8e\x16\x82\x16\x9a\x16\xa0\x16\x88\x16\
\x8e\x16\x94\x16\x9a\x16\xa0\x16\x88\x16\x8e\x16\x94\x16\x9a\x16\
\xa0\x16v\x16\x8e\x16|\x16\x9a\x16\xa0\x16\x88\x16\x8e\x16\
\x82\x16\x9a\x16\xa0\x16\x88\x16\x8e\x16\x82\x16\x9a\x16\xa0\x16\
\x88\x17\xd2\x16|\x17\xd2\x17\xd2\x16\x88\x17\xd2\x16\x82\x17\
\xd2\x17\xd2\x16v\x17\xd2\x16|\x17\xd2\x17\xd2\x16\x88\x17\
\xd2\x16\x82\x17\xd2\x17\xd2\x16\x88\x17\xd2\x16\x82\x17\xd2\x17\
\xd2\x16\x88\x17\xd2\x16\x82\x17\xd2\x17\xd2\x16\x88\x16\x8e\x16\
\x82\x16\x9a\x16\xa0\x16\x88\x16\x8e\x16\x82\x16\x9a\x16\xa0\x16\
\x88\x16\x8e\x16\x82\x16\x9a\x16\xa0\x16\x88\x16\x8e\x16\x94\x16\
\x9a\x16\xa0\x16\x88\x16\x8e\x16\x94\x16\x9a\x16\xa0\x17\xd2\x17\
\xd2\x16|\x17\xd2\x17\xd2\x17\xd2\x17\xd2\x16|\x17\xd2\x17\
\xd2\x17\xd2\x17\xd2\x16\x82\x17\xd2\x17\xd2\x16\x88\x16\x8e\x16\
\x82\x16\x9a\x16\xa0\x16\x88\x16\x8e\x16\x94\x16\x9a\x16\xa0\x16\
\x88\x16\x8e\x16\x94\x16\x9a\x16\xa0\x16\x88\x16\x8e\x16\x94\x16\
\x9a\x16\xa0\x16\xa6\x17\xd2\x16\xac\x17\xd2\x17\xd2\x16\xb2\x17\
\xd2\x16\xb8\x17\xd2\x17\xd2\x16\xb2\x17\xd2\x16\xb8\x17\xd2\x17\
\xd2\x16\xb2\x17\xd2\x16\xb8\x17\xd2\x17\xd2\x16\xbe\x17\xd2\x16\
\xd0\x17\xd2\x17\xd2\x16\xbe\x17\xd2\x16\xc4\x17\xd2\x17\xd2\x16\
\xbe\x17\xd2\x16\xc4\x17\xd2\x17\xd2\x16\xca\x17\xd2\x16\xd0\x17\
\xd2\x17\xd2\x16\xbe\x17\xd2\x16\xc4\x17\xd2\x17\xd2\x16\xca\x17\
\xd2\x16\xd0\x17\xd2\x17\xd2\x16\xbe\x17\xd2\x16\xc4\x17\xd2\x17\
\xd2\x16\xca\x17\xd2\x16\xd0\x17\xd2\x17\xd2\x16\xe2\x17\xd2\x16\
\xe8\x17\xd2\x17\xd2\x16\xe2\x17\xd2\x16\xf4\x17\xd2\x17\xd2\x16\
\xe2\x17\xd2\x16\xd6\x17\xd2\x17\xd2\x16\xe2\x17\xd2\x16\xf4\x17\
\xd2\x17\xd2\x16\xe2\x17\xd2\x16\xdc\x17\xd2\x17\xd2\x16\xe2\x17\
\xd2\x16\xe8\x17\xd2\x17\xd2\x16\xe2\x17\xd2\x16\xf4\x17\xd2\x17\
\xd2\x16\xee\x17\xd2\x16\xe8\x17\xd2\x17\xd2\x16\xe2\x17\xd2\x16\
\xf4\x17\xd2\x17\xd2\x16\xee\x17\xd2\x16\xe8\x17\xd2\x17\xd2\x16\
\xee\x17\xd2\x16\xf4\x17\xd2\x17\xd2\x16\xfa\x17\xd2\x17\x0c\x17\
\x12\x17\x18\x16\xfa\x17\xd2\x17\x0c\x17\x12\x17\x18\x16\xfa\x17\
\xd2\x17\x0c\x17\x12\x17\x18\x17\x06\x17\xd2\x17\x0c\x17\x12\x17\
\x18\x16\xfa\x17\xd2\x17\x00\x17\x12\x17\x18\x17\x06\x17\xd2\x17\
\x0c\x17\x12\x17\x18\x17\x06\x17\xd2\x17\x0c\x17\x12\x17\x18\x17\
0\x176\x17$\x17\xd2\x17B\x170\x176\x17*\x17\
\xd2\x17B\x170\x176\x17*\x17\xd2\x17B\x170\x17\
6\x17*\x17\xd2\x17B\x170\x176\x17*\x17\xd2\x17\
B\x170\x176\x17*\x17\xd2\x17B\x17\x1e\x176\x17\
$\x17\xd2\x17B\x170\x176\x17*\x17\xd2\x17B\x17\
0\x176\x17*\x17\xd2\x17B\x170\x17\xd2\x17$\x17\
\xd2\x17\xd2\x170\x17\xd2\x17*\x17\xd2\x17\xd2\x17\x1e\x17\
\xd2\x17$\x17\xd2\x17\xd2\x170\x17\xd2\x17*\x17\xd2\x17\
\xd2\x170\x17\xd2\x17*\x17\xd2\x17\xd2\x170\x17\xd2\x17\
*\x17\xd2\x17\xd2\x170\x176\x17*\x17\xd2\x17B\x17\
0\x176\x17*\x17\xd2\x17B\x170\x176\x17*\x17\
\xd2\x17B\x170\x176\x17<\x17\xd2\x17B\x170\x17\
6\x17*\x17\xd2\x17B\x170\x176\x17*\x17\xd2\x17\
B\x170\x176\x17<\x17\xd2\x17B\x17H\x17\xd2\x17\
N\x17\xd2\x17\xd2\x17Z\x17\xd2\x17T\x17\xd2\x17\xd2\x17\
Z\x17\xd2\x17`\x17\xd2\x17\xd2\x17Z\x17\xd2\x17`\x17\
\xd2\x17\xd2\x17Z\x17\xd2\x17`\x17\xd2\x17\xd2\x17Z\x17\
\xd2\x17`\x17\xd2\x17\xd2\x17f\x17\xd2\x17l\x17\xd2\x17\
\xd2\x17~\x17\xd2\x17x\x17\xd2\x17\xd2\x17~\x17\xd2\x17\
\x84\x17\xd2\x17\xd2\x17~\x17\xd2\x17\x84\x17\xd2\x17\xd2\x17\
~\x17\xd2\x17\x84\x17\xd2\x17\xd2\x17~\x17\xd2\x17\x84\x17\
\xd2\x17\xd2\x17r\x17\xd2\x17x\x17\xd2\x17\xd2\x17~\x17\
\xd2\x17\x84\x17\xd2\x17\xd2\x17~\x17\xd2\x17\x84\x17\xd2\x17\
\xd2\x17~\x17\xd2\x17\x84\x17\xd2\x17\xd2\x17~\x17\xd2\x17\
\x84\x17\xd2\x17\xd2\x17\x8a\x17\xd2\x17\x9c\x17\xd2\x17\xd2\x17\
\x8a\x17\xd2\x17\x90\x17\xd2\x17\xd2\x17\x8a\x17\xd2\x17\x90\x17\
\xd2\x17\xd2\x17\x8a\x17\xd2\x17\x90\x17\xd2\x17\xd2\x17\x96\x17\
\xd2\x17\x9c\x17\xd2\x17\xd2\x17\xa2\x17\xa8\x17\xae\x17\xd2\x17\
\xd2\x17\xc0\x17\xc6\x17\xba\x17\xd2\x17\xd2\x17\xc0\x17\xc6\x17\
\xcc\x17\xd2\x17\xd2\x17\xc0\x17\xc6\x17\xcc\x17\xd2\x17\xd2\x17\
\xc0\x17\xc6\x17\xcc\x17\xd2\x17\xd2\x17\xb4\x17\xc6\x17\xcc\x17\
\xd2\x17\xd2\x17\xc0\x17\xc6\x17\xcc\x17\xd2\x17\xd2\x17\xc0\x17\
\xc6\x17\xcc\x17\xd2\x17\xd2\x17\xc0\x17\xc6\x17\xcc\x17\xd2\x17\
\xd2\x17\xc0\x17\xc6\x17\xcc\x17\xd2\x17\xd2\x17\xc0\x17\xc6\x17\
\xcc\x17\xd2\x17\xd2\x17\xc0\x17\xc6\x17\xcc\x17\xd2\x17\xd2\x17\
\xb4\x17\xc6\x17\xcc\x17\xd2\x17\xd2\x17\xc0\x17\xc6\x17\xcc\x17\
\xd2\x17\xd2\x17\xc0\x17\xc6\x17\xcc\x17\xd2\x17\xd2\x17\xc0\x17\
\xc6\x17\xcc\x17\xd2\x17\xd2\x17\xc0\x17\xc6\x17\xcc\x17\xd2\x17\
\xd2\x17\xc0\x17\xc6\x17\xcc\x17\xd2\x17\xd2\x17\xc0\x17\xc6\x17\
\xcc\x17\xd2\x17\xd2\x17\xb4\x17\xc6\x17\xba\x17\xd2\x17\xd2\x17\
\xc0\x17\xc6\x17\xcc\x17\xd2\x17\xd2\x17\xc0\x17\xc6\x17\xcc\x17\
\xd2\x17\xd2\x17\xc0\x17\xc6\x17\xcc\x17\xd2\x17\xd2\x17\xc0\x17\
\xc6\x17\xcc\x17\xd2\x17\xd2\x17\xc0\x17\xc6\x17\xcc\x17\xd2\x17\
\xd2\x17\xc0\x17\xc6\x17\xcc\x17\xd2\x17\xd2\x00\x01\x01o\xff\
V\x00\x01\x01o\x02\xc1\x00\x01\x01o\x00\x00\x00\x01\x02\
\xb5\x00\x0a\x00\x01\x01o\x03a\x00\x01\x01\xf4\x02\xc1\x00\
\x01\x01\xf5\x00\x00\x00\x01\x01\xf4\x03a\x00\x01\x01W\x00\
\x00\x00\x01\x01W\x02\xc1\x00\x01\x01\x85\x02\xc1\x00\x01\x01\
\x84\x00\x00\x00\x01\x01\x85\x03a\x00\x01\x04\x07\x00\x00\x00\
\x01\x04\x05\x03a\x00\x01\x01u\x00\x00\x00\x01\x01t\x03\
a\x00\x01\x01u\xffV\x00\x01\x01t\x02\xc1\x00\x01\x03\
\xe5\x00\x00\x00\x01\x03\xec\x02\xad\x00\x01\x01u\x01a\x00\
\x01\x01F\xffV\x00\x01\x01F\x04\x01\x00\x01\x01F\x02\
\xc1\x00\x01\x01F\x00\x00\x00\x01\x02\x07\x00\x0a\x00\x01\x01\
F\x03a\x00\x01\x017\x00\x00\x00\x01\x01\x1e\x02\xc1\x00\
\x01\x01\x93\xffV\x00\x01\x01\x8c\x02\xc1\x00\x01\x01\x93\x00\
\x00\x00\x01\x01\x8c\x03a\x00\x01\x01}\x00\x00\x00\x01\x01\
}\x03a\x00\x01\x01}\xffV\x00\x01\x01}\x02\xc1\x00\
\x01\x01}\x01f\x00\x01\x00\x85\x04\x01\x00\x01\x00\x85\xff\
V\x00\x01\x00\x85\x00\x00\x00\x01\x00\xcf\x02\xc1\x00\x01\x00\
\xcf\x00\x00\x00\x01\x00\xcf\x03a\x00\x01\x01C\x00\x00\x00\
\x01\x01C\xffV\x00\x01\x01C\x02\xc1\x00\x01\x00\x85\x03\
a\x00\x01\x016\x00\x00\x00\x01\x02\x9c\x00\x00\x00\x01\x02\
\x9c\x02\xad\x00\x01\x016\xffV\x00\x01\x00\x85\x02\xc1\x00\
\x01\x01j\x01a\x00\x01\x01\x13\x02\xc1\x00\x01\x01\xa4\xff\
V\x00\x01\x01\xa4\x02\xc1\x00\x01\x03\xb6\x00\x00\x00\x01\x03\
\xb6\x02\xc1\x00\x01\x03`\x00\x00\x00\x01\x03`\x02\xad\x00\
\x01\x01t\xffV\x00\x01\x01s\x02\xc1\x00\x01\x01t\x00\
\x00\x00\x01\x01s\x03a\x00\x01\x01\x81\xffV\x00\x01\x01\
\x82\xffV\x00\x01\x01\x82\x00\x00\x00\x01\x01\x81\x03a\x00\
\x01\x01\xf0\x00\x0a\x00\x01\x01\x81\x04\x01\x00\x01\x01\x82\x01\
a\x00\x01\x01\x9f\x02\xc1\x00\x01\x02\x13\x00\x00\x00\x01\x02\
\x12\x02\xc1\x00\x01\x01G\x00\x00\x00\x01\x01\x81\x00\x00\x00\
\x01\x01\x81\x02\xc1\x00\x01\x01X\x00\x00\x00\x01\x01X\x03\
a\x00\x01\x01X\xffV\x00\x01\x01X\x02\xc1\x00\x01\x00\
\xc7\x03w\x00\x01\x01;\x04\x01\x00\x01\x01;\x00\x00\x00\
\x01\x01;\x02\xc1\x00\x01\x01;\xffV\x00\x01\x01;\x03\
a\x00\x01\x01w\x00\x00\x00\x01\x01v\x02\xc1\x00\x01\x01\
.\x03a\x00\x01\x01.\x00\x00\x00\x01\x01.\xffV\x00\
\x01\x01.\x02\xc1\x00\x01\x01.\x01a\x00\x01\x01l\xff\
V\x00\x01\x01l\x02\xc1\x00\x01\x01l\x03a\x00\x01\x01\
l\x00\x00\x00\x01\x01\xe1\x00\x0a\x00\x01\x01l\x04\x01\x00\
\x01\x02X\x02\xc1\x00\x01\x01_\x00\x00\x00\x01\x01^\x02\
\xc1\x00\x01\x02(\x02\xc1\x00\x01\x02)\x00\x00\x00\x01\x02\
(\x03a\x00\x01\x01H\x00\x00\x00\x01\x01G\x02\xc1\x00\
\x01\x011\xffV\x00\x01\x011\x02\xc1\x00\x01\x011\x00\
\x00\x00\x01\x011\x03a\x00\x01\x01,\x00\x00\x00\x01\x01\
*\x03a\x00\x01\x01,\xffV\x00\x01\x01*\x02\xc1\x00\
\x01\x01\xda\x00\x00\x00\x01\x00\xaa\x00\x0a\x00\x01\x01\xda\x03\
a\x00\x01\x01\x10\xffV\x00\x01\x01\x13\x01\xec\x00\x01\x01\
\x10\x00\x00\x00\x01\x01\xc5\x00\x0a\x00\x01\x01\x13\x02\xad\x00\
\x01\x01\xa4\x01\xec\x00\x01\x01\xa4\x00\x00\x00\x01\x01\xa4\x02\
\xad\x00\x01\x010\x00\x00\x00\x01\x01L\x01\xec\x00\x01\x01\
\x17\x00\x00\x00\x01\x01)\x00\x00\x00\x01\x01)\xffV\x00\
\x01\x01)\x01\xec\x00\x01\x03J\x00\x00\x00\x01\x03Q\x02\
\xad\x00\x01\x01)\x00\xf6\x00\x01\x02)\x02\xc1\x00\x01\x01\
$\xffV\x00\x01\x01\x14\x03m\x00\x01\x01\x14\x01\xec\x00\
\x01\x01$\x00\x00\x00\x01\x01\x83\x00\x0a\x00\x01\x01\x14\x02\
\xad\x00\x01\x00\x97\x00\x00\x00\x01\x00\x97\x01\xec\x00\x01\x01\
+\x01\xec\x00\x01\x01+\x00\x00\x00\x01\x01+\x02\xad\x00\
\x01\x00z\x03a\x00\x01\x00z\x02\xc1\x00\x01\x01!\x00\
\xf6\x00\x01\x00x\x00\x00\x00\x01\x00y\x03m\x00\x01\x00\
x\xffV\x00\x01\x00y\x01\xec\x00\x01\x00y\x02\xad\x00\
\x01\x01\x02\xffV\x00\x01\x01\x02\x00\x00\x00\x01\x00y\x03\
a\x00\x01\x00y\x02\xc1\x00\x01\x00y\x00\xf6\x00\x01\x00\
\xcd\x02\xc1\x00\x01\x01\xb0\x00\x00\x00\x01\x01\xb0\xffV\x00\
\x01\x01\xb0\x01\xec\x00\x01\x02\xb9\x00\x00\x00\x01\x02\xb9\x02\
\xad\x00\x01\x01!\xffV\x00\x01\x01!\x01\xec\x00\x01\x01\
!\x00\x00\x00\x01\x01!\x02\xad\x00\x01\x01\x1a\xffV\x00\
\x01\x01\x1a\x01\xec\x00\x01\x01\x1a\x02\xad\x00\x01\x01\x1a\x00\
\x00\x00\x01\x01v\x00\x0a\x00\x01\x01\x1a\x03m\x00\x01\x01\
\x1a\x00\xf6\x00\x01\x01R\x01\xec\x00\x01\x01\xd6\x00\x00\x00\
\x01\x01\xd6\x01\xec\x00\x01\x01'\x00\x00\x00\x01\x01'\x01\
\xec\x00\x01\x00y\x00\x00\x00\x01\x00\xdc\x02\xad\x00\x01\x00\
y\xffV\x00\x01\x00\xdc\x01\xec\x00\x01\x00\x99\x02\xdd\x00\
\x01\x00\xfa\x03m\x00\x01\x00\xf0\x00\x00\x00\x01\x00\xfa\x01\
\xec\x00\x01\x00\xf0\xffV\x00\x01\x00\xfa\x02\xad\x00\x01\x00\
\xe2\x00\x00\x00\x01\x00\x97\x03\x1b\x00\x01\x00\xe2\xffV\x00\
\x01\x00\x97\x02{\x00\x01\x00\xa7\x00\xf6\x00\x01\x00\xfd\x02\
\xc1\x00\x01\x01\x1c\xffV\x00\x01\x01\x1c\x01\xec\x00\x01\x01\
\x1c\x02\xad\x00\x01\x01\x1c\x00\x00\x00\x01\x01\xe4\x00\x0a\x00\
\x01\x01\x1c\x03m\x00\x01\x01\xaa\x01\xec\x00\x01\x01\x05\x00\
\x00\x00\x01\x01\x05\x01\xec\x00\x01\x01\xa8\x01\xec\x00\x01\x01\
\xa8\x00\x00\x00\x01\x01\xa8\x02\xad\x00\x01\x01\x06\x00\x00\x00\
\x01\x01\x06\x01\xec\x00\x01\x01\x8f\xffV\x00\x01\x01\x04\x01\
\xec\x00\x01\x01\x8f\x00\x00\x00\x01\x01\x04\x02\xad\x00\x01\x00\
\xfb\x00\x00\x00\x01\x01\x02\x02\xad\x00\x01\x00\xfb\xffV\x00\
\x01\x01\x02\x01\xec\x00\x01\x01k\x00\x00\x00\x01\x00\x9e\x00\
\x0a\x00\x01\x01k\x02\xad\x00\x01\x01(\xffV\x00\x01\x01\
(\x01\xec\x00\x01\x01(\x00\x00\x00\x01\x01\xfb\x00\x0a\x00\
\x01\x01(\x02\xad\x00\x01\x00\x00\x00\x00\x00\x06\x01\x00\x00\
\x01\x00\x08\x00\x01\x00\x0c\x00\x1c\x00\x01\x00*\x00P\x00\
\x01\x00\x06\x02\xca\x02\xcb\x02\xcc\x02\xcd\x02\xcf\x02\xd0\x00\
\x01\x00\x05\x02\xca\x02\xcb\x02\xcc\x02\xcf\x02\xd0\x00\x06\x00\
\x00\x00 \x00\x00\x00 \x00\x00\x00 \x00\x00\x00\x1a\x00\
\x00\x00 \x00\x00\x00 \x00\x01\xffl\x00\x00\x00\x01\xff\
j\x00\x00\x00\x05\x00\x0c\x00\x0c\x00\x0c\x00\x0c\x00\x0c\x00\
\x01\xffj\xffV\x00\x06\x02\x00\x00\x01\x00\x08\x00\x01\x00\
\xc2\x00\x0c\x00\x01\x00\xe8\x00@\x00\x02\x00\x08\x02\xb9\x02\
\xbd\x00\x00\x02\xbf\x02\xc8\x00\x05\x02\xd2\x02\xe0\x00\x0f\x02\
\xe2\x02\xe2\x00\x1e\x02\xe4\x02\xe7\x00\x1f\x02\xea\x02\xee\x00\
#\x02\xf0\x02\xf5\x00(\x02\xf7\x02\xf8\x00.\x000\x01\
\x90\x01\x90\x01\x90\x01\x90\x01\x90\x01\x90\x01\x90\x01\x90\x01\
\x90\x01\x90\x01\x90\x01\x90\x01\x90\x01\x90\x01\x90\x01\x96\x01\
\x96\x01\x96\x01\x96\x01\x96\x01\x96\x01\x96\x01\x96\x01\x96\x01\
\x96\x01\x96\x01\x96\x01\x96\x01\x96\x01\x96\x00h\x00h\x00\
h\x00h\x00h\x00b\x00b\x00h\x00h\x00h\x00\
h\x00h\x00h\x00h\x00h\x00h\x00h\x00h\x00\
\x01\x00\x96\x03a\x00\x01\x00\x96\x02\xad\x00\x06\x02\x00\x00\
\x01\x00\x08\x00\x01\x00\x0c\x00(\x00\x01\x002\x00\xf8\x00\
\x02\x00\x04\x02\xb9\x02\xbd\x00\x00\x02\xbf\x02\xc8\x00\x05\x02\
\xd2\x02\xe0\x00\x0f\x02\xf9\x03\x08\x00\x1e\x00\x02\x00\x01\x02\
\xf9\x03\x08\x00\x00\x00.\x00\x00\x00\xba\x00\x00\x00\xba\x00\
\x00\x00\xba\x00\x00\x00\xba\x00\x00\x00\xba\x00\x00\x00\xba\x00\
\x00\x00\xba\x00\x00\x00\xba\x00\x00\x00\xba\x00\x00\x00\xba\x00\
\x00\x00\xba\x00\x00\x00\xba\x00\x00\x00\xba\x00\x00\x00\xba\x00\
\x00\x00\xba\x00\x00\x00\xc0\x00\x00\x00\xc0\x00\x00\x00\xc0\x00\
\x00\x00\xc0\x00\x00\x00\xc0\x00\x00\x00\xc0\x00\x00\x00\xc0\x00\
\x00\x00\xc0\x00\x00\x00\xc0\x00\x00\x00\xc0\x00\x00\x00\xc0\x00\
\x00\x00\xc0\x00\x00\x00\xc0\x00\x00\x00\xc0\x00\x00\x00\xc0\x00\
\x00\x00\xba\x00\x00\x00\xba\x00\x00\x00\xba\x00\x00\x00\xba\x00\
\x00\x00\xba\x00\x00\x00\xba\x00\x00\x00\xba\x00\x00\x00\xba\x00\
\x00\x00\xc0\x00\x00\x00\xc0\x00\x00\x00\xc0\x00\x00\x00\xc0\x00\
\x00\x00\xc0\x00\x00\x00\xc0\x00\x00\x00\xc0\x00\x00\x00\xc0\x00\
\x01\xffj\x01\xec\x00\x01\xffj\x02\xc1\x00\x10\x00\x22\x00\
\x22\x00\x22\x00\x22\x00\x22\x00\x22\x00\x22\x00\x22\x00(\x00\
(\x00(\x00(\x00(\x00(\x00(\x00(\x00\x01\xff\
j\x02\xad\x00\x01\xffj\x03a\x00\x00\x00\x01\x00\x00\x00\
\x0a\x01\xc8\x05\xf2\x00\x02DFLT\x00\x0elat\
n\x002\x00\x04\x00\x00\x00\x00\xff\xff\x00\x0d\x00\x00\x00\
\x0b\x00\x16\x00!\x00,\x007\x00K\x00V\x00a\x00\
l\x00w\x00\x82\x00\x8d\x00:\x00\x09AZE \x00\
ZCAT \x00|CRT \x00\x9eKAZ\
 \x00\xc0MOL \x00\xe2NLD \x01\x04R\
OM \x01&TAT \x01HTRK \x01\
j\x00\x00\xff\xff\x00\x0d\x00\x01\x00\x0c\x00\x17\x00\x22\x00\
-\x008\x00L\x00W\x00b\x00m\x00x\x00\x83\x00\
\x8e\x00\x00\xff\xff\x00\x0e\x00\x02\x00\x0d\x00\x18\x00#\x00\
.\x009\x00B\x00M\x00X\x00c\x00n\x00y\x00\
\x84\x00\x8f\x00\x00\xff\xff\x00\x0e\x00\x03\x00\x0e\x00\x19\x00\
$\x00/\x00:\x00C\x00N\x00Y\x00d\x00o\x00\
z\x00\x85\x00\x90\x00\x00\xff\xff\x00\x0e\x00\x04\x00\x0f\x00\
\x1a\x00%\x000\x00;\x00D\x00O\x00Z\x00e\x00\
p\x00{\x00\x86\x00\x91\x00\x00\xff\xff\x00\x0e\x00\x05\x00\
\x10\x00\x1b\x00&\x001\x00<\x00E\x00P\x00[\x00\
f\x00q\x00|\x00\x87\x00\x92\x00\x00\xff\xff\x00\x0e\x00\
\x06\x00\x11\x00\x1c\x00'\x002\x00=\x00F\x00Q\x00\
\x5c\x00g\x00r\x00}\x00\x88\x00\x93\x00\x00\xff\xff\x00\
\x0e\x00\x07\x00\x12\x00\x1d\x00(\x003\x00>\x00G\x00\
R\x00]\x00h\x00s\x00~\x00\x89\x00\x94\x00\x00\xff\
\xff\x00\x0e\x00\x08\x00\x13\x00\x1e\x00)\x004\x00?\x00\
H\x00S\x00^\x00i\x00t\x00\x7f\x00\x8a\x00\x95\x00\
\x00\xff\xff\x00\x0e\x00\x09\x00\x14\x00\x1f\x00*\x005\x00\
@\x00I\x00T\x00_\x00j\x00u\x00\x80\x00\x8b\x00\
\x96\x00\x00\xff\xff\x00\x0e\x00\x0a\x00\x15\x00 \x00+\x00\
6\x00A\x00J\x00U\x00`\x00k\x00v\x00\x81\x00\
\x8c\x00\x97\x00\x98aalt\x03\x92aalt\x03\
\x92aalt\x03\x92aalt\x03\x92aal\
t\x03\x92aalt\x03\x92aalt\x03\x92a\
alt\x03\x92aalt\x03\x92aalt\x03\
\x92aalt\x03\x92case\x03\x9acas\
e\x03\x9acase\x03\x9acase\x03\x9ac\
ase\x03\x9acase\x03\x9acase\x03\
\x9acase\x03\x9acase\x03\x9acas\
e\x03\x9acase\x03\x9accmp\x03\xaac\
cmp\x03\xa0ccmp\x03\xaaccmp\x03\
\xaaccmp\x03\xaaccmp\x03\xaaccm\
p\x03\xaaccmp\x03\xaaccmp\x03\xaac\
cmp\x03\xaaccmp\x03\xaadnom\x03\
\xb2dnom\x03\xb2dnom\x03\xb2dno\
m\x03\xb2dnom\x03\xb2dnom\x03\xb2d\
nom\x03\xb2dnom\x03\xb2dnom\x03\
\xb2dnom\x03\xb2dnom\x03\xb2fra\
c\x03\xb8frac\x03\xb8frac\x03\xb8f\
rac\x03\xb8frac\x03\xb8frac\x03\
\xb8frac\x03\xb8frac\x03\xb8fra\
c\x03\xb8frac\x03\xb8frac\x03\xb8l\
iga\x03\xc2liga\x03\xc2liga\x03\
\xc2liga\x03\xc2liga\x03\xc2lig\
a\x03\xc2liga\x03\xc2liga\x03\xc2l\
iga\x03\xc2liga\x03\xc2liga\x03\
\xc2locl\x03\xc8locl\x03\xceloc\
l\x03\xd4locl\x03\xdalocl\x03\xe0l\
ocl\x03\xe6locl\x03\xeclocl\x03\
\xf2locl\x03\xf8numr\x03\xfenum\
r\x03\xfenumr\x03\xfenumr\x03\xfen\
umr\x03\xfenumr\x03\xfenumr\x03\
\xfenumr\x03\xfenumr\x03\xfenum\
r\x03\xfenumr\x03\xfeonum\x04\x04o\
num\x04\x04onum\x04\x04onum\x04\
\x04onum\x04\x04onum\x04\x04onu\
m\x04\x04onum\x04\x04onum\x04\x04o\
num\x04\x04onum\x04\x04ordn\x04\
\x0aordn\x04\x0aordn\x04\x0aord\
n\x04\x0aordn\x04\x0aordn\x04\x0ao\
rdn\x04\x0aordn\x04\x0aordn\x04\
\x0aordn\x04\x0aordn\x04\x0asal\
t\x04\x12salt\x04\x12salt\x04\x12s\
alt\x04\x12salt\x04\x12salt\x04\
\x12salt\x04\x12salt\x04\x12sal\
t\x04\x12salt\x04\x12salt\x04\x12s\
s01\x04\x18ss01\x04\x18ss01\x04\
\x18ss01\x04\x18ss01\x04\x18ss0\
1\x04\x18ss01\x04\x18ss01\x04\x18s\
s01\x04\x18ss01\x04\x18ss01\x04\
\x18subs\x04\x1esubs\x04\x1esub\
s\x04\x1esubs\x04\x1esubs\x04\x1es\
ubs\x04\x1esubs\x04\x1esubs\x04\
\x1esubs\x04\x1esubs\x04\x1esub\
s\x04\x1esups\x04$sups\x04$s\
ups\x04$sups\x04$sups\x04\
$sups\x04$sups\x04$sup\
s\x04$sups\x04$sups\x04$s\
ups\x04$\x00\x00\x00\x02\x00\x00\x00\x01\x00\x00\x00\
\x01\x00\x18\x00\x00\x00\x03\x00\x02\x00\x03\x00\x04\x00\x00\x00\
\x02\x00\x02\x00\x03\x00\x00\x00\x01\x00\x11\x00\x00\x00\x03\x00\
\x12\x00\x13\x00\x14\x00\x00\x00\x01\x00\x19\x00\x00\x00\x01\x00\
\x0d\x00\x00\x00\x01\x00\x06\x00\x00\x00\x01\x00\x0c\x00\x00\x00\
\x01\x00\x09\x00\x00\x00\x01\x00\x08\x00\x00\x00\x01\x00\x05\x00\
\x00\x00\x01\x00\x07\x00\x00\x00\x01\x00\x0a\x00\x00\x00\x01\x00\
\x0b\x00\x00\x00\x01\x00\x10\x00\x00\x00\x01\x00\x17\x00\x00\x00\
\x02\x00\x15\x00\x16\x00\x00\x00\x01\x00\x1a\x00\x00\x00\x01\x00\
\x1b\x00\x00\x00\x01\x00\x0e\x00\x00\x00\x01\x00\x0f\x00\x1d\x00\
<\x01D\x02\x06\x02\x96\x02\xda\x03\x84\x03\xce\x04\x12\x04\
\x12\x044\x044\x044\x044\x044\x04H\x04V\x04\
\x86\x04d\x04r\x04\x86\x04\x94\x04\xdc\x05\x1a\x05<\x05\
T\x05\xb0\x05\xd8\x05\xd8\x066\x00\x01\x00\x00\x00\x01\x00\
\x08\x00\x02\x00\x96\x00H\x01\xfa\x01\xfb\x00\xb3\x00\xbd\x01\
\xdc\x01\xdd\x01\xde\x01\xdf\x01\xe0\x01\xe1\x01\xe2\x01\xe3\x01\
\xe4\x01\xe5\x01\xe6\x01\xe7\x01\xe8\x01\xe9\x01\xea\x01\xeb\x01\
\xec\x01\xed\x01\xee\x01\xef\x01\xf0\x01\xf1\x01\xf2\x01\xf3\x01\
\xf4\x01\xf5\x01P\x01\xfb\x01\xa0\x01\xa9\x02\x0c\x02!\x02\
\x22\x02#\x02$\x02%\x02&\x02'\x02(\x02)\x02\
*\x02U\x02?\x02\xd2\x02\xd3\x02\xd4\x02\xd5\x02\xd6\x02\
\xd7\x02\xd8\x02\xd9\x02\xda\x02\xdb\x02\xdc\x02\xdd\x02\xde\x02\
\xdf\x02\xe0\x02\xea\x02\xeb\x03\x01\x03\x02\x03\x03\x03\x04\x03\
\x05\x03\x06\x03\x07\x03\x08\x00\x02\x00\x11\x00\x04\x00\x04\x00\
\x00\x00~\x00~\x00\x01\x00\xb1\x00\xb1\x00\x02\x00\xbc\x00\
\xbc\x00\x03\x00\xef\x01\x08\x00\x04\x01O\x01O\x00\x1e\x01\
k\x01k\x00\x1f\x01\x9e\x01\x9e\x00 \x01\xa8\x01\xa8\x00\
!\x02\x0e\x02\x0e\x00\x22\x02+\x024\x00#\x02E\x02\
E\x00-\x02S\x02S\x00.\x02\xb9\x02\xbd\x00/\x02\
\xbf\x02\xc8\x004\x02\xe5\x02\xe6\x00>\x02\xf9\x03\x00\x00\
@\x00\x03\x00\x00\x00\x01\x00\x08\x00\x01\x00\xa4\x00\x0c\x00\
\x1e\x00$\x00*\x006\x00D\x00P\x00\x5c\x00h\x00\
t\x00\x80\x00\x8c\x00\x98\x00\x02\x01\xfa\x01\xdb\x00\x02\x01\
@\x01G\x00\x05\x02\x17\x025\x02+\x02!\x02\x0d\x00\
\x06\x02\x18\x026\x02,\x02\x22\x02\x0e\x02\x0b\x00\x05\x02\
\x19\x027\x02-\x02#\x02\x0f\x00\x05\x02\x1a\x028\x02\
.\x02$\x02\x10\x00\x05\x02\x1b\x029\x02/\x02%\x02\
\x11\x00\x05\x02\x1c\x02:\x020\x02&\x02\x12\x00\x05\x02\
\x1d\x02;\x021\x02'\x02\x13\x00\x05\x02\x1e\x02<\x02\
2\x02(\x02\x14\x00\x05\x02\x1f\x02=\x023\x02)\x02\
\x15\x00\x05\x02 \x02>\x024\x02*\x02\x16\x00\x02\x00\
\x03\x00\xee\x00\xee\x00\x00\x01?\x01?\x00\x01\x02\x01\x02\
\x0a\x00\x02\x00\x06\x00\x00\x00\x04\x00\x0e\x00 \x00\x5c\x00\
n\x00\x03\x00\x00\x00\x01\x00&\x00\x01\x00>\x00\x01\x00\
\x00\x00\x1c\x00\x03\x00\x00\x00\x01\x00\x14\x00\x02\x00\x1c\x00\
,\x00\x01\x00\x00\x00\x1c\x00\x01\x00\x02\x01?\x01O\x00\
\x02\x00\x02\x02\xc9\x02\xcb\x00\x00\x02\xcd\x02\xd1\x00\x03\x00\
\x02\x00\x02\x02\xb9\x02\xbd\x00\x00\x02\xbf\x02\xc8\x00\x05\x00\
\x03\x00\x01\x032\x00\x01\x032\x00\x00\x00\x01\x00\x00\x00\
\x1c\x00\x03\x00\x01\x00\x12\x00\x01\x03 \x00\x00\x00\x01\x00\
\x00\x00\x1c\x00\x02\x00\x02\x00\x04\x00\xed\x00\x00\x01\xfc\x01\
\xfe\x00\xea\x00\x06\x00\x00\x00\x02\x00\x0a\x00\x1c\x00\x03\x00\
\x00\x00\x01\x02\xf4\x00\x01\x00$\x00\x01\x00\x00\x00\x1c\x00\
\x03\x00\x01\x00\x12\x00\x01\x02\xe2\x00\x00\x00\x01\x00\x00\x00\
\x1c\x00\x02\x00\x03\x02\xd2\x02\xe0\x00\x00\x02\xea\x02\xeb\x00\
\x0f\x03\x01\x03\x08\x00\x11\x00\x04\x00\x00\x00\x01\x00\x08\x00\
\x01\x00\x96\x00\x04\x00\x0e\x000\x00R\x00t\x00\x04\x00\
\x0a\x00\x10\x00\x16\x00\x1c\x02\xfe\x00\x02\x02\xbb\x02\xfd\x00\
\x02\x02\xbc\x03\x00\x00\x02\x02\xc3\x02\xff\x00\x02\x02\xc5\x00\
\x04\x00\x0a\x00\x10\x00\x16\x00\x1c\x02\xfa\x00\x02\x02\xbb\x02\
\xf9\x00\x02\x02\xbc\x02\xfc\x00\x02\x02\xc3\x02\xfb\x00\x02\x02\
\xc5\x00\x04\x00\x0a\x00\x10\x00\x16\x00\x1c\x03\x06\x00\x02\x02\
\xd4\x03\x05\x00\x02\x02\xd5\x03\x08\x00\x02\x02\xdb\x03\x07\x00\
\x02\x02\xdd\x00\x04\x00\x0a\x00\x10\x00\x16\x00\x1c\x03\x02\x00\
\x02\x02\xd4\x03\x01\x00\x02\x02\xd5\x03\x04\x00\x02\x02\xdb\x03\
\x03\x00\x02\x02\xdd\x00\x01\x00\x04\x02\xbf\x02\xc1\x02\xd7\x02\
\xd9\x00\x04\x00\x00\x00\x01\x00\x08\x00\x01\x006\x00\x04\x00\
\x0e\x00\x18\x00\x22\x00,\x00\x01\x00\x04\x01\xf8\x00\x02\x00\
c\x00\x01\x00\x04\x00\xed\x00\x02\x00c\x00\x01\x00\x04\x01\
\xf9\x00\x02\x01O\x00\x01\x00\x04\x01\xda\x00\x02\x01O\x00\
\x01\x00\x04\x00T\x00U\x01?\x01A\x00\x06\x00\x00\x00\
\x02\x00\x0a\x00$\x00\x03\x00\x01\x00\x14\x00\x01\x00.\x00\
\x01\x00\x14\x00\x01\x00\x00\x00\x1c\x00\x01\x00\x01\x01U\x00\
\x03\x00\x01\x00\x1a\x00\x01\x00\x14\x00\x01\x00\x1a\x00\x01\x00\
\x00\x00\x1c\x00\x01\x00\x01\x02E\x00\x01\x00\x01\x00g\x00\
\x01\x00\x00\x00\x01\x00\x08\x00\x02\x00\x0e\x00\x04\x00\xb3\x00\
\xbd\x01\xa0\x01\xa9\x00\x01\x00\x04\x00\xb1\x00\xbc\x01\x9e\x01\
\xa8\x00\x01\x00\x00\x00\x01\x00\x08\x00\x01\x00\x06\x00\x08\x00\
\x01\x00\x01\x01?\x00\x01\x00\x00\x00\x01\x00\x08\x00\x01\x00\
\xfa\x00\x16\x00\x01\x00\x00\x00\x01\x00\x08\x00\x01\x00\xec\x00\
4\x00\x01\x00\x00\x00\x01\x00\x08\x00\x01\x00\xde\x00 \x00\
\x01\x00\x00\x00\x01\x00\x08\x00\x01\x00\x06\xff\xec\x00\x01\x00\
\x01\x02S\x00\x01\x00\x00\x00\x01\x00\x08\x00\x01\x00\xbc\x00\
*\x00\x06\x00\x00\x00\x02\x00\x0a\x00\x22\x00\x03\x00\x01\x00\
\x12\x00\x01\x004\x00\x00\x00\x01\x00\x00\x00\x1c\x00\x01\x00\
\x01\x02?\x00\x03\x00\x01\x00\x12\x00\x01\x00\x1c\x00\x00\x00\
\x01\x00\x00\x00\x1c\x00\x02\x00\x01\x02!\x02*\x00\x00\x00\
\x02\x00\x01\x02+\x024\x00\x00\x00\x06\x00\x00\x00\x02\x00\
\x0a\x00$\x00\x03\x00\x01\x00d\x00\x01\x00\x12\x00\x00\x00\
\x01\x00\x00\x00\x1c\x00\x01\x00\x02\x00\x04\x00\xee\x00\x03\x00\
\x01\x00J\x00\x01\x00\x12\x00\x00\x00\x01\x00\x00\x00\x1c\x00\
\x01\x00\x02\x00~\x01k\x00\x04\x00\x00\x00\x01\x00\x08\x00\
\x01\x00\x14\x00\x01\x00\x08\x00\x01\x00\x04\x02\xb5\x00\x03\x01\
k\x02M\x00\x01\x00\x01\x00s\x00\x01\x00\x00\x00\x01\x00\
\x08\x00\x01\x00\x06\x00\x0c\x00\x02\x00\x01\x02\x01\x02\x0a\x00\
\x00\x00\x01\x00\x00\x00\x01\x00\x08\x00\x02\x008\x00\x19\x02\
\xd2\x02\xd3\x02\xd4\x02\xd5\x02\xd6\x02\xd7\x02\xd8\x02\xd9\x02\
\xda\x02\xdb\x02\xdc\x02\xdd\x02\xde\x02\xdf\x02\xe0\x02\xea\x02\
\xeb\x03\x01\x03\x02\x03\x03\x03\x04\x03\x05\x03\x06\x03\x07\x03\
\x08\x00\x02\x00\x04\x02\xb9\x02\xbd\x00\x00\x02\xbf\x02\xc8\x00\
\x05\x02\xe5\x02\xe6\x00\x0f\x02\xf9\x03\x00\x00\x11\x00\x04\x00\
\x00\x00\x01\x00\x08\x00\x01\x00\x1a\x00\x01\x00\x08\x00\x02\x00\
\x06\x00\x0c\x01\xf6\x00\x02\x01?\x01\xf7\x00\x02\x01U\x00\
\x01\x00\x01\x012\x00\x01\x00\x00\x00\x01\x00\x08\x00\x02\x00\
@\x00\x1d\x01\xdb\x01\xdc\x01\xdd\x01\xde\x01\xdf\x01\xe0\x01\
\xe1\x01\xe2\x01\xe3\x01\xe4\x01\xe5\x01\xe6\x01\xe7\x01\xe8\x01\
\xe9\x01\xea\x01\xeb\x01\xec\x01\xed\x01\xee\x01\xef\x01\xf0\x01\
\xf1\x01\xf2\x01\xf3\x01\xf4\x01\xf5\x02\x0b\x02\x0c\x00\x02\x00\
\x03\x00\xee\x01\x08\x00\x00\x02\x02\x02\x02\x00\x1b\x02\x0e\x02\
\x0e\x00\x1c\x00\x01\x00\x00\x00\x01\x00\x08\x00\x02\x00Z\x00\
*\x01\xfa\x01\xfb\x01\xfa\x01@\x01P\x01\xfb\x02!\x02\
\x22\x02#\x02$\x02%\x02&\x02'\x02(\x02)\x02\
*\x02U\x02\xd2\x02\xd3\x02\xd4\x02\xd5\x02\xd6\x02\xd7\x02\
\xd8\x02\xd9\x02\xda\x02\xdb\x02\xdc\x02\xdd\x02\xde\x02\xdf\x02\
\xe0\x02\xea\x02\xeb\x03\x01\x03\x02\x03\x03\x03\x04\x03\x05\x03\
\x06\x03\x07\x03\x08\x00\x02\x00\x0c\x00\x04\x00\x04\x00\x00\x00\
~\x00~\x00\x01\x00\xee\x00\xee\x00\x02\x01?\x01?\x00\
\x03\x01O\x01O\x00\x04\x01k\x01k\x00\x05\x02+\x02\
4\x00\x06\x02E\x02E\x00\x10\x02\xb9\x02\xbd\x00\x11\x02\
\xbf\x02\xc8\x00\x16\x02\xe5\x02\xe6\x00 \x02\xf9\x03\x00\x00\
\x22\x00\x00\
\x00\x00\x01Y\
\x89\
PNG\x0d\x0a\x1a\x0a\x00\x00\x00\x0dIHDR\x00\
\x00\x00 \x00\x00\x00 \x04\x03\x00\x00\x00\x81Tg\xc7\
\x00\x00\x00\x03sBIT\x08\x08\x08\xdb\xe1O\xe0\x00\
\x00\x00\x09pHYs\x00\x00\x00\xfb\x00\x00\x00\xfb\x01\
bx\xc7\x08\x00\x00\x00\x19tEXtSoft\
ware\x00www.inkscap\
e.org\x9b\xee<\x1a\x00\x00\x000PLT\
E\xff\xff\xff\x00\x00\x00\x00\x00\x00\x00\x00\x00\x00\x00\x00\
\x00\x00\x00\x00\x00\x00\x00\x00\x00\x00\x00\x00\x00\x00\x00\x00\
\x00\x00\x00\x00\x00\x00\x00\x00\x00\x00\x00\x00\x00\x00\x00\x00\
\x00/\xdd\xa0{\x00\x00\x00\x0ftRNS\x00\x04\x09\
\x0a;iu\x8f\x96\xbd\xbe\xd0\xd6\xe6\xf4\xdd ;\x84\
\x00\x00\x00\x80IDAT(S\xbd\xca\xc1\x0d@@\
\x10\x85\xe1\x87\x83\xab\x12\x94\xe0\xaa\x06E\xa8@\xa2\x03\
\x1d\xb8(@\x09.\xfapS\x83\x06D\x88\xe4\xd9\xac\
5;\xdb\x80w\x99\xfc\x93\x0f\xf8g\xb9\x8e\x18\xa8\xb6\
\xc2w\xd2\xcf\x988\xf8G\xc9\x0b\x0bO!\xc9\xc8\x1b\
5=)\xc9\x1d)\x85\x18\xc0\x16\xe8\x84\x18p\x98#\
\xc4\x01O\x1c\x10\x22\xe0#\x02\x1cQ\xe0%\x0a\xbcD\
\x03K4\xb0$\x00\x96h`I\x00\x80f\x0d\x1bQ\
\x86?\xf7\x00c<\x5c\x0b\x8d-\x9a\x13\x00\x00\x00\x00\
IEND\xaeB`\x82\
\x00\x00\x03<\
<\
!DOCTYPE svg PUB\
LIC \x22-//W3C//DTD\
 SVG 1.1//EN\x22 \x22h\
ttp://www.w3.org\
/Graphics/SVG/1.\
1/DTD/svg11.dtd\x22\
>\x0a\x0d<!-- Uploaded\
 to: SVG Repo, w\
ww.svgrepo.com, \
Transformed by: \
SVG Repo Mixer T\
ools -->\x0a<svg wi\
dth=\x22128px\x22 heig\
ht=\x22128px\x22 viewB\
ox=\x220 0 16 16\x22 f\
ill=\x22none\x22 xmlns\
=\x22http://www.w3.\
org/2000/svg\x22>\x0a\x0d\
<g id=\x22SVGRepo_b\
gCarrier\x22 stroke\
-width=\x220\x22/>\x0a\x0d<g\
 id=\x22SVGRepo_tra\
cerCarrier\x22 stro\
ke-linecap=\x22roun\
d\x22 stroke-linejo\
in=\x22round\x22/>\x0a\x0d<g\
 id=\x22SVGRepo_ico\
nCarrier\x22> <path\
 fill-rule=\x22even\
odd\x22 clip-rule=\x22\
evenodd\x22 d=\x22M4 0\
H12V2H16V4C16 6.\
45641 14.2286 8.\
49909 11.8936 8.\
92038C11.5537 10\
.3637 10.432 11.\
5054 9 11.874V14\
H12V16H4V14H7V11\
.874C5.56796 11.\
5054 4.44628 10.\
3637 4.1064 8.92\
038C1.77136 8.49\
909 0 6.45641 0 \
4V2H4V0ZM12 6.82\
929V4H14C14 5.30\
622 13.1652 6.41\
746 12 6.82929ZM\
4 4H2C2 5.30622 \
2.83481 6.41746 \
4 6.82929V4Z\x22 fi\
ll=\x22#EDEBD6\x22/> <\
/g>\x0a\x0d</svg>\
\x00\x00\x0cj\
<\
!DOCTYPE svg PUB\
LIC \x22-//W3C//DTD\
 SVG 1.1//EN\x22 \x22h\
ttp://www.w3.org\
/Graphics/SVG/1.\
1/DTD/svg11.dtd\x22\
>\x0a\x0d<!-- Uploaded\
 to: SVG Repo, w\
ww.svgrepo.com, \
Transformed by: \
SVG Repo Mixer T\
ools -->\x0a<svg ve\
rsion=\x221.0\x22 id=\x22\
Layer_1\x22 xmlns=\x22\
http://www.w3.or\
g/2000/svg\x22 xmln\
s:xlink=\x22http://\
www.w3.org/1999/\
xlink\x22 width=\x2212\
8px\x22 height=\x22128\
px\x22 viewBox=\x220 0\
 64 64\x22 enable-b\
ackground=\x22new 0\
 0 64 64\x22 xml:sp\
ace=\x22preserve\x22 f\
ill=\x22#000000\x22>\x0a\x0d\
<g id=\x22SVGRepo_b\
gCarrier\x22 stroke\
-width=\x220\x22/>\x0a\x0d<g\
 id=\x22SVGRepo_tra\
cerCarrier\x22 stro\
ke-linecap=\x22roun\
d\x22 stroke-linejo\
in=\x22round\x22/>\x0a\x0d<g\
 id=\x22SVGRepo_ico\
nCarrier\x22> <g> <\
path fill=\x22#EDEB\
D6\x22 d=\x22M31,7.663\
L2.516,0.067c-0.\
17-0.045-0.343-0\
.066-0.515-0.066\
c-0.437,0-0.866,\
0.142-1.22,0.413\
 C0.289,0.793,0,\
1.379,0,2v41.495\
l31,8.206V7.663z\
 M24.43,40.274C2\
4.304,40.714,23.\
903,41,23.469,41\
 c-0.092,0-0.184\
-0.013-0.275-0.0\
38L8.727,36.829c\
-0.531-0.152-0.8\
39-0.705-0.688-1\
.236c0.152-0.532\
,0.709-0.833,1.2\
36-0.688 l14.467\
,4.133C24.273,39\
.19,24.581,39.74\
3,24.43,40.274z \
M24.43,33.274C24\
.304,33.714,23.9\
03,34,23.469,34 \
c-0.092,0-0.184-\
0.013-0.275-0.03\
8L8.727,29.828c-\
0.531-0.152-0.83\
9-0.706-0.688-1.\
236c0.152-0.532,\
0.709-0.833,1.23\
6-0.688 l14.467,\
4.134C24.273,32.\
19,24.581,32.744\
,24.43,33.274z M\
24.43,26.274C24.\
304,26.714,23.90\
3,27,23.469,27 c\
-0.092,0-0.184-0\
.013-0.275-0.038\
L8.727,22.828c-0\
.531-0.152-0.839\
-0.706-0.688-1.2\
36c0.152-0.532,0\
.709-0.834,1.236\
-0.688 l14.467,4\
.134C24.273,25.1\
9,24.581,25.744,\
24.43,26.274z M2\
4.43,19.274C24.3\
04,19.714,23.903\
,20,23.469,20 c-\
0.092,0-0.184-0.\
013-0.275-0.038L\
8.727,15.828c-0.\
531-0.152-0.839-\
0.706-0.688-1.23\
6c0.152-0.532,0.\
709-0.833,1.236-\
0.688 l14.467,4.\
134C24.273,18.19\
,24.581,18.744,2\
4.43,19.274z\x22/> \
<path fill=\x22#EDE\
BD6\x22 d=\x22M63.219,\
0.414c-0.354-0.2\
71-0.784-0.413-1\
.221-0.413c-0.17\
2,0-0.345,0.022-\
0.514,0.066L33,7\
.663v44.038 l31-\
8.206V2C64,1.379\
,63.711,0.793,63\
.219,0.414z M39.\
424,32l14.467-4.\
134c0.528-0.145,\
1.084,0.155,1.23\
6,0.688 c0.151,0\
.53-0.156,1.084-\
0.688,1.236l-14.\
467,4.134c-0.092\
,0.025-0.184,0.0\
38-0.275,0.038c-\
0.435,0-0.835-0.\
286-0.961-0.726 \
C38.585,32.706,3\
8.893,32.152,39.\
424,32z M54.742,\
36.829l-14.467,4\
.133C40.184,40.9\
87,40.092,41,40,\
41 c-0.435,0-0.8\
35-0.286-0.961-0\
.726c-0.151-0.53\
1,0.156-1.084,0.\
688-1.236l14.467\
-4.133c0.528-0.1\
45,1.084,0.155,1\
.236,0.688 C55.5\
81,36.124,55.273\
,36.677,54.742,3\
6.829z M54.742,2\
2.828l-14.467,4.\
134C40.184,26.98\
7,40.092,27,40,2\
7 c-0.435,0-0.83\
5-0.286-0.961-0.\
726c-0.151-0.53,\
0.156-1.084,0.68\
8-1.236l14.467-4\
.134c0.528-0.146\
,1.084,0.155,1.2\
36,0.688 C55.581\
,22.122,55.273,2\
2.676,54.742,22.\
828z M54.742,15.\
828l-14.467,4.13\
4C40.184,19.987,\
40.092,20,40,20 \
c-0.435,0-0.835-\
0.286-0.961-0.72\
6c-0.151-0.53,0.\
156-1.084,0.688-\
1.236l14.467-4.1\
34c0.528-0.145,1\
.084,0.155,1.236\
,0.688 C55.581,1\
5.122,55.273,15.\
676,54.742,15.82\
8z\x22/> <polygon f\
ill=\x22#EDEBD6\x22 po\
ints=\x2231,53.77 0\
,45.564 0,47.495\
 31,55.701 \x22/> <\
polygon fill=\x22#E\
DEBD6\x22 points=\x223\
3,55.701 64,47.4\
95 64,45.564 33,\
53.77 \x22/> <path \
fill=\x22#EDEBD6\x22 d\
=\x22M35,58.034c0,1\
.657-1.343,3-3,3\
s-3-1.343-3-3c0-\
0.266,0.046-0.52\
,0.11-0.765L0,49\
.564v2.435 c0,0.\
906,0.609,1.699,\
1.484,1.933l25.8\
73,6.899C28.089,\
62.685,29.887,64\
,32,64s3.911-1.3\
15,4.643-3.169l2\
5.873-6.899 C63.\
391,53.698,64,52\
.905,64,51.999v-\
2.435L34.89,57.2\
7C34.954,57.515,\
35,57.769,35,58.\
034z\x22/> </g> </g\
>\x0a\x0d</svg>\
\x00\x00\x02\xda\
<\
!DOCTYPE svg PUB\
LIC \x22-//W3C//DTD\
 SVG 1.1//EN\x22 \x22h\
ttp://www.w3.org\
/Graphics/SVG/1.\
1/DTD/svg11.dtd\x22\
>\x0a\x0d<!-- Uploaded\
 to: SVG Repo, w\
ww.svgrepo.com, \
Transformed by: \
SVG Repo Mixer T\
ools -->\x0a<svg wi\
dth=\x22128px\x22 heig\
ht=\x22128px\x22 viewB\
ox=\x220 0 1024 102\
4\x22 xmlns=\x22http:/\
/www.w3.org/2000\
/svg\x22 fill=\x22#000\
000\x22>\x0a\x0d<g id=\x22SV\
GRepo_bgCarrier\x22\
 stroke-width=\x220\
\x22/>\x0a\x0d<g id=\x22SVGR\
epo_tracerCarrie\
r\x22 stroke-lineca\
p=\x22round\x22 stroke\
-linejoin=\x22round\
\x22/>\x0a\x0d<g id=\x22SVGR\
epo_iconCarrier\x22\
>\x0a\x0d<path fill=\x22#\
EDEBD6\x22 d=\x22M195.\
2 195.2a64 64 0 \
0 1 90.496 0L512\
 421.504 738.304\
 195.2a64 64 0 0\
 1 90.496 90.496\
L602.496 512 828\
.8 738.304a64 64\
 0 0 1-90.496 90\
.496L512 602.496\
 285.696 828.8a6\
4 64 0 0 1-90.49\
6-90.496L421.504\
 512 195.2 285.6\
96a64 64 0 0 1 0\
-90.496z\x22/>\x0a\x0d</g\
>\x0a\x0d</svg>\
\x00\x00\x03\x97\
<\
!DOCTYPE svg PUB\
LIC \x22-//W3C//DTD\
 SVG 1.1//EN\x22 \x22h\
ttp://www.w3.org\
/Graphics/SVG/1.\
1/DTD/svg11.dtd\x22\
>\x0a\x0d<!-- Uploaded\
 to: SVG Repo, w\
ww.svgrepo.com, \
Transformed by: \
SVG Repo Mixer T\
ools -->\x0a<svg wi\
dth=\x22128px\x22 heig\
ht=\x22128px\x22 viewB\
ox=\x22-0.5 0 8 8\x22 \
version=\x221.1\x22 xm\
lns=\x22http://www.\
w3.org/2000/svg\x22\
 xmlns:xlink=\x22ht\
tp://www.w3.org/\
1999/xlink\x22 fill\
=\x22#000000\x22>\x0a\x0d<g \
id=\x22SVGRepo_bgCa\
rrier\x22 stroke-wi\
dth=\x220\x22/>\x0a\x0d<g id\
=\x22SVGRepo_tracer\
Carrier\x22 stroke-\
linecap=\x22round\x22 \
stroke-linejoin=\
\x22round\x22/>\x0a\x0d<g id\
=\x22SVGRepo_iconCa\
rrier\x22> <title>p\
lay [#1001]</tit\
le> <desc>Create\
d with Sketch.</\
desc> <defs> </d\
efs> <g id=\x22Page\
-1\x22 stroke=\x22none\
\x22 stroke-width=\x22\
1\x22 fill=\x22none\x22 f\
ill-rule=\x22evenod\
d\x22> <g id=\x22Dribb\
ble-Light-Previe\
w\x22 transform=\x22tr\
anslate(-427.000\
000, -3765.00000\
0)\x22 fill=\x22#FEF5D\
6\x22> <g id=\x22icons\
\x22 transform=\x22tra\
nslate(56.000000\
, 160.000000)\x22> \
<polygon id=\x22pla\
y-[#1001]\x22 point\
s=\x22371 3605 371 \
3613 378 3609\x22> \
</polygon> </g> \
</g> </g> </g>\x0a\x0d\
</svg>\
"

qt_resource_name = b"\
\x00\x05\
\x00o\xa6S\
\x00i\
\x00c\x00o\x00n\x00s\
\x00\x05\
\x00me\xb3\
\x00f\
\x00o\x00n\x00t\x00s\
\x00\x16\
\x0c,\xe5f\
\x00N\
\x00u\x00n\x00i\x00t\x00o\x00S\x00a\x00n\x00s\x00-\x00R\x00e\x00g\x00u\x00l\x00a\
\x00r\x00.\x00t\x00t\x00f\
\x00\x17\
\x00\x9b\x1c\xa6\
\x00N\
\x00u\x00n\x00i\x00t\x00o\x00S\x00a\x00n\x00s\x00-\x00S\x00e\x00m\x00i\x00B\x00o\
\x00l\x00d\x00.\x00t\x00t\x00f\
\x00\x0e\
\x04\xac<\xa7\
\x00d\
\x00o\x00w\x00n\x00-\x00a\x00r\x00r\x00o\x00w\x00.\x00p\x00n\x00g\
\x00\x0f\
\x06\xbf_g\
\x00t\
\x00r\x00o\x00p\x00h\x00y\x00_\x00i\x00c\x00o\x00n\x00.\x00s\x00v\x00g\
\x00\x0d\
\x0c\xadp\x87\
\x00b\
\x00o\x00o\x00k\x00_\x00i\x00c\x00o\x00n\x00.\x00s\x00v\x00g\
\x00\x0e\
\x00\xb2+G\
\x00c\
\x00l\x00o\x00s\x00e\x00_\x00i\x00c\x00o\x00n\x00.\x00s\x00v\x00g\
\x00\x0d\
\x080\xb0\xe7\
\x00p\
\x00l\x00a\x00y\x00_\x00i\x00c\x00o\x00n\x00.\x00s\x00v\x00g\
"

qt_resource_struct = b"\
\x00\x00\x00\x00\x00\x02\x00\x00\x00\x02\x00\x00\x00\x01\
\x00\x00\x00\x00\x00\x00\x00\x00\
\x00\x00\x00\x10\x00\x02\x00\x00\x00\x01\x00\x00\x00\x08\
\x00\x00\x00\x00\x00\x00\x00\x00\
\x00\x00\x00\x00\x00\x02\x00\x00\x00\x05\x00\x00\x00\x03\
\x00\x00\x00\x00\x00\x00\x00\x00\
\x00\x00\x00\xec\x00\x00\x00\x00\x00\x01\x00\x02\xd8\xab\
\x00\x00\x01\x96\xd4\xbc\x0b\xc2\
\x00\x00\x00\x86\x00\x00\x00\x00\x00\x01\x00\x02\xc7\xa0\
\x00\x00\x01\x96\xf3M\xa2\xc7\
\x00\x00\x00\xa8\x00\x00\x00\x00\x00\x01\x00\x02\xc8\xfd\
\x00\x00\x01\x96\xd8\xb5\xa1a\
\x00\x00\x01\x0e\x00\x00\x00\x00\x00\x01\x00\x02\xdb\x89\
\x00\x00\x01\x96\xd4\x89\xf3\xad\
\x00\x00\x00\xcc\x00\x00\x00\x00\x00\x01\x00\x02\xcc=\
\x00\x00\x01\x96\xd4\xbbY\x14\
\x00\x00\x00\x10\x00\x02\x00\x00\x00\x02\x00\x00\x00\x09\
\x00\x00\x00\x00\x00\x00\x00\x00\
\x00\x00\x00R\x00\x00\x00\x00\x00\x01\x00\x01eH\
\x00\x00\x01\x96\xd9\xd4a\x91\
\x00\x00\x00 \x00\x00\x00\x00\x00\x01\x00\x00\x00\x00\
\x00\x00\x01\x96\xd9\xd4aq\
"

def qInitResources():
    QtCore.qRegisterResourceData(0x03, qt_resource_struct, qt_resource_name, qt_resource_data)

def qCleanupResources():
    QtCore.qUnregisterResourceData(0x03, qt_resource_struct, qt_resource_name, qt_resource_data)

qInitResources()
